kato,kato_version,level,type_code,name_ru,name_kk
100000000,NK RK 11-2025,oblast,0,область Абай,Абай облысы
101000000,NK RK 11-2025,district,1,Семей Г.А.,Семей Қ.Ә.
101010000,NK RK 11-2025,sub_district,1,г.Семей,Семей қ.
101800000,NK RK 11-2025,district,1,Курчатов Г.А.,Курчатов Қ.Ә.
101810000,NK RK 11-2025,sub_district,1,г.Курчатов,Курчатов қ.
103200000,NK RK 11-2025,district,2,Абайский район,Абай ауданы
103230000,NK RK 11-2025,sub_district,2,Карааульский с.о.,Қараауыл а.о.
103230100,NK RK 11-2025,settlement,2,с.Карааул,Қараауыл а.
103233000,NK RK 11-2025,sub_district,2,Кенгирбайбийский с.о,Кеңгірбай би а.о.
103233100,NK RK 11-2025,settlement,2,с.Кенгирбай би,Кеңгірбай би а.
103233127,NK RK 11-2025,settlement,2,с.Жидебай,Жидебай а.
103235000,NK RK 11-2025,sub_district,2,Архатский с.о.,Арқат а.о.
103235100,NK RK 11-2025,settlement,2,с.Архат,Арқат а.
103235500,NK RK 11-2025,settlement,2,с.Орда,Орда а.
103239000,NK RK 11-2025,sub_district,2,Каскабулакский с.о.,Қасқабұлақ а.о.
103239100,NK RK 11-2025,settlement,2,с.Каскабулак,Қасқабұлақ а.
103239400,NK RK 11-2025,settlement,2,с.Борлы,Борлы а.
103243000,NK RK 11-2025,sub_district,2,Кундыздинский с.о.,Құндызды а.о.
103243100,NK RK 11-2025,settlement,2,с.Журекадыр,Жүрекадыр а.
103243134,NK RK 11-2025,settlement,2,с.Мендеке,Мендеке а.
103243135,NK RK 11-2025,settlement,2,с.Жанаарна,Жаңаарна а.
103245000,NK RK 11-2025,sub_district,2,Медеуский с.о.,Медеу а.о.
103245100,NK RK 11-2025,settlement,2,с.Медеу,Медеу а.
103247000,NK RK 11-2025,sub_district,2,Кокбайский с.о.,Көкбай а.о.
103247100,NK RK 11-2025,settlement,2,с.Кокбай,Көкбай а.
103247117,NK RK 11-2025,settlement,2,с.Баянкар,Баянқар а.
103247164,NK RK 11-2025,settlement,2,с.Рамазан,Рамазан а.
103249000,NK RK 11-2025,sub_district,2,Токтамысский с.о,Тоқтамыс а.о.
103249100,NK RK 11-2025,settlement,2,с.Токтамыс,Тоқтамыс а.
103253000,NK RK 11-2025,sub_district,2,Сарыжалский с.о.,Сарыжал а.о.
103253100,NK RK 11-2025,settlement,2,с.Сарыжал,Сарыжал а.
103400000,NK RK 11-2025,district,2,район Ақсуат,Ақсуат ауданы
103430000,NK RK 11-2025,sub_district,2,Аксуатский с.о.,Ақсуат а.о.
103430100,NK RK 11-2025,settlement,2,с.Аксуат,Ақсуат а.
103430115,NK RK 11-2025,settlement,2,с.Училище,Училище а.
103433000,NK RK 11-2025,sub_district,2,Екпинский с.о.,Екпін а.о.
103433100,NK RK 11-2025,settlement,2,с.Екпин,Екпін а.
103433103,NK RK 11-2025,settlement,2,с.Жанатилек,Жаңатілек а.
103433104,NK RK 11-2025,settlement,2,с.Кызылкайын,Қызылқайың а.
103433106,NK RK 11-2025,settlement,2,Лагерь,Лагер
103433107,NK RK 11-2025,settlement,2,с.Суттиген,Сүттиген а.
103433108,NK RK 11-2025,settlement,2,Туйебаз,Түйебаз
103433109,NK RK 11-2025,settlement,2,с.Хасен,Хасен а.
103433111,NK RK 11-2025,settlement,2,Шифербаз,Шифербаз
103433113,NK RK 11-2025,settlement,2,с.Читобе,Шитөбе а.
103433114,NK RK 11-2025,settlement,2,с.Актас,Ақтас а.
103433115,NK RK 11-2025,settlement,2,с.Бердибай,Бердібай а.
103433116,NK RK 11-2025,settlement,2,Куйгенкора,Күйгенқора
103433117,NK RK 11-2025,settlement,2,с.Нарын,Нарын а.
103433118,NK RK 11-2025,settlement,2,с.Акбаз-1,Ақбаз-1 а.
103433119,NK RK 11-2025,settlement,2,с.Наум,Наум а.
103433121,NK RK 11-2025,settlement,2,с.Акшагыл,Ақшағыл а.
103433122,NK RK 11-2025,settlement,2,с.Атакан,Атақан а.
103433123,NK RK 11-2025,settlement,2,с.Барлыбай,Барлыбай а.
103433124,NK RK 11-2025,settlement,2,с.Бектур,Бектұр а.
103433125,NK RK 11-2025,settlement,2,с.Бесбастау,Бесбастау а.
103433126,NK RK 11-2025,settlement,2,с.Дос,Дос а.
103433127,NK RK 11-2025,settlement,2,с.Жалпак,Жалпақ а.
103433128,NK RK 11-2025,settlement,2,с.Жанузак,Жанұзақ а.
103433129,NK RK 11-2025,settlement,2,с.Жумакан-1,Жұмақан-1 а.
103433131,NK RK 11-2025,settlement,2,с.Жумакан-2,Жұмақан-2 а.
103433132,NK RK 11-2025,settlement,2,с.Какебай,Кәкебай а.
103433133,NK RK 11-2025,settlement,2,с.Касенгажи,Қасенғажы а.
103433134,NK RK 11-2025,settlement,2,с.Кармыс,Қармыс а.
103433135,NK RK 11-2025,settlement,2,с.Конакбай,Қонақбай а.
103433136,NK RK 11-2025,settlement,2,с.Кызбай,Қызбай а.
103433137,NK RK 11-2025,settlement,2,с.Кунбосын,Күнбосын а.
103433138,NK RK 11-2025,settlement,2,с.Зекен-1,Зекен-1 а.
103433139,NK RK 11-2025,settlement,2,с.Зекен-2,Зекен-2 а.
103433141,NK RK 11-2025,settlement,2,с.Майса,Майса а.
103433142,NK RK 11-2025,settlement,2,с.Манак,Манақ а.
103433143,NK RK 11-2025,settlement,2,с.Мухаметжан,Мұхаметжан а.
103433144,NK RK 11-2025,settlement,2,с.Нуртаза,Нұртаза а.
103433145,NK RK 11-2025,settlement,2,с.Оралбай,Оралбай а.
103433146,NK RK 11-2025,settlement,2,с.Оскенбай,Өскенбай а.
103433147,NK RK 11-2025,settlement,2,с.Пштахан,Пштахан а.
103433148,NK RK 11-2025,settlement,2,с.Сарбастау,Сарбастау а.
103433149,NK RK 11-2025,settlement,2,с.Темиртек,Теміртек а.
103433151,NK RK 11-2025,settlement,2,с.Шонтайбек,Шонтайбек а.
103433200,NK RK 11-2025,settlement,2,с.Аккала,Аққала а.
103433203,NK RK 11-2025,settlement,2,с.Байбалта,Байбалта а.
103433205,NK RK 11-2025,settlement,2,с.Шубарши,Шұбаршы а.
103435000,NK RK 11-2025,sub_district,2,Кокжиринский с.о.,Көкжыра а.о.
103435100,NK RK 11-2025,settlement,2,с.Кокжыра,Көкжыра а.
103435200,NK RK 11-2025,settlement,2,с.Базарга,Базарға а.
103435202,NK RK 11-2025,settlement,2,с.Алмас,Алмас а.
103435203,NK RK 11-2025,settlement,2,с.Байкара,Байқара а.
103435204,NK RK 11-2025,settlement,2,с.Дулагали,Дулағали а.
103435205,NK RK 11-2025,settlement,2,с.Жаскайрат,Жасқайрат а.
103435206,NK RK 11-2025,settlement,2,с.Жанабаз,Жаңабаз а.
103435207,NK RK 11-2025,settlement,2,с.Караоба,Қараоба а.
103435208,NK RK 11-2025,settlement,2,с.Кишкенетау,Кішкенетау а.
103435209,NK RK 11-2025,settlement,2,с.Базаршат,Базаршат а.
103435211,NK RK 11-2025,settlement,2,с.Каражал,Қаражал а.
103435500,NK RK 11-2025,settlement,2,с.Мурсалим,Мүрсәлім а.
103435502,NK RK 11-2025,settlement,2,с.Адилхан,Әділхан а.
103435503,NK RK 11-2025,settlement,2,с.Апырым,Апырым а.
103435504,NK RK 11-2025,settlement,2,с.Дендагул,Дендагүл а.
103435505,NK RK 11-2025,settlement,2,с.Кымбат,Қымбат а.
103435506,NK RK 11-2025,settlement,2,с.Кошкин,Көшкін а.
103435507,NK RK 11-2025,settlement,2,с.Маше,Маше а.
103435508,NK RK 11-2025,settlement,2,с.Мырзабай,Мырзабай а.
103435509,NK RK 11-2025,settlement,2,с.Орак,Орақ а.
103435511,NK RK 11-2025,settlement,2,с.Ракыш,Рақыш а.
103435513,NK RK 11-2025,settlement,2,с.Сарыбайбосын,Сарыбайбосын а.
103435515,NK RK 11-2025,settlement,2,с.Сейсеке,Сейсеке а.
103435516,NK RK 11-2025,settlement,2,с.Асемжан,Әсемжан а.
103435517,NK RK 11-2025,settlement,2,с.Азимхан,Әзімхан а.
103435518,NK RK 11-2025,settlement,2,с.Аксакал,Ақсақал а.
103435519,NK RK 11-2025,settlement,2,с.Ахмади,Ахмади а.
103435521,NK RK 11-2025,settlement,2,с.Боранбай,Боранбай а.
103435522,NK RK 11-2025,settlement,2,с.Ермухан,Ермұхан а.
103435523,NK RK 11-2025,settlement,2,с.Жоныс,Жоныс а.
103435524,NK RK 11-2025,settlement,2,с.Жумахан,Жұмахан а.
103435525,NK RK 11-2025,settlement,2,с.Мазабай,Мазабай а.
103435526,NK RK 11-2025,settlement,2,с.Мухажан,Мұқажан а.
103435527,NK RK 11-2025,settlement,2,с.Пима,Пима а.
103435528,NK RK 11-2025,settlement,2,с.Токтар,Тоқтар а.
103435529,NK RK 11-2025,settlement,2,с.Шаяхмет,Шаяхмет а.
103435531,NK RK 11-2025,settlement,2,с.Мешел,Мешел а.
103435532,NK RK 11-2025,settlement,2,с.Актубек,Ақтүбек а.
103435533,NK RK 11-2025,settlement,2,с.Акшал,Ақшал а.
103435534,NK RK 11-2025,settlement,2,с.Амре,Амре а.
103435535,NK RK 11-2025,settlement,2,с.Камза,Қамза а.
103435536,NK RK 11-2025,settlement,2,с.Сарша,Сарша а.
103435600,NK RK 11-2025,settlement,2,с.Сериктес,Серіктес а.
103435602,NK RK 11-2025,settlement,2,с.Алау,Алау а.
103435603,NK RK 11-2025,settlement,2,с.Молдабек,Молдабек а.
103435604,NK RK 11-2025,settlement,2,ЛСП,ЛСП
103437000,NK RK 11-2025,sub_district,2,Киндиктинский с.о.,Кіндікті а.о.
103437100,NK RK 11-2025,settlement,2,с.Киндикты,Кіндікті а.
103437102,NK RK 11-2025,settlement,2,с.Кенжалы,Кеңжалы а.
103437103,NK RK 11-2025,settlement,2,с.Умбет,Үмбет а.
103437104,NK RK 11-2025,settlement,2,с.Армандастар,Армандастар а.
103437105,NK RK 11-2025,settlement,2,с.Сепкожа,Сепқожа а.
103437106,NK RK 11-2025,settlement,2,с.Сарыбулак,Сарыбұлақ а.
103437107,NK RK 11-2025,settlement,2,с.Актогай,Ақтоғай а.
103437108,NK RK 11-2025,settlement,2,с.Арап,Арап а.
103437109,NK RK 11-2025,settlement,2,с.Аяган,Аяған а.
103437111,NK RK 11-2025,settlement,2,с.Болсынбек,Болсынбек а.
103437112,NK RK 11-2025,settlement,2,с.Карман,Қарман а.
103437113,NK RK 11-2025,settlement,2,с.Марсембай,Мәрсембай а.
103437114,NK RK 11-2025,settlement,2,с.Шан,Шаң а.
103437115,NK RK 11-2025,settlement,2,с.Жанабай-Жакып,Жаңабай-Жақып а.
103437200,NK RK 11-2025,settlement,2,с.Алгабас,Алғабас а.
103437202,NK RK 11-2025,settlement,2,с.Акжал,Ақжал а.
103437203,NK RK 11-2025,settlement,2,с.Ашудас,Ашудас а.
103437204,NK RK 11-2025,settlement,2,с.Зейнолла,Зейнолла а.
103437205,NK RK 11-2025,settlement,2,с.Ораз,Ораз а.
103437206,NK RK 11-2025,settlement,2,с.Отебай,Өтебай а.
103437207,NK RK 11-2025,settlement,2,с.Сандыктас,Сандықтас а.
103437208,NK RK 11-2025,settlement,2,с.Умитхан,Үмітхан а.
103439000,NK RK 11-2025,sub_district,2,Кумгольский с.о.,Құмкөл а.о.
103439100,NK RK 11-2025,settlement,2,с.Кумголь,Құмкөл а.
103439103,NK RK 11-2025,settlement,2,с. Абылхаир,Әбілхайыр а.
103439104,NK RK 11-2025,settlement,2,с.Акбаз,Ақбаз а.
103439105,NK RK 11-2025,settlement,2,с.Актыбай,Ақтыбай а.
103439107,NK RK 11-2025,settlement,2,с.Дон,Дөң а.
103439108,NK RK 11-2025,settlement,2,с.Иманбай,Иманбай а.
103439109,NK RK 11-2025,settlement,2,с.Кайракбай,Қайрақбай а.
103439111,NK RK 11-2025,settlement,2,с.Каныпхан,Қаныпхан а.
103439112,NK RK 11-2025,settlement,2,с.Мырзахан,Мырзахан а.
103439113,NK RK 11-2025,settlement,2,с.Обши,Обши а.
103439114,NK RK 11-2025,settlement,2,с.Рахия,Рахия а.
103439115,NK RK 11-2025,settlement,2,с.Саятбай,Саятбай а.
103439116,NK RK 11-2025,settlement,2,с.Уштобе,Үштөбе а.
103439117,NK RK 11-2025,settlement,2,с.Шымголхан,Шымғолхан а.
103439118,NK RK 11-2025,settlement,2,с.Киров,Киров а.
103439119,NK RK 11-2025,settlement,2,с.Солтыбай,Солтыбай а.
103439200,NK RK 11-2025,settlement,2,с.Кокбастау,Көкбастау а.
103439202,NK RK 11-2025,settlement,2,с.Адил,Әділ а.
103439203,NK RK 11-2025,settlement,2,с.Байшуак,Байшуақ а.
103439204,NK RK 11-2025,settlement,2,с.Бахтен,Бақтен а.
103439205,NK RK 11-2025,settlement,2,с.Битимбай,Бітімбай а.
103439206,NK RK 11-2025,settlement,2,с.Жанабай,Жаңабай а.
103439207,NK RK 11-2025,settlement,2,с.Жыланды,Жыланды а.
103439208,NK RK 11-2025,settlement,2,с.Карче,Карче а.
103439209,NK RK 11-2025,settlement,2,с.Кожамжар,Қожамжар а.
103439211,NK RK 11-2025,settlement,2,с.Косбастау,Қосбастау а.
103439213,NK RK 11-2025,settlement,2,Кызылкора,Қызылқора
103439217,NK RK 11-2025,settlement,2,с.Рахымбай,Рақымбай а.
103439219,NK RK 11-2025,settlement,2,с.Сертекбай,Сертекбай а.
103439221,NK RK 11-2025,settlement,2,с.Сункар,Сұңқар а.
103439223,NK RK 11-2025,settlement,2,с.Тасбастау,Тасбастау а.
103439225,NK RK 11-2025,settlement,2,с.Толениш,Төленіш а.
103439227,NK RK 11-2025,settlement,2,с.Шапат,Шапат а.
103439228,NK RK 11-2025,settlement,2,Жакты,Жақты
103439229,NK RK 11-2025,settlement,2,с.Такия кеткен,Тақия кеткен а.
103439231,NK RK 11-2025,settlement,2,с.Плотина,Плотина а.
103439232,NK RK 11-2025,settlement,2,с.Соркора,Сорқора а.
103439233,NK RK 11-2025,settlement,2,с.Казы,Қазы а.
103439234,NK RK 11-2025,settlement,2,с.Егинбай,Егінбай а.
103439235,NK RK 11-2025,settlement,2,с.Садубай,Садубай а.
103439236,NK RK 11-2025,settlement,2,с.Баянды,Баянды а.
103439237,NK RK 11-2025,settlement,2,с.Тебиске,Тебіске а.
103439238,NK RK 11-2025,settlement,2,с.Жакып,Жақып а.
103439239,NK RK 11-2025,settlement,2,с.Отейсуы,Өтейсуы а.
103439241,NK RK 11-2025,settlement,2,с.Испе,Испе а.
103439242,NK RK 11-2025,settlement,2,с.Ахмади,Ахмади а.
103439243,NK RK 11-2025,settlement,2,с.Коспа,Қоспа а.
103439244,NK RK 11-2025,settlement,2,с.Битембай,Бітембай а.
103439245,NK RK 11-2025,settlement,2,с.Оскан,Осқан а.
103439246,NK RK 11-2025,settlement,2,с.Зергер,Зергер а.
103439247,NK RK 11-2025,settlement,2,с.Каргин,Қарғын а.
103439300,NK RK 11-2025,settlement,2,с.Каргыба,Қарғыба а.
103439302,NK RK 11-2025,settlement,2,с.Айдабол,Айдабол а.
103439303,NK RK 11-2025,settlement,2,с.Байкан,Байқан а.
103439304,NK RK 11-2025,settlement,2,Жамануй,Жаманүй
103439305,NK RK 11-2025,settlement,2,с.Ержан,Ержан а.
103439306,NK RK 11-2025,settlement,2,с.Каратал 1,Қаратал 1 а.
103439307,NK RK 11-2025,settlement,2,с.Каратал 2,Қаратал 2 а.
103439308,NK RK 11-2025,settlement,2,с.Кенесбай,Кеңесбай а.
103439309,NK RK 11-2025,settlement,2,с.Томар,Томар а.
103439311,NK RK 11-2025,settlement,2,с.Шыбынды,Шыбынды а.
103439313,NK RK 11-2025,settlement,2,с.Шункыроба,Шұңқыроба а.
103439314,NK RK 11-2025,settlement,2,с.Диирмен,Диірмен а.
103439400,NK RK 11-2025,settlement,2,с.Кызылжулдыз,Қызылжұлдыз а.
103439402,NK RK 11-2025,settlement,2,Огород,Бақша
103439403,NK RK 11-2025,settlement,2,с.Бруцеллез,Бруцеллез а.
103439404,NK RK 11-2025,settlement,2,с.60 жылдык,Алпысжылдық а.
103439405,NK RK 11-2025,settlement,2,с.Карасу,Қарасу а.
103439406,NK RK 11-2025,settlement,2,с.Тебиске,Тебіске а.
103439407,NK RK 11-2025,settlement,2,с.Тортжатыр,Төртжатыр а.
103439408,NK RK 11-2025,settlement,2,Шекара,Шекара
103439409,NK RK 11-2025,settlement,2,с.Ержан,Ержан а.
103439411,NK RK 11-2025,settlement,2,с.Тлебалды база,Тілебалды база а.
103439412,NK RK 11-2025,settlement,2,с.Кайнар база,Қайнар база а.
103439413,NK RK 11-2025,settlement,2,с.Кабдеш база,Қабдеш база а.
103439414,NK RK 11-2025,settlement,2,с.Байкан,Байқан а.
103441000,NK RK 11-2025,sub_district,2,Кызылкесекский с.о.,Қызылкесек а.о.
103441100,NK RK 11-2025,settlement,2,с.Кызылкесек,Қызылкесек а.
103441105,NK RK 11-2025,settlement,2,с.Байгали,Байғали а.
103441106,NK RK 11-2025,settlement,2,с.Бердике,Бердіке а.
103441109,NK RK 11-2025,settlement,2,с.Исатай,Исатай а.
103441115,NK RK 11-2025,settlement,2,с.Кенесбай,Кеңесбай а.
103441129,NK RK 11-2025,settlement,2,с.Куан,Қуан а.
103441200,NK RK 11-2025,settlement,2,с.Егиндибулак,Егіндібұлақ а.
103441202,NK RK 11-2025,settlement,2,с.Алак,Алақ а.
103441203,NK RK 11-2025,settlement,2,с.Есенкара,Есенқара а.
103441204,NK RK 11-2025,settlement,2,с.Жанузак,Жанұзақ а.
103441205,NK RK 11-2025,settlement,2,с.Жинишке,Жіңішке а.
103441206,NK RK 11-2025,settlement,2,с.Журтыбай,Жұртыбай а.
103441207,NK RK 11-2025,settlement,2,с.Карашаш,Қарашаш а.
103441208,NK RK 11-2025,settlement,2,с.Кожаберген,Қожаберген а.
103441209,NK RK 11-2025,settlement,2,с.Майлышат,Майлышат а.
103441211,NK RK 11-2025,settlement,2,с.Мойылды,Мойылды а.
103441213,NK RK 11-2025,settlement,2,с.Муздысай,Мұздысай а.
103441214,NK RK 11-2025,settlement,2,с.Егиндибулак 2,Егіндібұлақ 2 а.
103441215,NK RK 11-2025,settlement,2,с.Талдыбулак,Талдыбұлақ а.
103441217,NK RK 11-2025,settlement,2,с.Токсанбай,Тоқсанбай а.
103441219,NK RK 11-2025,settlement,2,с.Ушкара,Үшқара а.
103441221,NK RK 11-2025,settlement,2,с.Шона,Шона а.
103441222,NK RK 11-2025,settlement,2,с.Шетбогас,Шетбоғас а.
103441223,NK RK 11-2025,settlement,2,с.Агымбай,Ағымбай а.
103441224,NK RK 11-2025,settlement,2,с.Актубек,Ақтүбек а.
103441225,NK RK 11-2025,settlement,2,с.Арап,Арап а.
103441226,NK RK 11-2025,settlement,2,с.Аюбай,Аюбай а.
103441227,NK RK 11-2025,settlement,2,с.Даутбай,Дәуітбай а.
103441228,NK RK 11-2025,settlement,2,с.Жаркен,Жәркен а.
103441229,NK RK 11-2025,settlement,2,с.Еспе,Еспе а.
103441231,NK RK 11-2025,settlement,2,с.Егиндибулак,Егіндібұлақ а.
103441232,NK RK 11-2025,settlement,2,с.Коктобе,Көктөбе а.
103441233,NK RK 11-2025,settlement,2,с.Караагаш,Қараағаш а.
103441234,NK RK 11-2025,settlement,2,с.Косылбек,Қосылбек а.
103441235,NK RK 11-2025,settlement,2,с.Такас,Тақас а.
103441236,NK RK 11-2025,settlement,2,с.Егиндибулак 2,Егіндібұлақ 2 а.
103441237,NK RK 11-2025,settlement,2,с.Каратакыр,Қаратақыр а.
103441238,NK RK 11-2025,settlement,2,с.Кул,Құл а.
103441239,NK RK 11-2025,settlement,2,с.Мамыжан,Мамыжан а.
103441241,NK RK 11-2025,settlement,2,с.Сама,Сама а.
103441242,NK RK 11-2025,settlement,2,с.Бакалы,Бақалы а.
103441243,NK RK 11-2025,settlement,2,с.Жумагул,Жұмагүл а.
103441244,NK RK 11-2025,settlement,2,с.Жылыбет,Жылыбет а.
103441245,NK RK 11-2025,settlement,2,с.Байорал,Байорал а.
103441246,NK RK 11-2025,settlement,2,с.Туйебаз,Түйебаз а.
103441400,NK RK 11-2025,settlement,2,с.Уштобе,Үштөбе а.
103441402,NK RK 11-2025,settlement,2,с.Амантай,Амантай а.
103441403,NK RK 11-2025,settlement,2,с.Бакалы,Бақалы а.
103441404,NK RK 11-2025,settlement,2,с.Досымхан,Досымхан а.
103441405,NK RK 11-2025,settlement,2,с.Жангизтал,Жаңғызтал а.
103441406,NK RK 11-2025,settlement,2,с.Караша,Қараша а.
103441407,NK RK 11-2025,settlement,2,с.Каражал,Қаражал а.
103441408,NK RK 11-2025,settlement,2,с.Касым,Қасым а.
103441409,NK RK 11-2025,settlement,2,с.Коскызыл,Қосқызыл а.
103441411,NK RK 11-2025,settlement,2,с.Койтас,Қойтас а.
103441413,NK RK 11-2025,settlement,2,с.Кызбике,Қызбике а.
103441415,NK RK 11-2025,settlement,2,с.Кызыломар,Қызыломар а.
103441417,NK RK 11-2025,settlement,2,с.Кулбулагы,Көлбўлағы а.
103441419,NK RK 11-2025,settlement,2,с.Сауле,Сәуле а.
103441421,NK RK 11-2025,settlement,2,с.Самет,Сәмет а.
103441423,NK RK 11-2025,settlement,2,с.Тауык,Тауық а.
103441425,NK RK 11-2025,settlement,2,с.Талдыбазар,Талдыбазар а.
103441427,NK RK 11-2025,settlement,2,с.Хамкожан,Хамқожан а.
103441429,NK RK 11-2025,settlement,2,с.Шынтемир,Шынтемір а.
103441431,NK RK 11-2025,settlement,2,с.Шынтай,Шынтай а.
103441432,NK RK 11-2025,settlement,2,с.Саршокы,Саршоқы а.
103441433,NK RK 11-2025,settlement,2,с.Кокия,Қоқия а.
103441434,NK RK 11-2025,settlement,2,с.Аманбай,Аманбай а.
103441435,NK RK 11-2025,settlement,2,с.Елеусиз,Елеусіз а.
103441436,NK RK 11-2025,settlement,2,с.Аккудык,Аққұдық а.
103441437,NK RK 11-2025,settlement,2,с.Дара,Дара а.
103441438,NK RK 11-2025,settlement,2,с.Алипбайали,Әліпбайәлі а.
103441439,NK RK 11-2025,settlement,2,с.Елаул,Елаул а.
103441441,NK RK 11-2025,settlement,2,с.Байшойын,Байшойын а.
103441442,NK RK 11-2025,settlement,2,с.Акжайляу,Ақжайлау а.
103441443,NK RK 11-2025,settlement,2,с.Абат,Абат а.
103441444,NK RK 11-2025,settlement,2,с.Акбаз,Ақбаз а.
103441445,NK RK 11-2025,settlement,2,с.Алшын,Алшын а.
103441446,NK RK 11-2025,settlement,2,с.Ералы,Ералы а.
103441447,NK RK 11-2025,settlement,2,с.Зергер,Зергер а.
103441448,NK RK 11-2025,settlement,2,с.Итбай,Итбай а.
103441449,NK RK 11-2025,settlement,2,с.Кабыш,Қабыш а.
103441451,NK RK 11-2025,settlement,2,с.Максим Горький,Максим Горький а.
103441452,NK RK 11-2025,settlement,2,с.Молдажар,Молдажар а.
103441453,NK RK 11-2025,settlement,2,с.Лаубай,Лаубай а.
103441454,NK RK 11-2025,settlement,2,с.Сарыозек,Сарыөзек а.
103441455,NK RK 11-2025,settlement,2,с.Томар,Томар а.
103441456,NK RK 11-2025,settlement,2,с.Торебек,Төребек а.
103443000,NK RK 11-2025,sub_district,2,Ойшиликский с.о.,Ойшылық а.о.
103443100,NK RK 11-2025,settlement,2,с.Ойшилик,Ойшылық а.
103443102,NK RK 11-2025,settlement,2,с.Жыргалы,Жырғалы а.
103443103,NK RK 11-2025,settlement,2,с.Коккемир,Көккемір а.
103443104,NK RK 11-2025,settlement,2,с.Конысбай,Қонысбай а.
103443105,NK RK 11-2025,settlement,2,с.Ортаойшылык,Ортаойшылық а.
103443106,NK RK 11-2025,settlement,2,с.Узынбулак,Ұзынбұлақ а.
103443107,NK RK 11-2025,settlement,2,с.Ескикокемер,Ескікөкемер а.
103443108,NK RK 11-2025,settlement,2,с.Жанакокемер,Жаңакөкемер а.
103443109,NK RK 11-2025,settlement,2,с.Жыргалы,Жырғалы а.
103443111,NK RK 11-2025,settlement,2,с.Тасбастау,Тасбастау а.
103443112,NK RK 11-2025,settlement,2,с.Карабастау,Қарабастау а.
103443113,NK RK 11-2025,settlement,2,с.Шилебастау,Шілебастау а.
103443200,NK RK 11-2025,settlement,2,с.Айнабастау,Айнабастау а.
103443202,NK RK 11-2025,settlement,2,с.Жартас,Жартас а.
103443203,NK RK 11-2025,settlement,2,с.Карасай,Қарасай а.
103443204,NK RK 11-2025,settlement,2,с.Кайранбай,Қайранбай а.
103443205,NK RK 11-2025,settlement,2,с.Кыземшек,Қыземшек а.
103443206,NK RK 11-2025,settlement,2,с.Суан,Суан а.
103443207,NK RK 11-2025,settlement,2,с.Такыр,Тақыр а.
103443208,NK RK 11-2025,settlement,2,с.Шору,Шору а.
103443209,NK RK 11-2025,settlement,2,с.Шилибастау,Шилібастау а.
103443211,NK RK 11-2025,settlement,2,с.Шобире,Шөбіре а.
103443300,NK RK 11-2025,settlement,2,с.Акжол,Ақжол а.
103443302,NK RK 11-2025,settlement,2,с.Бекбай,Бекбай а.
103443304,NK RK 11-2025,settlement,2,с.Билеуши,Билеуші а.
103443305,NK RK 11-2025,settlement,2,с.Бимырза,Бимырза а.
103443307,NK RK 11-2025,settlement,2,с.Кызылкора,Қызылқора а.
103443400,NK RK 11-2025,settlement,2,с.Есим,Есім а.
103443402,NK RK 11-2025,settlement,2,с.Абдилда,Әбділдә а.
103443403,NK RK 11-2025,settlement,2,с.Бекежан,Бекежан а.
103443406,NK RK 11-2025,settlement,2,с.Жангизтал,Жаңғызтал а.
103443407,NK RK 11-2025,settlement,2,с.Емдеу,Емдеу а.
103443411,NK RK 11-2025,settlement,2,с.Ушкын,Ұшқын а.
103443500,NK RK 11-2025,settlement,2,с.Танамырза,Таңамырза а.
103443504,NK RK 11-2025,settlement,2,с.Монак,Монақ а.
103443508,NK RK 11-2025,settlement,2,с.Шакен,Шәкен а.
103443509,NK RK 11-2025,settlement,2,с.Манак,Манақ а.
103443600,NK RK 11-2025,settlement,2,с.Томар,Томар а.
103443603,NK RK 11-2025,settlement,2,с.Апар,Апар а.
103443604,NK RK 11-2025,settlement,2,с.Жунис,Жүніс а.
103443605,NK RK 11-2025,settlement,2,с.Кожахмет,Қожахмет а.
103443606,NK RK 11-2025,settlement,2,с.Кошан,Қошан а.
103443607,NK RK 11-2025,settlement,2,с.Нургазы,Нўрғазы а.
103443608,NK RK 11-2025,settlement,2,с.Тойке,Тойке а.
103443609,NK RK 11-2025,settlement,2,с.Тымырсык,Тымырсық а.
103443615,NK RK 11-2025,settlement,2,с.Шокетай,Шөкетай а.
103445000,NK RK 11-2025,sub_district,2,Сатпаевский с.о.,Сәтбаев а.о.
103445100,NK RK 11-2025,settlement,2,с.Сатпаев,Сәтбаев а.
103445102,NK RK 11-2025,settlement,2,с.Акой,Ақой а.
103445103,NK RK 11-2025,settlement,2,с.Бесшатыр,Бесшатыр а.
103445104,NK RK 11-2025,settlement,2,с.Дархан,Дархан а.
103445105,NK RK 11-2025,settlement,2,с.50 жылдык,Елужылдық а.
103445106,NK RK 11-2025,settlement,2,с.Дора,Дора а.
103445107,NK RK 11-2025,settlement,2,с.Кусаин,Құсайын а.
103445108,NK RK 11-2025,settlement,2,с.Тортагул,Төртгүл а.
103445109,NK RK 11-2025,settlement,2,с.Уса,Ұса а.
103445111,NK RK 11-2025,settlement,2,с.Шолпай,Шолпай а.
103445113,NK RK 11-2025,settlement,2,с.Шурек 1,Шүрек 1 а.
103445115,NK RK 11-2025,settlement,2,с.Шурек 2,Шүрек 2 а.
103445200,NK RK 11-2025,settlement,2,с.Коктубек,Көктүбек а.
103445202,NK RK 11-2025,settlement,2,с.Акоба,Ақоба а. а.
103445203,NK RK 11-2025,settlement,2,с.Аксиыр,Ақсиыр а.
103445204,NK RK 11-2025,settlement,2,с.Жалгызтал,Жалғызтал а.
103445205,NK RK 11-2025,settlement,2,с.Жанаш,Жаңаш а.
103445206,NK RK 11-2025,settlement,2,с.Казангап,Қазанғап а.
103445207,NK RK 11-2025,settlement,2,с.Камысбаз,Қамысбаз а.
103445208,NK RK 11-2025,settlement,2,с.им.Рахмет Тогысбаева,Рахмет Тоғысбаев атын.а.
103445300,NK RK 11-2025,settlement,2,с.Сулутал,Сұлутал а.
103445302,NK RK 11-2025,settlement,2,с.Акан,Ақан а.
103445303,NK RK 11-2025,settlement,2,Доненбекбаз,Дөненбекбазы
103445304,NK RK 11-2025,settlement,2,Заготскот,Малдайындау
103445305,NK RK 11-2025,settlement,2,с.Карим,Кәрім а.
103445306,NK RK 11-2025,settlement,2,с.Кайса,Қайса а.
103445307,NK RK 11-2025,settlement,2,с.Оркен 1,Өркен 1 а.
103445308,NK RK 11-2025,settlement,2,с.Оркен 2,Өркен 2 а.
103445309,NK RK 11-2025,settlement,2,с.Райхан,Райхан а.
103445311,NK RK 11-2025,settlement,2,с.Ушкудук,Үшқұдық а.
103445313,NK RK 11-2025,settlement,2,с.Уалхан,Уалхан а.
103445315,NK RK 11-2025,settlement,2,с.Шокан,Шоқан а.
103447000,NK RK 11-2025,sub_district,2,Ыргызбайский с.о.,Ырғызбай а.о.
103447100,NK RK 11-2025,settlement,2,с.Жантикей,Жантікей а.
103447102,NK RK 11-2025,settlement,2,с.Амир,Әмір а.
103447103,NK RK 11-2025,settlement,2,с.Актобе,Ақтөбе а.
103447104,NK RK 11-2025,settlement,2,с.Балпан,Балпан а.
103447105,NK RK 11-2025,settlement,2,с.Богенбай,Бөгенбай а.
103447106,NK RK 11-2025,settlement,2,с.Жангизтал,Жаңғызтал а.
103447107,NK RK 11-2025,settlement,2,с.Карашенгел,Қарашеңгел а.
103447108,NK RK 11-2025,settlement,2,с.Мукатай,Мұқатай а.
103447109,NK RK 11-2025,settlement,2,с.Ортабаз,Ортабаз а.
103447111,NK RK 11-2025,settlement,2,с.Сарсенбай,Сәрсенбай а.
103447112,NK RK 11-2025,settlement,2,с.Богас,Боғас а.
103447113,NK RK 11-2025,settlement,2,с.Уан,Уан а.
103447114,NK RK 11-2025,settlement,2,с.Базар,Базар а.
103447115,NK RK 11-2025,settlement,2,с.Шекей,Шекей а.
103447300,NK RK 11-2025,settlement,2,с.Кожакельды,Қожакелді а.
103447302,NK RK 11-2025,settlement,2,с.Ортаоткорм,Ортамалбордақылау а.
103447303,NK RK 11-2025,settlement,2,с.Ортакараоба,Ортақараоба а.
103447304,NK RK 11-2025,settlement,2,с.Тауык,Тауық а.
103447305,NK RK 11-2025,settlement,2,с.УПИ 1,УПИ 1 а.
103447306,NK RK 11-2025,settlement,2,с.УПИ 2,УПИ 2 а.
103447307,NK RK 11-2025,settlement,2,с.Шекей,Шекей а.
103600000,NK RK 11-2025,district,4,Аягозский район,Аягөз ауданы
103620000,NK RK 11-2025,sub_district,3,Аягоз г.а.,Аягөз қ.ә.
103620100,NK RK 11-2025,settlement,1,г.Аягоз,Аягөз қ.
103620200,NK RK 11-2025,settlement,2,с.Айгыржал,Айғыржал а.
103620300,NK RK 11-2025,settlement,2,с.Егизкызыл,Егізқызыл а.
103620400,NK RK 11-2025,settlement,2,с.Жыланды,Жыланды а.
103620500,NK RK 11-2025,settlement,2,с.Кошкентал,Көшкентал а.
103639000,NK RK 11-2025,sub_district,2,Айгызский с.о.,Айқыз а.о.
103639100,NK RK 11-2025,settlement,2,с.Айгыз,Айқыз а.
103639102,NK RK 11-2025,settlement,2,с.Айтуар,Айтуар а.
103639103,NK RK 11-2025,settlement,2,с.Аубакир,Әубәкір а.
103639104,NK RK 11-2025,settlement,2,с.Баймуса,Баймұса а.
103639105,NK RK 11-2025,settlement,2,с.Батырбай,Батырбай а.
103639106,NK RK 11-2025,settlement,2,с.Калыбай,Қалыбай а.
103639107,NK RK 11-2025,settlement,2,с.Карибжан,Кәрібжан а.
103639108,NK RK 11-2025,settlement,2,с.Кожа,Қожа а.
103639109,NK RK 11-2025,settlement,2,с.Кызай,Қызай а.
103639112,NK RK 11-2025,settlement,2,с.Кызылкесек,Қызылкесек а.
103639113,NK RK 11-2025,settlement,2,с.Корайлы,Қорайлы а.
103639114,NK RK 11-2025,settlement,2,с.Куйган,Құйған а.
103639115,NK RK 11-2025,settlement,2,с.Майтас,Майтас а.
103639116,NK RK 11-2025,settlement,2,с.Маусымбай,Маусымбай а.
103639117,NK RK 11-2025,settlement,2,с.Мектеп,Мектеп а.
103639118,NK RK 11-2025,settlement,2,с.Сага,Саға а.
103639119,NK RK 11-2025,settlement,2,с.Сагындык,Сағындық а.
103639121,NK RK 11-2025,settlement,2,с.Онгар,Оңғар а.
103639122,NK RK 11-2025,settlement,2,с.Оразбай,Оразбай а.
103639123,NK RK 11-2025,settlement,2,с.Хамит,Хамит а.
103639124,NK RK 11-2025,settlement,2,с.Шалай,Шалай а.
103639125,NK RK 11-2025,settlement,2,Центрбаза,Орталықбаз
103639126,NK RK 11-2025,settlement,2,с.Борлы,Борлы а.
103639300,NK RK 11-2025,settlement,2,с.Коксала,Көксала а.
103639305,NK RK 11-2025,settlement,2,с.Балду,Балду а.
103639306,NK RK 11-2025,settlement,2,с.Бирген,Бірген а.
103639307,NK RK 11-2025,settlement,2,с.Бозахан,Бозахан а.
103639308,NK RK 11-2025,settlement,2,с.Доненбай,Дөненбай а.
103639309,NK RK 11-2025,settlement,2,с.Доребай,Дөребай а.
103639311,NK RK 11-2025,settlement,2,с.Жанабаз,Жаңабаз а.
103639312,NK RK 11-2025,settlement,2,с.Мереке,Мереке а.
103639313,NK RK 11-2025,settlement,2,с.Молдахан,Молдахан а.
103639314,NK RK 11-2025,settlement,2,с.Мырзахан,Мырзахан а.
103639315,NK RK 11-2025,settlement,2,с.Ноке,Нөке а.
103639316,NK RK 11-2025,settlement,2,с.Нурым,Нұрым а.
103639317,NK RK 11-2025,settlement,2,с.Отырыкшы,Отырықшы а.
103639318,NK RK 11-2025,settlement,2,с.Рай,Рай а.
103639319,NK RK 11-2025,settlement,2,с.Толенды,Төленді а.
103641000,NK RK 11-2025,sub_district,2,Актогайский с.о.,Ақтоғай а.о.
103641100,NK RK 11-2025,settlement,2,с.Актогай,Ақтоғай а.
103643000,NK RK 11-2025,sub_district,2,Акшатауский с.о.,Ақшатау а.о.
103643100,NK RK 11-2025,settlement,2,с.Доненбай,Дөненбай а.
103643102,NK RK 11-2025,settlement,2,с.Айнабудак,Айнабұдақ а.
103643104,NK RK 11-2025,settlement,2,с.Кызыалдар,Қызыалдар а.
103643105,NK RK 11-2025,settlement,2,с.Мустафа,Мұстафа а.
103643106,NK RK 11-2025,settlement,2,с.Тынышби,Тынышби а.
103643107,NK RK 11-2025,settlement,2,с.Колгутты,Қалғытты а.
103643108,NK RK 11-2025,settlement,2,с.Абутолла,Әбутолла а.
103643109,NK RK 11-2025,settlement,2,с.Жартыбай,Жартыбай а.
103643200,NK RK 11-2025,settlement,2,с.Акклет,Аққілет а.
103643202,NK RK 11-2025,settlement,2,с.Актай,Ақтай а.
103643203,NK RK 11-2025,settlement,2,с.Байсултан,Байсұлтан а.
103643204,NK RK 11-2025,settlement,2,с.Балпош,Балпош а.
103645000,NK RK 11-2025,sub_district,2,Акшаулинский с.о.,Ақшәулі а.о.
103645100,NK RK 11-2025,settlement,2,с.Акшаули,Ақшәулі а.
103645300,NK RK 11-2025,settlement,2,с.Карабулак,Қарабұлақ а.
103647000,NK RK 11-2025,sub_district,2,Акшийский с.о.,Ақши а.о.
103647100,NK RK 11-2025,settlement,2,с.Акши,Ақши а.
103647102,NK RK 11-2025,settlement,2,с.Али,Әли а.
103647103,NK RK 11-2025,settlement,2,с.Егендыбулак,Егіндібұлақ а.
103647104,NK RK 11-2025,settlement,2,с.Ескисынтас,Ескісынтас а.
103647105,NK RK 11-2025,settlement,2,с.Жанасынтас,Жаңасынтас а.
103647106,NK RK 11-2025,settlement,2,с.Канапья,Қанапия а.
103647107,NK RK 11-2025,settlement,2,с.Кокашы,Көкашы а.
103647108,NK RK 11-2025,settlement,2,с.Кызылбастау,Қызылбастау а.
103647109,NK RK 11-2025,settlement,2,с.Омирбай,Өмірбай а.
103647200,NK RK 11-2025,settlement,2,с.Актубек,Ақтүбек а.
103647202,NK RK 11-2025,settlement,2,с.Актас,Ақтас а.
103647203,NK RK 11-2025,settlement,2,с.Алтуайт,Алтуайт а.
103647204,NK RK 11-2025,settlement,2,с.Иргебай,Іргебай а.
103647205,NK RK 11-2025,settlement,2,с.Карашокы,Қарашоқы а.
103647206,NK RK 11-2025,settlement,2,с.Суйекбай,Сүйекбай а.
103647207,NK RK 11-2025,settlement,2,с.Туякбай,Тұяқбай а.
103649000,NK RK 11-2025,sub_district,2,Байкошкарский с.о.,Байқошқар а.о.
103649100,NK RK 11-2025,settlement,2,с.Байкошкар,Байқошқар а.
103649103,NK RK 11-2025,settlement,2,с.Аккайын,Аққайың а.
103649105,NK RK 11-2025,settlement,2,с.Актан,Ақтан а.
103649127,NK RK 11-2025,settlement,2,с.Кенсуат,Кенсуат а.
103649129,NK RK 11-2025,settlement,2,с.Нурдос,Нұрдос а.
103649131,NK RK 11-2025,settlement,2,с.Айдос,Айдос а.
103649133,NK RK 11-2025,settlement,2,с.Айдос 1,Айдос 1 а.
103649135,NK RK 11-2025,settlement,2,с.Сырым,Сырым а.
103649137,NK RK 11-2025,settlement,2,с.Жакен,Жәкен а.
103649139,NK RK 11-2025,settlement,2,с.Алнур,Алнұр а.
103649141,NK RK 11-2025,settlement,2,с.Куат,Қуат а.
103649143,NK RK 11-2025,settlement,2,с.Даулет,Дәулет а.
103649145,NK RK 11-2025,settlement,2,с.Нуржан,Нұржан а.
103649147,NK RK 11-2025,settlement,2,с.Рауан,Рауан а.
103649149,NK RK 11-2025,settlement,2,с.Ушозен,Үшөзен а.
103649151,NK RK 11-2025,settlement,2,с.Ермек,Ермек а.
103649153,NK RK 11-2025,settlement,2,с.Динар,Динар а.
103649155,NK RK 11-2025,settlement,2,с.Айбол,Айбол а.
103651000,NK RK 11-2025,sub_district,2,Баршатасский с.о.,Баршатас а.о.
103651100,NK RK 11-2025,settlement,2,с.Баршатас,Баршатас а.
103653000,NK RK 11-2025,sub_district,2,Бидайыкский с.о.,Бидайық а.о.
103653100,NK RK 11-2025,settlement,2,с.Бидайык,Бидайық а.
103653102,NK RK 11-2025,settlement,2,с.Акни,Ақни а.
103653103,NK RK 11-2025,settlement,2,с.Абдресин,Әбдіресін а.
103653104,NK RK 11-2025,settlement,2,с.Сатай,Сатай а.
103653106,NK RK 11-2025,settlement,2,с.Шаграй,Шағрай а.
103653107,NK RK 11-2025,settlement,2,с.Жалын,Жалын а.
103653108,NK RK 11-2025,settlement,2,с.Жатакбет,Жатақбет а.
103653111,NK RK 11-2025,settlement,2,Заготскот,Малдайындау
103653112,NK RK 11-2025,settlement,2,с.Мартын,Мартын а.
103653115,NK RK 11-2025,settlement,2,с.Карагаш,Қарағаш а.
103653116,NK RK 11-2025,settlement,2,с.Каразат,Қаразат а.
103653117,NK RK 11-2025,settlement,2,с.Кенжекара,Кенжеқара а.
103653119,NK RK 11-2025,settlement,2,с.Куралай,Құралай а.
103653123,NK RK 11-2025,settlement,2,с.Косбейт,Қосбейіт а.
103653125,NK RK 11-2025,settlement,2,с.Коктем,Көктем а.
103653129,NK RK 11-2025,settlement,2,с.Косагаш,Қосағаш а.
103653137,NK RK 11-2025,settlement,2,с.Саябай,Саябай а.
103655000,NK RK 11-2025,sub_district,2,Емелтауский с.о.,Емелтау а.о.
103655100,NK RK 11-2025,settlement,2,с.Емелтау,Емелтау а.
103659000,NK RK 11-2025,sub_district,2,Карагашский с.о.,Қараағаш а.о.
103659100,NK RK 11-2025,settlement,2,с.Караагаш,Қараағаш а.
103659103,NK RK 11-2025,settlement,2,с.Атубек,Атүбек а.
103659108,NK RK 11-2025,settlement,2,с.Кырма,Қырма а.
103659115,NK RK 11-2025,settlement,2,отяр 1,отяр 1
103659116,NK RK 11-2025,settlement,2,отяр 2,отяр 2
103659117,NK RK 11-2025,settlement,2,отяр 3,отяр 3
103659121,NK RK 11-2025,settlement,2,с.Сорели 1,Сөрелі 1 а.
103659122,NK RK 11-2025,settlement,2,с.Сорели 2,Сөрелі 2 а.
103659300,NK RK 11-2025,settlement,2,с.Каражал,Қаражал а.
103659307,NK RK 11-2025,settlement,2,с.Ерикара,Еріқара а.
103659311,NK RK 11-2025,settlement,2,с.Сарашокы,Сарашоқы а.
103659321,NK RK 11-2025,settlement,2,с.Ушкарасу,Үшқарасу а.
103661000,NK RK 11-2025,sub_district,2,Копинский с.о.,Қопа а.о.
103661100,NK RK 11-2025,settlement,2,с.Копа,Қопа а.
103661102,NK RK 11-2025,settlement,2,с.Карасу,Қарасу а.
103661200,NK RK 11-2025,settlement,2,с.Каракум,Қарақұм а.
103663000,NK RK 11-2025,sub_district,2,Косагашский с.о.,Қосағаш а.о.
103663100,NK RK 11-2025,settlement,2,с.Косагаш,Қосағаш а.
103663106,NK RK 11-2025,settlement,2,с.Акышбай,Ақышбай а.
103663109,NK RK 11-2025,settlement,2,с.Желдыбай,Желдібай а.
103663112,NK RK 11-2025,settlement,2,с.Егиндыбулак,Егіндібұлақ а.
103663116,NK RK 11-2025,settlement,2,с.Карабулак,Қарабұлақ а.
103663125,NK RK 11-2025,settlement,2,с.Кусак,Қусақ а.
103663129,NK RK 11-2025,settlement,2,с.Сымтас,Сымтас а.
103663131,NK RK 11-2025,settlement,2,с.Сарымолла,Сарымолла а.
103663139,NK RK 11-2025,settlement,2,с.Шет,Шет а.
103665000,NK RK 11-2025,sub_district,2,Мадениетский с.о.,Мәдениет а.о.
103665100,NK RK 11-2025,settlement,2,с.Мадениет,Мәдениет а.
103665104,NK RK 11-2025,settlement,2,с.Арай,Арай а.
103665109,NK RK 11-2025,settlement,2,с.Даулет,Дәулет а.
103665115,NK RK 11-2025,settlement,2,с.Коль,Көл а.
103665121,NK RK 11-2025,settlement,2,с.Коянды,Қоянды а.
103665125,NK RK 11-2025,settlement,2,с.Суарлы,Суарлы а.
103665127,NK RK 11-2025,settlement,2,с.Сункар,Сұңқар а.
103665129,NK RK 11-2025,settlement,2,с.Талдыбулак,Талдыбұлақ а.
103665141,NK RK 11-2025,settlement,2,с.Жандос,Жандос а.
103665143,NK RK 11-2025,settlement,2,с.Карабужыр,Қарабұжыр а.
103665145,NK RK 11-2025,settlement,2,с.Кызылкайнар,Қызылқайнар а.
103665147,NK RK 11-2025,settlement,2,с.Кишикоктал,Кішікөктал а.
103665149,NK RK 11-2025,settlement,2,с.Жаркымбай,Жарқымбай а.
103665151,NK RK 11-2025,settlement,2,с.Кабыргатал,Ќабырғатал а.
103665152,NK RK 11-2025,settlement,2,с.Коктал,Көктал а.
103667000,NK RK 11-2025,sub_district,2,Майлинский с.о.,Майлин а.о.
103667100,NK RK 11-2025,settlement,2,с.Майлино,Майлин а.
103667102,NK RK 11-2025,settlement,2,с.Барак,Барақ а.
103667103,NK RK 11-2025,settlement,2,с.Жыланды,Жыланды а.
103667104,NK RK 11-2025,settlement,2,с.Ибагар,Ибағар а.
103667106,NK RK 11-2025,settlement,2,с.Кансейт,Қансейіт а.
103667107,NK RK 11-2025,settlement,2,с.Каскасу,Қасқасу а.
103667108,NK RK 11-2025,settlement,2,с.Коксу,Көксу а.
103667109,NK RK 11-2025,settlement,2,с.Текежан,Текежан а.
103667112,NK RK 11-2025,settlement,2,с.Медетжан,Медетжан а.
103667114,NK RK 11-2025,settlement,2,с.Каражартас,Қаражартас а.
103667115,NK RK 11-2025,settlement,2,с.Уйтас,Үйтас а.
103667116,NK RK 11-2025,settlement,2,с.Карабулак,Қарабұлақ а.
103667117,NK RK 11-2025,settlement,2,с.Топар,Топар а.
103667118,NK RK 11-2025,settlement,2,с.Токтар,Тоқтар а.
103667121,NK RK 11-2025,settlement,2,с.Тоскара 1,Тосқара 1 а.
103667122,NK RK 11-2025,settlement,2,с.Тоскара 2,Тосқара 2 а.
103667300,NK RK 11-2025,settlement,2,с.Старое Майлино,Ескі Майлин а.
103667700,NK RK 11-2025,settlement,2,рзд.18 км,рзд.18 км
103669000,NK RK 11-2025,sub_district,2,Малгельдинский с.о.,Малкелді а.о.
103669100,NK RK 11-2025,settlement,2,с.Корык,Қорық а.
103669113,NK RK 11-2025,settlement,2,с.Ешке,Ешке а.
103669129,NK RK 11-2025,settlement,2,с.Каугай,Каугай а.
103669135,NK RK 11-2025,settlement,2,с.Кусмурын,Құсмұрын а.
103669137,NK RK 11-2025,settlement,2,с.Кур,Құр а.
103669161,NK RK 11-2025,settlement,2,с.Самал,Самал а.
103669163,NK RK 11-2025,settlement,2,3 ферма,3 ферма
103669165,NK RK 11-2025,settlement,2,с.Масакбай,Масақбай а.
103669167,NK RK 11-2025,settlement,2,с.Жайна,Жайна а.
103669169,NK RK 11-2025,settlement,2,с.Комет,Комет а.
103669171,NK RK 11-2025,settlement,2,1 ферма,1 ферма
103669172,NK RK 11-2025,settlement,2,с.Жорга,Жорға а.
103669173,NK RK 11-2025,settlement,2,с.Коскуман,Қосқұман а.
103669174,NK RK 11-2025,settlement,2,с.Нурбай,Нұрбай а.
103671000,NK RK 11-2025,sub_district,2,Мынбулакский с.о.,Мыңбұлақ а.о.
103671100,NK RK 11-2025,settlement,2,с.Ай,Ай а.
103671103,NK RK 11-2025,settlement,2,с.Айка,Айка а.
103671111,NK RK 11-2025,settlement,2,с.Каскырбай 1,Қасқырбай 1 а.
103671112,NK RK 11-2025,settlement,2,с.Каскырбай 2,Қасқырбай 2 а.
103671113,NK RK 11-2025,settlement,2,с.Каскырбай 3,Қасқырбай 3 а.
103671114,NK RK 11-2025,settlement,2,с.Кызылкайнар,Қызылқайнар а.
103671200,NK RK 11-2025,settlement,2,с.Актас,Ақтас а.
103671205,NK RK 11-2025,settlement,2,с.Карабай,Қарабай а.
103671206,NK RK 11-2025,settlement,2,с.Колгалы,Қолғалы а.
103671300,NK RK 11-2025,settlement,2,с.Ескенебулагы,Ескенебұлағы а.
103671304,NK RK 11-2025,settlement,2,3 гурт,3 гурт
103671305,NK RK 11-2025,settlement,2,с.Каржартас,Қаржартас а.
103671306,NK RK 11-2025,settlement,2,с.Мынбулак,Мыңбұлақ а.
103671307,NK RK 11-2025,settlement,2,3 точка,3 мекен
103671309,NK RK 11-2025,settlement,2,с.Шакирти,Шәкірті а.
103671400,NK RK 11-2025,settlement,2,с.Желдыкара,Желдіқара а.
103671403,NK RK 11-2025,settlement,2,с.Акбастау,Ақбастау а.
103671405,NK RK 11-2025,settlement,2,с.Казанкемпир,Қазанкемпір а.
103671500,NK RK 11-2025,settlement,2,с.Кенколат,Кеңқолат а.
103671505,NK RK 11-2025,settlement,2,с.Жаманак,Жаманақ а.
103671506,NK RK 11-2025,settlement,2,с.Каинды,Қайыңды а.
103671507,NK RK 11-2025,settlement,2,с.Кызылшокы,Қызылшоқы а.
103671508,NK RK 11-2025,settlement,2,с.Токбай,Тоқбай а.
103671509,NK RK 11-2025,settlement,2,с.Томала,Томала а.
103673000,NK RK 11-2025,sub_district,2,Нарынский с.о.,Нарын а.о.
103673100,NK RK 11-2025,settlement,2,с.Шынкожа,Шынқожа а.
103673105,NK RK 11-2025,settlement,2,Бетонбаз,Бетонбаз
103673106,NK RK 11-2025,settlement,2,с.Карааул,Қараауыл а.
103673107,NK RK 11-2025,settlement,2,Дом чабана,Шопан үйі
103673108,NK RK 11-2025,settlement,2,с.Толенды,Төленді а.
103673109,NK RK 11-2025,settlement,2,с.Ботабай,Ботабай а.
103673111,NK RK 11-2025,settlement,2,Дом чабана,Шопан үйі
103675000,NK RK 11-2025,sub_district,2,Оркенский с.о.,Өркен а.о.
103675100,NK RK 11-2025,settlement,2,с.Оркен,Өркен а.
103675103,NK RK 11-2025,settlement,2,с.Акши,Ақши а.
103675105,NK RK 11-2025,settlement,2,с.Дос канат,Дос қанат а.
103675107,NK RK 11-2025,settlement,2,с.Жалгыстал,Жалғызтал а.
103675108,NK RK 11-2025,settlement,2,с.Жас клен,Жас клен а.
103675109,NK RK 11-2025,settlement,2,с.Жасталап,Жасталап а.
103675111,NK RK 11-2025,settlement,2,с.Жигер,Жігер а.
103675112,NK RK 11-2025,settlement,2,с.Каражиде,Қаражиде а.
103675113,NK RK 11-2025,settlement,2,с.Косай,Қосай а.
103675114,NK RK 11-2025,settlement,2,с.Кулакмет,Құлақмет а.
103675115,NK RK 11-2025,settlement,2,с.Курманбай,Құрманбай а.
103675116,NK RK 11-2025,settlement,2,с.Ортакон,Ортақон а.
103675117,NK RK 11-2025,settlement,2,с.Райымкан,Райымқан а.
103675118,NK RK 11-2025,settlement,2,с.Сеиткан,Сейітқан а.
103675119,NK RK 11-2025,settlement,2,с.Тасбау,Тасбау а.
103675121,NK RK 11-2025,settlement,2,с.Тлемис,Тілеміс а.
103675122,NK RK 11-2025,settlement,2,с.Тугыл,Тұғыл а.
103675123,NK RK 11-2025,settlement,2,с.Турлубек,Тұрлыбек а.
103679000,NK RK 11-2025,sub_district,2,Сарыаркинский с.о.,Сарыарқа а.о.
103679100,NK RK 11-2025,settlement,2,с.Сарыарка,Сарыарқа а.
103679105,NK RK 11-2025,settlement,2,с.Бельтума,Белтұма а.
103679106,NK RK 11-2025,settlement,2,с.Шубартос,Шұбартөс а.
103679200,NK RK 11-2025,settlement,2,с.Биесимас,Биесимас а.
103679203,NK RK 11-2025,settlement,2,с.Актас,Ақтас а.
103681000,NK RK 11-2025,sub_district,2,Мамырсуский с.о.,Мамырсу а.о.
103681100,NK RK 11-2025,settlement,2,с.Мамырсу,Мамырсу а.
103681102,NK RK 11-2025,settlement,2,с.Абдрахман,Әбдірахман а.
103681103,NK RK 11-2025,settlement,2,с.Алпысатар,Алпысатар а.
103681104,NK RK 11-2025,settlement,2,с.Алтынай,Алтынай а.
103681106,NK RK 11-2025,settlement,2,Депо,Депо
103681107,NK RK 11-2025,settlement,2,с.Жалгызкайын,Жалғызқайың а.
103681108,NK RK 11-2025,settlement,2,с.Жагыпар,Жағыпар а.
103681111,NK RK 11-2025,settlement,2,с.Амангазы,Аманғазы а.
103681112,NK RK 11-2025,settlement,2,с.Каражал,Қаражал а.
103681113,NK RK 11-2025,settlement,2,с.Карашока,Қарашоқа а.
103681114,NK RK 11-2025,settlement,2,с.Когилдир,Көгілдір а.
103681115,NK RK 11-2025,settlement,2,с.Коктерек,Көктерек а.
103681116,NK RK 11-2025,settlement,2,с.Комсомол,Комсомол а.
103681117,NK RK 11-2025,settlement,2,с.Копалы,Қопалы а.
103681118,NK RK 11-2025,settlement,2,с.Копирбулак,Көпірбұлақ а.
103681119,NK RK 11-2025,settlement,2,Лагерь,Лагерь
103681121,NK RK 11-2025,settlement,2,с.Матвей,Матвей а.
103681141,NK RK 11-2025,settlement,2,с.Жумагул,Жұмағұл а.
103681200,NK RK 11-2025,settlement,2,с.Батпак,Батпақ а.
103681215,NK RK 11-2025,settlement,2,с.Сарыозек,Сарыөзек а.
103681300,NK RK 11-2025,settlement,2,с.Бозай,Бозай а.
103685000,NK RK 11-2025,sub_district,2,Тарлаулинский с.о.,Тарлаулы а.о.
103685100,NK RK 11-2025,settlement,2,с.Тарлаулы,Тарлаулы а.
103685102,NK RK 11-2025,settlement,2,с.Акший,Ақши а.
103685103,NK RK 11-2025,settlement,2,с.Ажирык,Ажырық а.
103685105,NK RK 11-2025,settlement,2,с.Козы-Корпеш,Қозы-Көрпеш а.
103685200,NK RK 11-2025,settlement,2,ст.Акбулак,Ақбұлақ ст.
103685400,NK RK 11-2025,settlement,2,ст.Жузагаш,Жүзағаш ст.
103685700,NK RK 11-2025,settlement,2,ст.Тансык,Таңсық ст.
103687000,NK RK 11-2025,sub_district,2,Тарбагатайский с.о,Тарбағатай а.о.
103687100,NK RK 11-2025,settlement,2,с.Тарбагатай,Тарбағатай а.
103687102,NK RK 11-2025,settlement,2,с.Абдразак 1,Әбдіразақ 1 а.
103687103,NK RK 11-2025,settlement,2,с.Акбаз,Ақбаз а.
103687104,NK RK 11-2025,settlement,2,с.Акбастау,Ақбастау а.
103687105,NK RK 11-2025,settlement,2,с.Боз,Боз а.
103687106,NK RK 11-2025,settlement,2,с.Бокас,Боқас а.
103687107,NK RK 11-2025,settlement,2,с.Бостанбай,Бостанбай а.
103687108,NK RK 11-2025,settlement,2,с.Жакула,Жакула а.
103687109,NK RK 11-2025,settlement,2,с.Жангелды,Жангелді а.
103687111,NK RK 11-2025,settlement,2,с.Караой,Қараой а.
103687112,NK RK 11-2025,settlement,2,с.Карасу,Қарасу а.
103687113,NK RK 11-2025,settlement,2,с.Корпеш,Көрпеш а.
103687114,NK RK 11-2025,settlement,2,с.Коккия,Көкқия а.
103687115,NK RK 11-2025,settlement,2,с.Кызылкора,Қызылқора а.
103687116,NK RK 11-2025,settlement,2,с.Макажан,Мақажан а.
103687117,NK RK 11-2025,settlement,2,с.Мынбулак,Мыңбұлақ а.
103687118,NK RK 11-2025,settlement,2,с.Оянбирлик,Оянбірлік а.
103687119,NK RK 11-2025,settlement,2,с.Пушбакбай,Пұшбақбай а.
103687121,NK RK 11-2025,settlement,2,с.Райбай,Райбай а.
103687122,NK RK 11-2025,settlement,2,с.Сангру,Сангру а.
103687123,NK RK 11-2025,settlement,2,с.Сиыркара,Сиырқара а.
103687124,NK RK 11-2025,settlement,2,с.Сыдык,Сыдық а.
103687125,NK RK 11-2025,settlement,2,с.Таркезен,Таркезең а.
103687126,NK RK 11-2025,settlement,2,с.Турар 2,Тұрар 2 а.
103687127,NK RK 11-2025,settlement,2,с.Умбетей,Үмбетей а.
103687128,NK RK 11-2025,settlement,2,с.Хабин,Хабин а.
103687129,NK RK 11-2025,settlement,2,с.Шленбай,Шленбай а.
103687131,NK RK 11-2025,settlement,2,с.Абден,Әбден а.
103687132,NK RK 11-2025,settlement,2,с.Абдан,Абдан а.
103687133,NK RK 11-2025,settlement,2,с.Текбулак,Текбұлақ а.
103687400,NK RK 11-2025,settlement,2,с.Малтугел,Малтүгел а.
103687402,NK RK 11-2025,settlement,2,с.Абдразак 2,Әбдіразақ 2 а.
103687403,NK RK 11-2025,settlement,2,с.Абсеит,Әбсейіт а.
103687404,NK RK 11-2025,settlement,2,с.Айнабай,Айнабай а.
103687405,NK RK 11-2025,settlement,2,с.Исабек,Исабек а.
103687406,NK RK 11-2025,settlement,2,с.Молдабай,Молдабай а.
103687407,NK RK 11-2025,settlement,2,с.Назарбай,Назарбай а.
103687408,NK RK 11-2025,settlement,2,с.Омирбай,Өмірбай а.
103687409,NK RK 11-2025,settlement,2,с.Сампай,Сампай а.
103687411,NK RK 11-2025,settlement,2,с.Серкебай,Серкебай а.
103800000,NK RK 11-2025,district,2,Бескарагайский район,Бесқарағай ауданы
103830000,NK RK 11-2025,sub_district,2,Бескарагайский с.о.,Бесқарағай а.о.
103830100,NK RK 11-2025,settlement,2,с.Бескарагай,Бесқарағай а.
103833000,NK RK 11-2025,sub_district,2,Баскольский с.о.,Баскөл а.о.
103833100,NK RK 11-2025,settlement,2,с.Карагайлы,Қарағайлы а.
103833200,NK RK 11-2025,settlement,2,с.Башкуль,Баскөл а.
103833202,NK RK 11-2025,settlement,2,с.Базарколь,Базаркөл а.
103833203,NK RK 11-2025,settlement,2,с.Кермекдальн,Кермекдальн а.
103833204,NK RK 11-2025,settlement,2,с.Сарыкамыс 2,Сарықамыс 2 а.
103833205,NK RK 11-2025,settlement,2,с.Сарыкамыс 3,Сарықамыс 3 а.
103833300,NK RK 11-2025,settlement,2,с.Букебай,Бүкебай а.
103835000,NK RK 11-2025,sub_district,2,Бегенский с.о.,Беген а.о.
103835100,NK RK 11-2025,settlement,2,с.Бегень,Беген а.
103835103,NK RK 11-2025,settlement,2,с.Жандос,Жандос а.
103835105,NK RK 11-2025,settlement,2,Жив.т.Босшилик,Босшілік мал жайылымы
103835200,NK RK 11-2025,settlement,2,Бегенский лесхоз,Беген орманшар
103837000,NK RK 11-2025,sub_district,2,Глуховский с.о.,Глухов а.о.
103837100,NK RK 11-2025,settlement,2,с.Глуховка,Глуховка а.
103837300,NK RK 11-2025,settlement,2,с.Белокаменка,Белокаменка а.
103837400,NK RK 11-2025,settlement,2,с.Бирлик,Бірлік а.
103837600,NK RK 11-2025,settlement,2,с.Старая Крепость,Старая Крепость а.
103837603,NK RK 11-2025,settlement,2,Спортивная база Елимай,Елімай спортбазасы
103837605,NK RK 11-2025,settlement,2,Лагерь Лесная Поляна,Лесная Поляна лагері
103837700,NK RK 11-2025,settlement,2,с.Стеклянка,Стеклянка а.
103841000,NK RK 11-2025,sub_district,2,Долонский с.о.,Дөлен а.о.
103841100,NK RK 11-2025,settlement,2,с.Долонь,Дөлен а.
103841102,NK RK 11-2025,settlement,2,Восточный лесхоз,Шығыс орманшар
103841103,NK RK 11-2025,settlement,2,Поселок ХПП,ХПП кенті
103841200,NK RK 11-2025,settlement,2,с.Бодене,Бөдене а.
103841202,NK RK 11-2025,settlement,2,Жив.точка Алга,Алға мал жайылымы
103841203,NK RK 11-2025,settlement,2,Жив.точка Бланка,Бланка мал жайылымы
103841204,NK RK 11-2025,settlement,2,Жив.точка Жанакум,Жаңақұм мал жайылымы
103841205,NK RK 11-2025,settlement,2,Жив.точка Коль,Көл мал жайылымы
103841206,NK RK 11-2025,settlement,2,Жив.точка Окунь,Окун мал жайылымы
103841207,NK RK 11-2025,settlement,2,Жив.точка Таскудык,Тасқұдық мал жайылымы
103841208,NK RK 11-2025,settlement,2,Жив.точка Сольпром,Тұзөндірісі мал жайылымы
103841300,NK RK 11-2025,settlement,2,с.Мостик,Мостик а.
103841400,NK RK 11-2025,settlement,2,с.Черемушка,Черемушка а.
103841403,NK RK 11-2025,settlement,2,Жив.точка Новая база,Жаңабаз мал жайылымы
103843000,NK RK 11-2025,sub_district,2,Канонерский с.о.,Қанөнер а.о.
103843100,NK RK 11-2025,settlement,2,с.Канонерка,Қанөнер а.
103843102,NK RK 11-2025,settlement,2,с.Карабаш,Қарабаш а.
103843200,NK RK 11-2025,settlement,2,с.Карамырза,Қарамырза а.
103843300,NK RK 11-2025,settlement,2,с.Джыланды,Жыланды а.
103845000,NK RK 11-2025,sub_district,2,Маловладимировский с.о.,Малая Владимировка а.о.
103845100,NK RK 11-2025,settlement,2,с.Малая Владимировка,Малая Владимировка а.
103845102,NK RK 11-2025,settlement,2,Кордон Рамадан,Рамадан шекарасы
103845200,NK RK 11-2025,settlement,2,с.Бозтал,Бозтал а.
103847000,NK RK 11-2025,sub_district,2,Карабасский с.о.,Қарабас а.о.
103847100,NK RK 11-2025,settlement,2,с.Карабас,Қарабас а.
103847102,NK RK 11-2025,settlement,2,с.Донгулек,Дөңгелек а.
103847103,NK RK 11-2025,settlement,2,с.Теректи,Теректі а.
103847104,NK RK 11-2025,settlement,2,Семеновский лесхоз,Семеновское орманшар
103847200,NK RK 11-2025,settlement,2,с.Ондирис,Өндіріс а.
103849000,NK RK 11-2025,sub_district,2,Жетижарский с.о.,Жетіжар а.о.
103849100,NK RK 11-2025,settlement,2,с.Жетижар,Жетіжар а.
103849102,NK RK 11-2025,settlement,2,с.Байбура,Байбура а.
103849103,NK RK 11-2025,settlement,2,с.Кожахмет,Қожахмет а.
103849104,NK RK 11-2025,settlement,2,с.Нурбай,Нұрбай а.
103849105,NK RK 11-2025,settlement,2,с.Шамар,Шамар а.
103849200,NK RK 11-2025,settlement,2,с.Кривинка,Кривинка а.
103849202,NK RK 11-2025,settlement,2,с.Куланшы,Құланшы а.
103849203,NK RK 11-2025,settlement,2,с.Миялы 1,Миялы 1 а.
103849204,NK RK 11-2025,settlement,2,с.Миялы 2,Миялы 2 а.
103849205,NK RK 11-2025,settlement,2,с.Таракты,Тарақты а.
103849206,NK RK 11-2025,settlement,2,с.Чиликтыколь,Шіліктікөл а.
103849300,NK RK 11-2025,settlement,2,с.Лесное,Лесное а.
103849302,NK RK 11-2025,settlement,2,с.Алтыбай,Алтыбай а.
103849303,NK RK 11-2025,settlement,2,с.Грачи,Грачи а.
103849304,NK RK 11-2025,settlement,2,с.Муздыкудык,Мұздықұдық а.
103849305,NK RK 11-2025,settlement,2,с.Мукатай,Мұқатай а.
103849306,NK RK 11-2025,settlement,2,с.Целинный,Целинный а.
103849307,NK RK 11-2025,settlement,2,с.Чумычкино,Чумычкино а.
103851000,NK RK 11-2025,sub_district,2,Ерназаровский с.о.,Ерназар а.о.
103851100,NK RK 11-2025,settlement,2,с.Ерназар,Ерназар а.
103851102,NK RK 11-2025,settlement,2,с.Полянка,Полянка а.
103851200,NK RK 11-2025,settlement,2,с.Коянбай,Қоянбай а.
103851300,NK RK 11-2025,settlement,2,Морозовский лесхоз,Морозов орманшар
104000000,NK RK 11-2025,district,2,Бородулихинский район,Бородулиха ауданы
104030000,NK RK 11-2025,sub_district,2,Бородулихинский с.о.,Бородулиха а.о.
104030100,NK RK 11-2025,settlement,2,с.Бородулиха,Бородулиха а.
104030200,NK RK 11-2025,settlement,2,с.Барышовка,Барышовка а.
104030300,NK RK 11-2025,settlement,2,с.Знаменка,Знаменка а.
104030400,NK RK 11-2025,settlement,2,с.Поднебесное,Поднебесное а.
104030600,NK RK 11-2025,settlement,2,с.Успенка,Успенка а.
104033000,NK RK 11-2025,sub_district,2,Андреевский с.о.,Андреев а.о.
104033100,NK RK 11-2025,settlement,2,с.Михайличенково,Михайличенково а.
104033102,NK RK 11-2025,settlement,2,с.Петроградское,Петроградское а.
104035000,NK RK 11-2025,sub_district,2,Бель-Агачский с.о.,Белағаш а.о.
104035100,NK RK 11-2025,settlement,2,с.Бель-Агач,Белағаш а.
104035400,NK RK 11-2025,settlement,2,с.Бековка,Бековка а.
104035403,NK RK 11-2025,settlement,2,с.Бек-Карьер,Бек-Карьер а.
104035600,NK RK 11-2025,settlement,2,рзд.Дюсакен,рзд.Дүйсекен
104035700,NK RK 11-2025,settlement,2,с.Зенковка,Зенковка а.
104035702,NK RK 11-2025,settlement,2,с.Умурзак,Өмірзақ а.
104035800,NK RK 11-2025,settlement,2,рзд.41,рзд.41
104037000,NK RK 11-2025,sub_district,2,Бакинский с.о.,Бақа а.о.
104037100,NK RK 11-2025,settlement,2,с.Коростели,Қарөстелі а.
104037104,NK RK 11-2025,settlement,2,с.Тарск,Тарск а.
104037200,NK RK 11-2025,settlement,2,ст.Аул,Ауыл ст.
104043000,NK RK 11-2025,sub_district,2,Дмитриевский с.о.,Дмитриев а.о.
104043100,NK RK 11-2025,settlement,2,с.Дмитриевка,Дмитриевка а.
104043200,NK RK 11-2025,settlement,2,с.Боровое,Бурабай а.
104045000,NK RK 11-2025,sub_district,2,Жезкентский с.о.,Жезкент а.о.
104045100,NK RK 11-2025,settlement,2,с.Жезкент,Жезкент а.
104047000,NK RK 11-2025,sub_district,2,Жерновский с.о.,Жернов а.о.
104047100,NK RK 11-2025,settlement,2,с.Жерновка,Жерновка а.
104047300,NK RK 11-2025,settlement,2,с.Боровлянка,Боровлянка а.
104047500,NK RK 11-2025,settlement,2,с.Поллог,Поллог а.
104049000,NK RK 11-2025,sub_district,2,Зубаировский с.о.,Зубаир а.о.
104049100,NK RK 11-2025,settlement,2,с.Зубаир,Зубаир а.
104049200,NK RK 11-2025,settlement,2,с.Байтанат,Байтанат а.
104049300,NK RK 11-2025,settlement,2,с.Жанаауыл,Жаңаауыл а.
104051000,NK RK 11-2025,sub_district,2,Красноярский с.о.,Краснояр а.о.
104051100,NK RK 11-2025,settlement,2,с.Красный Яр,Қызылжар а.
104051200,NK RK 11-2025,settlement,2,с.Речное,Речное а.
104051300,NK RK 11-2025,settlement,2,с.Уба-Форпост,Уба-Форпост а.
104051302,NK RK 11-2025,settlement,2,с.Девятка,Девятка а.
104055000,NK RK 11-2025,sub_district,2,Кунарлинский с.о.,Құнарлы а.о.
104055100,NK RK 11-2025,settlement,2,с.Песчанка,Песчанка а.
104055102,NK RK 11-2025,settlement,2,с.Мурзово,Мурзово а.
104055400,NK RK 11-2025,settlement,2,с.Жарбұлақ,Жарбұлақ а.
104055401,NK RK 11-2025,settlement,2,с.Алексеевка,Алексеевка а.
104055402,NK RK 11-2025,settlement,2,с.Ново-Васильевка,Жаңа Васильевка а.
104057000,NK RK 11-2025,sub_district,2,Новодворовский с.о.,Новодвор а.о.
104057100,NK RK 11-2025,settlement,2,с.Ивановка,Ивановка а.
104057200,NK RK 11-2025,settlement,2,Подхоз Березовка,Березовка қосшар
104057300,NK RK 11-2025,settlement,2,Санаторий Березовка,Березовка емдеу-сауықтыруы
104057500,NK RK 11-2025,settlement,2,с.Сосновка,Сосновка а.
104059000,NK RK 11-2025,sub_district,2,Новопокровский с.о.,Новопокровка а.о.
104059100,NK RK 11-2025,settlement,2,с.Новопокровка,Новопокровка а.
104059200,NK RK 11-2025,settlement,2,с.Карагайлы,Қарағайлы а.
104059300,NK RK 11-2025,settlement,2,с.Сарногай,Сарыноғай а.
104061000,NK RK 11-2025,sub_district,2,Новошульбинский с.о.,Новошульба а.о.
104061100,NK RK 11-2025,settlement,2,с.Новая Шульба,Новая Шульба а.
104061102,NK RK 11-2025,settlement,2,с.Потапенково,Потапенково а.
104061400,NK RK 11-2025,settlement,2,с.Ақши,Ақши а.
104061600,NK RK 11-2025,settlement,2,с.Солоновка,Солоновка а.
104061602,NK RK 11-2025,settlement,2,с.Ключики,Ключики а.
104063000,NK RK 11-2025,sub_district,2,Переменовский с.о.,Переменов а.о.
104063100,NK RK 11-2025,settlement,2,с.Переменовка,Переменовка а.
104063200,NK RK 11-2025,settlement,2,с.Андроновка,Андроновка а.
104063300,NK RK 11-2025,settlement,2,с.Орловка,Орловка а.
104063400,NK RK 11-2025,settlement,2,с.Ремки,Ремки а.
104065000,NK RK 11-2025,sub_district,2,Петропавловский с.о.,Петропавл а.о.
104065100,NK RK 11-2025,settlement,2,с.Петропавловка,Петропавловка а.
104065102,NK RK 11-2025,settlement,2,с.Воскресеновка,Воскресеновка а.
104065300,NK RK 11-2025,settlement,2,с.Изатулла,Изатулла а.
104065303,NK RK 11-2025,settlement,2,с.Мещанка,Мещанка а.
104067000,NK RK 11-2025,sub_district,2,Подборный с.о.,Подборный а.о.
104067100,NK RK 11-2025,settlement,2,с.Камышенка,Камышенка а.
104067200,NK RK 11-2025,settlement,2,с.Михайловка,Михайловка а.
104067203,NK RK 11-2025,settlement,2,с.Жақсылық,Жақсылық а.
104069000,NK RK 11-2025,sub_district,2,Степной с.о.,Степной а.о.
104069100,NK RK 11-2025,settlement,2,с.Шелехово,Шелехово а.
104069102,NK RK 11-2025,settlement,2,с.Троицкое,Троицкое а.
104069300,NK RK 11-2025,settlement,2,с.Орловка,Орловка а.
104069303,NK RK 11-2025,settlement,2,с.Қызылтай,Қызылтай а.
104071000,NK RK 11-2025,sub_district,2,Таврический с.о.,Таврия а.о.
104071100,NK RK 11-2025,settlement,2,с.Буркотово,Буркотово а.
104071102,NK RK 11-2025,settlement,2,с.Богомолово,Богомолово а.
104071104,NK RK 11-2025,settlement,2,с.Кондратьевка,Кондратьевка а.
104071400,NK RK 11-2025,settlement,2,с.Сохновка,Сохновка а.
104100000,NK RK 11-2025,district,4,район Жаңасемей,Жаңасемей ауданы
104133000,NK RK 11-2025,sub_district,2,Абралинский с.о.,Абралы а.о.
104133100,NK RK 11-2025,settlement,2,с.Абралы,Абралы а.
104133102,NK RK 11-2025,settlement,2,с.Акшабай,Ақшабай а.
104133103,NK RK 11-2025,settlement,2,с.Алсай,Алсай а.
104133104,NK RK 11-2025,settlement,2,с.Бастуйык,Бастұйық а.
104133105,NK RK 11-2025,settlement,2,с.Жорабай,Жорабай а.
104133106,NK RK 11-2025,settlement,2,с.Кенжебек,Кенжебек а.
104133107,NK RK 11-2025,settlement,2,с.Кабаш,Қабаш а.
104133108,NK RK 11-2025,settlement,2,с.Каракудык,Қарақұдық а.
104133109,NK RK 11-2025,settlement,2,с.Кожымбек,Қожымбек а.
104133111,NK RK 11-2025,settlement,2,с.Конырша,Қоңырша а.
104133112,NK RK 11-2025,settlement,2,с.Косшокы,Қосшоқы а.
104133113,NK RK 11-2025,settlement,2,с.Курманбай,Құрманбай а.
104133114,NK RK 11-2025,settlement,2,с.Кызылтас,Қызылтас а.
104133115,NK RK 11-2025,settlement,2,с.Маужан,Маужан а.
104133116,NK RK 11-2025,settlement,2,с.Орал,Орал а.
104133117,NK RK 11-2025,settlement,2,с.Оспанкул,Оспанқұл а.
104133118,NK RK 11-2025,settlement,2,с.Серикбай,Серікбай а.
104133119,NK RK 11-2025,settlement,2,с.Танбалы,Таңбалы а.
104133121,NK RK 11-2025,settlement,2,с.Табеке,Табеке а.
104133123,NK RK 11-2025,settlement,2,с.Тобылгылы,Тобылғылы а.
104133125,NK RK 11-2025,settlement,2,с.Тогизбай,Тоғызбай а.
104133126,NK RK 11-2025,settlement,2,с.Шарип,Шәріп а.
104133127,NK RK 11-2025,settlement,2,с.Омар,Омар а.
104133128,NK RK 11-2025,settlement,2,с.Байзак,Байзақ а.
104133129,NK RK 11-2025,settlement,2,с.Маутан 2,Маутан 2 а.
104133131,NK RK 11-2025,settlement,2,с.Санкы,Саңқы а.
104133132,NK RK 11-2025,settlement,2,с.Керегетас,Керегетас а.
104133133,NK RK 11-2025,settlement,2,с.Акбастау,Ақбастау а.
104133134,NK RK 11-2025,settlement,2,с.Каугабай,Қауғабай а.
104133135,NK RK 11-2025,settlement,2,с.Санкы 2,Саңқы 2 а.
104133136,NK RK 11-2025,settlement,2,с.Айбас,Айбас а.
104133137,NK RK 11-2025,settlement,2,с.Каракудык,Қарақұдық а.
104135000,NK RK 11-2025,sub_district,2,Айнабулакский с.о.,Айнабұлақ а.о.
104135100,NK RK 11-2025,settlement,2,с.Айнабулак,Айнабұлақ а.
104135102,NK RK 11-2025,settlement,2,зимовка Жанабаз,Жаңабаз қыстауы
104135103,NK RK 11-2025,settlement,2,зимовка Касымбек,Қасымбек қыстауы
104135104,NK RK 11-2025,settlement,2,зимовка Карабужыр,Қарабұжыр қыстауы
104135105,NK RK 11-2025,settlement,2,зимовка Карашокы 2,Қарашоқы 2 қыстауы
104135106,NK RK 11-2025,settlement,2,зимовка Карашокы 4,Қарашоқы 4 қыстауы
104135107,NK RK 11-2025,settlement,2,зимовка Кызыл,Қызыл қыстауы
104135108,NK RK 11-2025,settlement,2,зимовка Курманали,Құрманәлі қыстауы
104135109,NK RK 11-2025,settlement,2,зимовка Сункар,Сұңқар қыстауы
104135111,NK RK 11-2025,settlement,2,зимовка Тасбаскан,Тасбасқан қыстауы
104135200,NK RK 11-2025,settlement,2,с.Самай,Самай а.
104137000,NK RK 11-2025,sub_district,2,Акбулакский с.о.,Ақбұлақ а.о.
104137100,NK RK 11-2025,settlement,2,с.Акбулак,Ақбұлақ а.
104137102,NK RK 11-2025,settlement,2,с.Аубакир,Әубәкір а.
104137103,NK RK 11-2025,settlement,2,с.Аршалы,Аршалы а.
104137104,NK RK 11-2025,settlement,2,с.Ахан,Ақан а.
104137105,NK RK 11-2025,settlement,2,с.Балтабек,Балтабек а.
104137106,NK RK 11-2025,settlement,2,с.Байсары,Байсары а.
104137107,NK RK 11-2025,settlement,2,с.Кажы,Қажы а.
104137108,NK RK 11-2025,settlement,2,с.Конырат,Қоңырат а.
104137109,NK RK 11-2025,settlement,2,с.Кожкей,Көжкей а.
104137113,NK RK 11-2025,settlement,2,с.Салак 1,Салақ 1 а.
104137123,NK RK 11-2025,settlement,2,с.Темеш,Темеш а.
104137125,NK RK 11-2025,settlement,2,с.Торе,Төре а.
104137127,NK RK 11-2025,settlement,2,с.Тушыкудык,Тұщықұдық а.
104137129,NK RK 11-2025,settlement,2,с.Укилишат,Үкілішат а.
104137131,NK RK 11-2025,settlement,2,с.Социалистик Казахстан,Социалистік Қазақстан а.
104137132,NK RK 11-2025,settlement,2,с.Азимбай,Әзімбай а.
104137133,NK RK 11-2025,settlement,2,с.Аккора 2,Аққора 2 а.
104137134,NK RK 11-2025,settlement,2,с.Алтыуакыт,Алтыуақыт а.
104137135,NK RK 11-2025,settlement,2,с.Аршабай,Аршабай а.
104137136,NK RK 11-2025,settlement,2,с.Арем 2,Арем 2 а.
104137137,NK RK 11-2025,settlement,2,с.Баспак,Баспақ а.
104137138,NK RK 11-2025,settlement,2,с.Кайынды,Қайыңды а.
104137139,NK RK 11-2025,settlement,2,с.Каражал,Қаражал а.
104137141,NK RK 11-2025,settlement,2,с.Каражал 1,Қаражал 1 а.
104137142,NK RK 11-2025,settlement,2,с.Керегетас,Керегетас а.
104137143,NK RK 11-2025,settlement,2,с.Кызылшокы 1,Қызылшоқы 1 а.
104137144,NK RK 11-2025,settlement,2,с.Сарыбулак,Сарыбұлақ а.
104137145,NK RK 11-2025,settlement,2,с.Тезекбай,Тезекбай а.
104137200,NK RK 11-2025,settlement,2,с.Танат,Танат а.
104139000,NK RK 11-2025,sub_district,2,Алгабасский с.о.,Алғабас а.о.
104139100,NK RK 11-2025,settlement,2,с.Алгабас,Алғабас а.
104139106,NK RK 11-2025,settlement,2,с.Кулжабас,Құлжабас а.
104139109,NK RK 11-2025,settlement,2,с.Кииккашкан,Киікқашқан а.
104139111,NK RK 11-2025,settlement,2,с.Жал,Жал а.
104139112,NK RK 11-2025,settlement,2,с.Тогым,Тоғым а.
104139113,NK RK 11-2025,settlement,2,с.Кызылжал,Қызылжал а.
104139115,NK RK 11-2025,settlement,2,с.Айдабол,Айдабол а.
104139116,NK RK 11-2025,settlement,2,с.Найманбай,Найманбай а.
104143000,NK RK 11-2025,sub_district,2,Достыкский с.о.,Достық а.о.
104143100,NK RK 11-2025,settlement,2,с.Чекоман,Шекоман а.
104143200,NK RK 11-2025,settlement,2,с.Достык,Достық а.
104143203,NK RK 11-2025,settlement,2,уч.Талды,Талды уч.
104145000,NK RK 11-2025,sub_district,2,Иртышский с.о.,Ертіс а.о.
104145100,NK RK 11-2025,settlement,2,с.Мукур,Мұқыр а.
104145200,NK RK 11-2025,settlement,2,с.Мурат,Мұрат а.
104145203,NK RK 11-2025,settlement,2,уч.Ново-Чайковка,Ново-Чайковка уч.
104145205,NK RK 11-2025,settlement,2,рзд.16,рзд.16
104145207,NK RK 11-2025,settlement,2,рзд.22,рзд.22
104145300,NK RK 11-2025,settlement,2,с.Прииртышское,Прииртышское а.
104145303,NK RK 11-2025,settlement,2,с.Жалпак,Жалпақ а.
104145305,NK RK 11-2025,settlement,2,с.Кенжебай,Кенжебай а.
104145307,NK RK 11-2025,settlement,2,с.им.Крупской,Крупская атын.а.
104149000,NK RK 11-2025,sub_district,2,Жиеналинский с.о,Жиенәлі а.о
104149100,NK RK 11-2025,settlement,2,с.Букенчи,Бөкенші а.
104149103,NK RK 11-2025,settlement,2,уч.Байгазы,Байғазы уч.
104149104,NK RK 11-2025,settlement,2,уч.Жасбулек,Жасбүлек уч.
104149105,NK RK 11-2025,settlement,2,уч.Карабас,Қарабас уч.
104149109,NK RK 11-2025,settlement,2,с.Ушаша,Үшаша а.
104149200,NK RK 11-2025,settlement,2,с.Маралды,Маралды а.
104149202,NK RK 11-2025,settlement,2,уч.Аргынбай,Арғынбай уч.
104149205,NK RK 11-2025,settlement,2,уч.Мойылдыбулак,Мойылдыбұлақ уч.
104149206,NK RK 11-2025,settlement,2,уч.Смаил,Смаил уч.
104149208,NK RK 11-2025,settlement,2,с.Ерлан,Ерлан а.
104149209,NK RK 11-2025,settlement,2,с.Айнабулак,Айнабұлақ а.
104149211,NK RK 11-2025,settlement,2,с.Айкали,Айқали а.
104149212,NK RK 11-2025,settlement,2,с.Жулдыз,Жұлдыз а.
104149213,NK RK 11-2025,settlement,2,с.Арна,Арна а.
104149214,NK RK 11-2025,settlement,2,с.Балауса,Балауса а.
104149215,NK RK 11-2025,settlement,2,с.Загитов,Загитов а.
104149216,NK RK 11-2025,settlement,2,с.Жанибек,Жәнібек а.
104149217,NK RK 11-2025,settlement,2,с.Турым,Тұрым а.
104149218,NK RK 11-2025,settlement,2,с.Еркебулан,Еркебұлан а.
104149219,NK RK 11-2025,settlement,2,с.Болашак,Болашақ а.
104151000,NK RK 11-2025,sub_district,2,Кокентауский с.о.,Кокентау а.о.
104151100,NK RK 11-2025,settlement,2,с.Кокентау,Кокентау а.
104151103,NK RK 11-2025,settlement,2,уч.Жалын,Жалын уч.
104151106,NK RK 11-2025,settlement,2,с.Суык булак 2,Суық бұлақ 2 а.
104151107,NK RK 11-2025,settlement,2,уч.Уштаган,Үштаған уч.
104151108,NK RK 11-2025,settlement,2,с.Красная Юрта,Қызылотау а.
104151109,NK RK 11-2025,settlement,2,уч.Аубакир,Әубәкір уч.
104151111,NK RK 11-2025,settlement,2,уч.Акзам,Ақзам уч.
104151112,NK RK 11-2025,settlement,2,уч.Бидайык,Бидайық уч.
104151113,NK RK 11-2025,settlement,2,уч.Босага,Босаға уч.
104151114,NK RK 11-2025,settlement,2,уч.Исахан,Исахан уч.
104151115,NK RK 11-2025,settlement,2,уч.Каратобе,Қаратөбе уч.
104151116,NK RK 11-2025,settlement,2,уч.Кызылкия,Қызылқия уч.
104151117,NK RK 11-2025,settlement,2,уч.Куандык,Қуандық уч.
104151118,NK RK 11-2025,settlement,2,уч.Новая база,Новая база уч.
104151119,NK RK 11-2025,settlement,2,уч.Репинка,Репинка уч.
104151121,NK RK 11-2025,settlement,2,уч.Сарша,Сарша уч.
104151122,NK RK 11-2025,settlement,2,уч.Чкалов,Чкалов уч.
104151200,NK RK 11-2025,settlement,2,с.Кыземшек,Қыземшек а.
104151202,NK RK 11-2025,settlement,2,уч.Атей,Әтей уч.
104151203,NK RK 11-2025,settlement,2,уч.Арап,Арап уч.
104151204,NK RK 11-2025,settlement,2,уч.Беляш,Беляш уч.
104151206,NK RK 11-2025,settlement,2,уч.Коксу,Көксу уч.
104151207,NK RK 11-2025,settlement,2,уч.Кайынды,Қайыңды уч.
104151208,NK RK 11-2025,settlement,2,уч.Карасай,Қарасай уч.
104151209,NK RK 11-2025,settlement,2,уч.Кулибай,Күлібай уч.
104151211,NK RK 11-2025,settlement,2,уч.Мукырбулак,Мұқырбұлақ уч.
104151213,NK RK 11-2025,settlement,2,уч.Сарыбулак,Сарыбұлақ уч.
104151215,NK RK 11-2025,settlement,2,уч.Семейтау,Семейтау уч.
104151217,NK RK 11-2025,settlement,2,уч.Суыкбулак,Суықбұлақ уч.
104151219,NK RK 11-2025,settlement,2,уч.17 тысяч,17 мың уч.
104151221,NK RK 11-2025,settlement,2,уч.Унай,Ұнай уч.
104151223,NK RK 11-2025,settlement,2,уч.Шеткызыл,Шетқызыл уч.
104151225,NK RK 11-2025,settlement,2,уч.Шолагасу,Шолағасу уч.
104151226,NK RK 11-2025,settlement,2,с.Семейтау 2,Семейтау 2 а.
104151227,NK RK 11-2025,settlement,2,с.Семейтау 3,Семейтау 3 а.
104151228,NK RK 11-2025,settlement,2,с.Кенжебай,Кенжебай а.
104151229,NK RK 11-2025,settlement,2,с.Насипбек,Нәсіпбек а.
104151231,NK RK 11-2025,settlement,2,с.Кошкарбай,Қошқарбай а.
104151232,NK RK 11-2025,settlement,2,с.Огиз Олген,Өгіз Өлген а.
104151233,NK RK 11-2025,settlement,2,с.Актас,Актас а.
104151234,NK RK 11-2025,settlement,2,с.Асемхан,Әсемхан а.
104151239,NK RK 11-2025,settlement,2,с.Чкалов 2,Чкалов 2 а.
104151243,NK RK 11-2025,settlement,2,с.Мамайкол,Мамайкөл а.
104151245,NK RK 11-2025,settlement,2,с.Сынтас,Сынтас а.
104151500,NK RK 11-2025,settlement,2,с.Жазык,Жазық а.
104151503,NK RK 11-2025,settlement,2,с.Актас,Ақтас а.
104151504,NK RK 11-2025,settlement,2,с.Алтыапан,Алтыапан а.
104151505,NK RK 11-2025,settlement,2,с.Аргымбай,Арғымбай а.
104151508,NK RK 11-2025,settlement,2,с.Березка,Березка а.
104151509,NK RK 11-2025,settlement,2,с.Водокачка,Водокачка а.
104151511,NK RK 11-2025,settlement,2,с.Егинши,Егінші а.
104151512,NK RK 11-2025,settlement,2,с.Ербала,Ербала а.
104151513,NK RK 11-2025,settlement,2,уч.Жанан,Жанан уч.
104151514,NK RK 11-2025,settlement,2,с.Жырык 1,Жырық 1 а.
104151515,NK RK 11-2025,settlement,2,с.Жырык 2,Жырық 2 а.
104151516,NK RK 11-2025,settlement,2,с.Заветы Ильича,Заветы Ильича а.
104151517,NK RK 11-2025,settlement,2,с.Куйгенкудык,Күйгенқұдық а.
104151518,NK RK 11-2025,settlement,2,с.Караганды,Қарағанды а.
104151519,NK RK 11-2025,settlement,2,с.Каракемпир,Қаракемпір а.
104151521,NK RK 11-2025,settlement,2,с.Карасенгир,Қарасеңгір а.
104151522,NK RK 11-2025,settlement,2,с.Кызылтан,Қызылтан а.
104151523,NK RK 11-2025,settlement,2,с.Обалы,Обалы а.
104151524,NK RK 11-2025,settlement,2,с.Сарапан,Сарапан а.
104151525,NK RK 11-2025,settlement,2,с.Сарыкемпир,Сарыкемпір а.
104151526,NK RK 11-2025,settlement,2,уч.Торайгыр,Торайғыр уч.
104151528,NK RK 11-2025,settlement,2,с.Усен,Үсен а.
104151532,NK RK 11-2025,settlement,2,с.Юбилейный,Юбилейный а.
104153000,NK RK 11-2025,sub_district,2,Новобаженовский с.о.,Новобаженово а.о.
104153100,NK RK 11-2025,settlement,2,с.Новобаженово,Новобаженово а.
104153200,NK RK 11-2025,settlement,2,с.Баженово,Баженово а.
104153300,NK RK 11-2025,settlement,2,с.Булак,Бұлақ а.
104153303,NK RK 11-2025,settlement,2,с.Киякты,Қияқты а.
104153305,NK RK 11-2025,settlement,2,с.Талдыкорган,Талдықорған а.
104153400,NK RK 11-2025,settlement,2,с.Климентьевка,Климентьевка а.
104155000,NK RK 11-2025,sub_district,2,Карауленский с.о.,Қараөлең а.о.
104155100,NK RK 11-2025,settlement,2,с.Кайнар,Қайнар а.
104155102,NK RK 11-2025,settlement,2,с.Айнашолак,Айнашолақ а.
104155103,NK RK 11-2025,settlement,2,с.Байсейіт,Байсейіт а.
104155104,NK RK 11-2025,settlement,2,с.Бассакал,Бассақал а.
104155105,NK RK 11-2025,settlement,2,с.Кабанбай,Қабанбай а.
104155106,NK RK 11-2025,settlement,2,с.Кабакши 1,Қабақши 1 а.
104155107,NK RK 11-2025,settlement,2,с.Кабакши 2,Қабақши 2 а.
104155108,NK RK 11-2025,settlement,2,с.Мазакбай,Мазақбай а.
104155109,NK RK 11-2025,settlement,2,с.Маремик 1,Маремік 1 а.
104155111,NK RK 11-2025,settlement,2,с.Маремик 2,Маремік 2 а.
104155113,NK RK 11-2025,settlement,2,с.Мастекбай,Мастекбай а.
104155114,NK RK 11-2025,settlement,2,с.Караолен,Қараөлең а.
104157000,NK RK 11-2025,sub_district,2,Озерский с.о.,Өзер а.о.
104157100,NK RK 11-2025,settlement,2,с.Озерки,Өзеркі а.
104157103,NK RK 11-2025,settlement,2,с.Каштак,Қаштақ а.
104157105,NK RK 11-2025,settlement,2,Каштакское лесхоз,Қаштақ орманшар
104157107,NK RK 11-2025,settlement,2,с.Малая Актобе,Кіші Ақтөбе а.
104157200,NK RK 11-2025,settlement,2,с.Караколь,Қаракөл а.
104157203,NK RK 11-2025,settlement,2,с.Балтатарак,Балтатарақ а.
104157300,NK RK 11-2025,settlement,2,с.Половинка,Половинка а.
104157303,NK RK 11-2025,settlement,2,с.Типкаши,Типқашы а.
104157400,NK RK 11-2025,settlement,2,с.Талица,Талица а.
104159000,NK RK 11-2025,sub_district,2,Приречный с.о.,Приречный а.о.
104159100,NK RK 11-2025,settlement,2,с.Приречное,Приречное а.
104159103,NK RK 11-2025,settlement,2,рзд.1,рзд.1
104159200,NK RK 11-2025,settlement,2,с.Гранитное,Гранитное а.
104159203,NK RK 11-2025,settlement,2,с.Жура,Жұра а.
104159300,NK RK 11-2025,settlement,2,с.Жаркын,Жарқын а.
104159400,NK RK 11-2025,settlement,2,с.Муздыбай,Мұздыбай а.
104159403,NK RK 11-2025,settlement,2,с.Культобе,Күлтөбе а.
104159500,NK RK 11-2025,settlement,2,с.Шоптыгак,Шоптығақ а.
104163000,NK RK 11-2025,sub_district,1,Чаганская п.а.,Шаған к.ә.
104163100,NK RK 11-2025,settlement,1,п.Чаган,Шаған к.
104165000,NK RK 11-2025,sub_district,1,Шульбинская п.а.,Шүлбі к.ә.
104165100,NK RK 11-2025,settlement,1,п.Шульбинск,Шүлбі к.
104200000,NK RK 11-2025,district,4,Жарминский район,Жарма ауданы
104221000,NK RK 11-2025,sub_district,3,Шарская г.а.,Шар қ.ә.
104221100,NK RK 11-2025,settlement,1,г.Шар,Шар қ.
104221300,NK RK 11-2025,settlement,2,с.Кезенсу,Кезенсу а.
104221302,NK RK 11-2025,settlement,2,с.Акбастау,Ақбастау а.
104221303,NK RK 11-2025,settlement,2,с.Аккудук,Аққұдық а.
104221304,NK RK 11-2025,settlement,2,с.Атыгай,Атығай а.
104221305,NK RK 11-2025,settlement,2,с.Аякжыра,Аяқжыра а.
104221306,NK RK 11-2025,settlement,2,с.Ауганбай,Ауғанбай а.
104221307,NK RK 11-2025,settlement,2,с.Кызылшокы,Қызылшоқы а.
104221308,NK RK 11-2025,settlement,2,с.Муздыбай,Мұздыбай а.
104221309,NK RK 11-2025,settlement,2,с.Сахай,Сахай а.
104221311,NK RK 11-2025,settlement,2,с.Темирбек,Темірбек а.
104221313,NK RK 11-2025,settlement,2,с.Шакей,Шакей а.
104221314,NK RK 11-2025,settlement,2,с.Еспе,Еспе а.
104221315,NK RK 11-2025,settlement,2,рзд.6,рзд.6
104221400,NK RK 11-2025,settlement,2,с.Кошек,Көшек а.
104221405,NK RK 11-2025,settlement,2,с.Караш,Қараш а.
104221700,NK RK 11-2025,settlement,2,с.Сарыарка,Сарыарқа а.
104221900,NK RK 11-2025,settlement,2,с.Суырлы,Суырлы а.
104230000,NK RK 11-2025,sub_district,2,Калбатауский с.о.,Қалбатау а.о.
104230100,NK RK 11-2025,settlement,2,с.Калбатау,Қалбатау а.
104230102,NK RK 11-2025,settlement,2,с.Кесикпай,Кесікпай а.
104230103,NK RK 11-2025,settlement,2,с.Камышитовая,Камышитовая а.
104230104,NK RK 11-2025,settlement,2,ЛТО,ЛТО
104230105,NK RK 11-2025,settlement,2,с.Никитенка,Никитенка а.
104230106,NK RK 11-2025,settlement,2,Огород,Бақша
104230107,NK RK 11-2025,settlement,2,Бригада 1 Табор,Бригада 1 Табор
104230108,NK RK 11-2025,settlement,2,с.Корукшар,Көрікшар а.
104230109,NK RK 11-2025,settlement,2,с.Орумбай,Орумбай а.
104230111,NK RK 11-2025,settlement,2,с.Арасан,Арасан а.
104230112,NK RK 11-2025,settlement,2,с.Доран,Доран а.
104230113,NK RK 11-2025,settlement,2,с.Жолан,Жолан а.
104230114,NK RK 11-2025,settlement,2,с.Новая,Новая а.
104230115,NK RK 11-2025,settlement,2,с.Озерный,Озерный а.
104230116,NK RK 11-2025,settlement,2,с.Бурлыагаш,Бүрліағаш а.
104230117,NK RK 11-2025,settlement,2,точка 1,мекен 1
104230118,NK RK 11-2025,settlement,2,точка 2,мекен 2
104230119,NK RK 11-2025,settlement,2,с.Юбилейная,Юбилейная а.
104230400,NK RK 11-2025,settlement,2,с.Батыр Капай,Батыр Қапай а.
104230800,NK RK 11-2025,settlement,2,с.Ортабулак,Ортабұлақ а.
104230803,NK RK 11-2025,settlement,2,с.Боршабулак,Боршабұлақ а.
104230804,NK RK 11-2025,settlement,2,уч.Алайгыр,Алайғыр уч.
104233000,NK RK 11-2025,sub_district,2,Акжальский с.о.,Ақжал а.о.
104233100,NK RK 11-2025,settlement,2,с.Жанаозен,Жаңаөзен а.
104233102,NK RK 11-2025,settlement,2,с.Бельдеу,Белдеу а.
104233103,NK RK 11-2025,settlement,2,с.Токтакушик,Тоқтакүшік а.
104233106,NK RK 11-2025,settlement,2,с.Женишке,Жіңішке а.
104233300,NK RK 11-2025,settlement,2,с.Акжал,Ақжал а.
104233302,NK RK 11-2025,settlement,2,с.Боке,Бөке а.
104235000,NK RK 11-2025,sub_district,2,Ауэзовский с.о.,Әуезов а.о.
104235100,NK RK 11-2025,settlement,2,с.Ауэзов,Әуезов а.
104235200,NK RK 11-2025,settlement,2,с.Солнечное,Солнечное а.
104237000,NK RK 11-2025,sub_district,2,Бельтерекский с.о.,Белтерек а.о.
104237100,NK RK 11-2025,settlement,2,с.Белтерек,Белтерек а.
104237102,NK RK 11-2025,settlement,2,уч.Абжан,Әбжан уч.
104237103,NK RK 11-2025,settlement,2,уч.Баулык,Баулық уч.
104237104,NK RK 11-2025,settlement,2,уч.Жагипар,Жағыпар уч.
104237105,NK RK 11-2025,settlement,2,уч.Карибай,Кәрібай уч.
104237106,NK RK 11-2025,settlement,2,уч.Каратас,Қаратас уч.
104237107,NK RK 11-2025,settlement,2,уч.Кырка,Қырқа уч.
104237108,NK RK 11-2025,settlement,2,уч.Орумбай,Өрімбай уч.
104237109,NK RK 11-2025,settlement,2,уч.Сарыолен,Сарыөлен уч.
104237111,NK RK 11-2025,settlement,2,уч.Сылдырбай,Сылдырбай уч.
104237112,NK RK 11-2025,settlement,2,с.Карашокы,Қарашоқы а.
104237113,NK RK 11-2025,settlement,2,уч.Айбас,Айбас уч.
104237114,NK RK 11-2025,settlement,2,уч.Иман,Иман уч.
104237115,NK RK 11-2025,settlement,2,уч.Кабанбай,Қабанбай уч.
104237116,NK RK 11-2025,settlement,2,уч.Шошкалы,Шошқалы уч.
104237117,NK RK 11-2025,settlement,2,уч.Шуак,Шуақ уч.
104237118,NK RK 11-2025,settlement,2,уч.Карабие,Қарабие уч.
104237200,NK RK 11-2025,settlement,2,с.Балыктыколь,Балықтыкөл а.
104237400,NK RK 11-2025,settlement,2,с.8 Марта,Сегізінші Наурыз а.
104237402,NK RK 11-2025,settlement,2,уч.Айнабулак,Айнабұлақ уч.
104237403,NK RK 11-2025,settlement,2,уч.Алтыбай,Алтыбай уч.
104237404,NK RK 11-2025,settlement,2,уч.Аяккол,Аяққол уч.
104237405,NK RK 11-2025,settlement,2,уч.Кокен,Көкен уч.
104237406,NK RK 11-2025,settlement,2,уч.Караш,Қараш уч.
104237407,NK RK 11-2025,settlement,2,уч.Колбулак,Қолбұлақ уч.
104237408,NK RK 11-2025,settlement,2,уч.Кызылкайнар,Қызылқайнар уч.
104237409,NK RK 11-2025,settlement,2,уч.Нагол,Нагол уч.
104237411,NK RK 11-2025,settlement,2,уч.Рами,Рами уч.
104237413,NK RK 11-2025,settlement,2,уч.Танеке,Танеке уч.
104239000,NK RK 11-2025,sub_district,2,Божегурский с.о.,Бөжегүр а.о.
104239100,NK RK 11-2025,settlement,2,с.Салкынтобе,Салқынтөбе а.
104239200,NK RK 11-2025,settlement,2,с.Каражал,Қаражал а.
104239300,NK RK 11-2025,settlement,2,с.Укили,Үкілі а.
104245000,NK RK 11-2025,sub_district,2,Бирликский с.о.,Бірлік а.о.
104245100,NK RK 11-2025,settlement,2,с.Бирлик,Бірлік а.
104245102,NK RK 11-2025,settlement,2,с.Амангельды,Амангелді а.
104245107,NK RK 11-2025,settlement,2,с.Каракожа,Қарақожа а.
104247000,NK RK 11-2025,sub_district,2,Бирликшильский с.о.,Бірлікшіл а.о.
104247100,NK RK 11-2025,settlement,2,с.Сулусары,Сұлусары а.
104247103,NK RK 11-2025,settlement,2,с.Енбекту,Еңбекту а.
104247105,NK RK 11-2025,settlement,2,с.Юбилейная,Юбилейная а.
104247107,NK RK 11-2025,settlement,2,с.Казан-чункур,Қазаншұңқыр а.
104247108,NK RK 11-2025,settlement,2,с.Койтас,Қойтас а.
104247109,NK RK 11-2025,settlement,2,с.Койтас 1,Қойтас 1 а.
104247111,NK RK 11-2025,settlement,2,с.Нургали,Нұрғали а.
104247500,NK RK 11-2025,settlement,2,с.Шымылдык,Шымылдық а.
104247503,NK RK 11-2025,settlement,2,с.Акбиик,Ақбиік а.
104247505,NK RK 11-2025,settlement,2,с.Уаихан,Уайхан а.
104257000,NK RK 11-2025,sub_district,2,Жангизтобинский с.о.,Жаңғызтөбе а.о.
104257100,NK RK 11-2025,settlement,2,с.Жангизтобе,Жаңғызөбе а.
104257105,NK RK 11-2025,settlement,2,рзд.9 км,рзд.9 км
104257300,NK RK 11-2025,settlement,2,рзд.10 км,рзд.10 км
104257400,NK RK 11-2025,settlement,2,с.Шуак,Шуақ а.
104263000,NK RK 11-2025,sub_district,2,Жарминский с.о.,Жарма а.о.
104263100,NK RK 11-2025,settlement,2,с.Жарма,Жарма а.
104263104,NK RK 11-2025,settlement,2,рзд.15 км,рзд.15 км
104263105,NK RK 11-2025,settlement,2,рзд.16 км,рзд.16 км
104263200,NK RK 11-2025,settlement,2,с.Каракойтас,Қарақойтас а.
104265000,NK RK 11-2025,sub_district,2,Жарыкский с.о.,Жарық а.о.
104265100,NK RK 11-2025,settlement,2,с.Жарык,Жарық а.
104265102,NK RK 11-2025,settlement,2,точка Аргынбай,Арғынбай мекені
104265103,NK RK 11-2025,settlement,2,точка Комсомол,Комсомол мекені
104265104,NK RK 11-2025,settlement,2,точка Кайран,Қайран мекені
104265105,NK RK 11-2025,settlement,2,точка Карасу,Қарасу мекені
104265107,NK RK 11-2025,settlement,2,точка Подхоз,Қосшар мекені
104265109,NK RK 11-2025,settlement,2,точка Куланбай,Құланбай мекені
104265113,NK RK 11-2025,settlement,2,точка Туркан,Тұрқан мекені
104265114,NK RK 11-2025,settlement,2,с.Кызылкайын,Қызылқайың а.
104265115,NK RK 11-2025,settlement,2,точка Акбаз,Ақбаз мекені
104265300,NK RK 11-2025,settlement,2,с.Малай,Малай а.
104265302,NK RK 11-2025,settlement,2,точка Бесбаз,Бесбаз мекені
104265303,NK RK 11-2025,settlement,2,точка Едильбай,Еділбай мекені
104265304,NK RK 11-2025,settlement,2,точка Сарыоба,Сарыоба мекені
104265305,NK RK 11-2025,settlement,2,точка Уйтас,Үйтас мекені
104273000,NK RK 11-2025,sub_district,2,Аршалинский с.о.,Аршалы а.о.
104273100,NK RK 11-2025,settlement,2,с.Аршалы,Аршалы а.
104273102,NK RK 11-2025,settlement,2,с.Петровка,Петровка а.
104273103,NK RK 11-2025,settlement,2,с.Суыкбулак,Суықбұлақ а.
104273104,NK RK 11-2025,settlement,2,с.Тума,Тума а.
104273105,NK RK 11-2025,settlement,2,с.Турксиб,Түріксіб а.
104273200,NK RK 11-2025,settlement,2,с.Жарыктас,Жарықтас а.
104273202,NK RK 11-2025,settlement,2,с.Акай,Ақай а.
104273203,NK RK 11-2025,settlement,2,с.Акпай,Ақпай а.
104273204,NK RK 11-2025,settlement,2,с.Жалпакбас,Жалпақбас а.
104273205,NK RK 11-2025,settlement,2,с.Иманбай,Иманбай а.
104273206,NK RK 11-2025,settlement,2,с.Карашокы,Қарашоқы а.
104273207,NK RK 11-2025,settlement,2,с.Косбулак,Қосбұлақ а.
104273208,NK RK 11-2025,settlement,2,с.Кызылкаска,Қызылқасқа а.
104273209,NK RK 11-2025,settlement,2,с.Куттымбет,Құттымбет а.
104273211,NK RK 11-2025,settlement,2,с.Сарыбужур,Сарыбұжыр а.
104273213,NK RK 11-2025,settlement,2,с.Сункар,Сұңқар а.
104273215,NK RK 11-2025,settlement,2,с.Шылтан,Шылтан а.
104275000,NK RK 11-2025,sub_district,2,Капанбулакский с.о.,Қапанбұлақ а.о.
104275100,NK RK 11-2025,settlement,2,с.Капанбулак,Қапанбұлақ а.
104275103,NK RK 11-2025,settlement,2,с.Нарбота,Нарбота а.
104275105,NK RK 11-2025,settlement,2,с.Первомайское,Первомайское а.
104275107,NK RK 11-2025,settlement,2,рзд.12 км,рзд.12 км
104275108,NK RK 11-2025,settlement,2,рзд.14 км,рзд.14 км
104275200,NK RK 11-2025,settlement,2,с.Балыктыколь,Балықтыкөл а.
104275300,NK RK 11-2025,settlement,2,с.Егинбулак,Егінбұлақ а.
104275302,NK RK 11-2025,settlement,2,с.Акажан,Ақажан а.
104275303,NK RK 11-2025,settlement,2,с.Аккора,Аққора а.
104275304,NK RK 11-2025,settlement,2,с.Бердикожа,Бердіқожа а.
104275305,NK RK 11-2025,settlement,2,с.Разин,Разин а.
104275400,NK RK 11-2025,settlement,2,ст.Капанбулак,Қапанбұлақ ст.
104275500,NK RK 11-2025,settlement,2,с.Төлеуғали Әбдібекова,Төлеуғали Әбдібекова а.
104275502,NK RK 11-2025,settlement,2,с.Берден,Берден а.
104275503,NK RK 11-2025,settlement,2,с.Боз,Боз а.
104275504,NK RK 11-2025,settlement,2,с.Досхана,Досхана а.
104275505,NK RK 11-2025,settlement,2,с.Кенебай,Кенебай а.
104275506,NK RK 11-2025,settlement,2,с.Киикбай,Киікбай а.
104275507,NK RK 11-2025,settlement,2,с.Косе,Көсе а.
104275508,NK RK 11-2025,settlement,2,с.Карабулак,Қарабұлақ а.
104275509,NK RK 11-2025,settlement,2,с.Каракия,Қарақия а.
104275511,NK RK 11-2025,settlement,2,с.Камбар,Қамбар а.
104275513,NK RK 11-2025,settlement,2,с.Сартмойнак,Сартмойнақ а.
104275515,NK RK 11-2025,settlement,2,с.Султан,Сұлтан а.
104277000,NK RK 11-2025,sub_district,2,Карасуский с.о.,Қарасу а.о.
104277100,NK RK 11-2025,settlement,2,с.Киши Карасу,Кіші Қарасу а.
104277102,NK RK 11-2025,settlement,2,уч.Акмолда,Ақмолда уч.
104277103,NK RK 11-2025,settlement,2,уч.Актобе,Ақтөбе уч.
104277104,NK RK 11-2025,settlement,2,уч.Байгара,Байғара уч.
104277105,NK RK 11-2025,settlement,2,уч.Балтабай,Балтабай уч.
104277106,NK RK 11-2025,settlement,2,уч.Белая база,Белая база уч.
104277107,NK RK 11-2025,settlement,2,уч.Буйрексирак,Бүйрексирақ уч.
104277108,NK RK 11-2025,settlement,2,уч.Кызылагаш,Қызылағаш уч.
104277109,NK RK 11-2025,settlement,2,уч.Нестровка,Нестровка уч.
104277111,NK RK 11-2025,settlement,2,уч.Новая Черногорка,Новая Черногорка уч.
104277113,NK RK 11-2025,settlement,2,уч.Опытное,Тәжірибе уч.
104277115,NK RK 11-2025,settlement,2,уч.Старая Черногорка,Старая Черногорка уч.
104277117,NK RK 11-2025,settlement,2,уч.Шагил,Шағыл уч.
104277119,NK RK 11-2025,settlement,2,уч.Шолактумсык,Шолақтұмсық уч.
104277200,NK RK 11-2025,settlement,2,с.Аскаралы,Асқаралы а.
104277203,NK RK 11-2025,settlement,2,уч.Баймырза,Баймырза уч.
104277204,NK RK 11-2025,settlement,2,уч.Бектас,Бектас уч.
104277205,NK RK 11-2025,settlement,2,уч.Бескай,Бесқай уч.
104277206,NK RK 11-2025,settlement,2,уч.Ближний Байгон,Ближний Байгон уч.
104277207,NK RK 11-2025,settlement,2,уч.Дальний Байгон,Дальний Байгон уч.
104277208,NK RK 11-2025,settlement,2,уч.Дюке,Дөке уч.
104277209,NK RK 11-2025,settlement,2,уч.Карашокы,Қарашоқы уч.
104277211,NK RK 11-2025,settlement,2,уч.Кызылчилик,Қызылшелек уч.
104277213,NK RK 11-2025,settlement,2,уч.Сеймазы,Сеймазы уч.
104277215,NK RK 11-2025,settlement,2,уч.Тостек,Төстік уч.
104277217,NK RK 11-2025,settlement,2,уч.Шат,Шат уч.
104277300,NK RK 11-2025,settlement,2,с.Конырбиик,Қоңырбиік а.
104277302,NK RK 11-2025,settlement,2,уч.Абей,Әбей уч.
104277303,NK RK 11-2025,settlement,2,уч.Деткоммуна,Деткоммуна уч.
104277304,NK RK 11-2025,settlement,2,уч.Изенди,Изенді уч.
104277305,NK RK 11-2025,settlement,2,уч.Кансар,Қансар уч.
104277306,NK RK 11-2025,settlement,2,уч.Кауымбай,Қауымбай уч.
104277307,NK RK 11-2025,settlement,2,уч.Коксу,Көксу уч.
104277308,NK RK 11-2025,settlement,2,уч.Кызылжетек,Қызылжетек уч.
104277309,NK RK 11-2025,settlement,2,уч.Осен,Үсен уч.
104277311,NK RK 11-2025,settlement,2,уч.Сеит,Сейіт уч.
104277313,NK RK 11-2025,settlement,2,уч.Шабак,Шабақ уч.
104277315,NK RK 11-2025,settlement,2,уч.Шардала,Шардала уч.
104277316,NK RK 11-2025,settlement,2,с.Майса,Майса а.
104277317,NK RK 11-2025,settlement,2,с.Суыкбулак,Суықбұлақ а.
104277318,NK RK 11-2025,settlement,2,уч.Мусреп,Мүсіреп уч.
104277319,NK RK 11-2025,settlement,2,уч.Ханкелды,Ханкелді уч.
104279000,NK RK 11-2025,sub_district,2,Каратобинский с.о.,Қаратөбе а.о.
104279100,NK RK 11-2025,settlement,2,с.Каратобе,Қаратөбе а.
104279200,NK RK 11-2025,settlement,2,с.Ади,Әди а.
104279203,NK RK 11-2025,settlement,2,с.Есерке,Есерке а.
104279300,NK RK 11-2025,settlement,2,с.Кентарлау,Қеңтарлау а.
104279303,NK RK 11-2025,settlement,2,с.Даубай,Даубай а.
104281000,NK RK 11-2025,sub_district,2,Кызылагашский с.о.,Қызылағаш а.о.
104281100,NK RK 11-2025,settlement,2,с.Кызылагаш,Қызылағаш а.
104281102,NK RK 11-2025,settlement,2,Арабаз,Арабаз
104281103,NK RK 11-2025,settlement,2,с.Жарыкты,Жарықты а.
104281104,NK RK 11-2025,settlement,2,с.Каратогай,Қаратоғай а.
104281105,NK RK 11-2025,settlement,2,с.Кулжабас,Құлжабас а.
104281106,NK RK 11-2025,settlement,2,Птичник,Құсхана
104281107,NK RK 11-2025,settlement,2,с.Саметей,Сәметей а.
104281108,NK RK 11-2025,settlement,2,с.Сандыктас,Сандықтас а.
104281109,NK RK 11-2025,settlement,2,с.Сарсембай,Сарсембай а.
104281111,NK RK 11-2025,settlement,2,с.Шыныбай,Шыныбай а.
104281112,NK RK 11-2025,settlement,2,с.Каратоган,Қаратоған а.
104281113,NK RK 11-2025,settlement,2,с.Баужан,Баужан а.
104281114,NK RK 11-2025,settlement,2,с.Суыкбастау,Суықбастау а.
104281115,NK RK 11-2025,settlement,2,с.Уклижартас,Үкіліжартас а.
104281300,NK RK 11-2025,settlement,2,с.Карасу,Қарасу а.
104281303,NK RK 11-2025,settlement,2,17 км,Он жетінші км
104283000,NK RK 11-2025,sub_district,2,Ушбиикский с.о.,Үшбиік а.о.
104283100,NK RK 11-2025,settlement,2,с.Ушбиик,Үшбиік а.
104283102,NK RK 11-2025,settlement,2,точка Дамба,Дамба мекені
104283103,NK RK 11-2025,settlement,2,точка Жанабаз,Жаңабаз мекені
104283104,NK RK 11-2025,settlement,2,точка Горсовет,Горсовет мекені
104283105,NK RK 11-2025,settlement,2,точка Какпатас,Қақпатас мекені
104283106,NK RK 11-2025,settlement,2,точка Косай,Қосай мекені
104283107,NK RK 11-2025,settlement,2,точка Коянбай,Қоянбай мекені
104283108,NK RK 11-2025,settlement,2,точка Караадыр 3,Қараадыр 3 мекені
104283109,NK RK 11-2025,settlement,2,точка Молбулак,Молбұлақ мекені
104283111,NK RK 11-2025,settlement,2,точка Лепес,Лепес мекені
104283113,NK RK 11-2025,settlement,2,точка Райбольница,Аудауырухана мекені
104283115,NK RK 11-2025,settlement,2,точка Северный Каражал,Солтүстік Қаражал мекені
104283117,NK RK 11-2025,settlement,2,точка Фонтан,Фонтан мекені
104283118,NK RK 11-2025,settlement,2,с.Енрекей,Еңрекей а.
104283119,NK RK 11-2025,settlement,2,точка Даулетбай,Дәулетбай мекені
104283121,NK RK 11-2025,settlement,2,точка Жумахан,Жұмахан мекені
104283122,NK RK 11-2025,settlement,2,точка Иманмуса,Иманмұса мекені
104283123,NK RK 11-2025,settlement,2,точка Изембай,Изембай мекені
104283124,NK RK 11-2025,settlement,2,точка Караадыр 1,Қараадыр 1 мекені
104283125,NK RK 11-2025,settlement,2,точка Караадыр 2,Қараадыр 2 мекені
104283126,NK RK 11-2025,settlement,2,точка Киргизжал,Қырғызжал мекені
104283127,NK RK 11-2025,settlement,2,уч.Айнабулак,Айнабұлақ уч.
104283128,NK RK 11-2025,settlement,2,точка Наймантай,Наймантай мекені
104283129,NK RK 11-2025,settlement,2,уч.Узынбулак,Ұзынбұлақ уч.
104283131,NK RK 11-2025,settlement,2,точка Тубек,Түбек мекені
104283132,NK RK 11-2025,settlement,2,точка Ушкумалак,Үшқұмалақ мекені
104283133,NK RK 11-2025,settlement,2,точка Шурук,Шұрық мекені
104283134,NK RK 11-2025,settlement,2,уч.Тошала,Тошала уч.
104285000,NK RK 11-2025,sub_district,2,Суыкбулакский с.о.,Суықбұлақ а.о.
104285100,NK RK 11-2025,settlement,2,с.Суыкбулак,Суықбұлақ а.
104285200,NK RK 11-2025,settlement,2,с.Дельбегетей,Делбегетей а.
104285203,NK RK 11-2025,settlement,2,рзд.3,рзд.3
104285205,NK RK 11-2025,settlement,2,рзд.4,рзд.4
104285300,NK RK 11-2025,settlement,2,с.Жайма,Жайма а.
104285302,NK RK 11-2025,settlement,2,с.Акбастау 1,Ақбастау 1 а.
104285303,NK RK 11-2025,settlement,2,с.Акбастау 2,Ақбастау 2 а.
104285304,NK RK 11-2025,settlement,2,с.Агашкудук,Ағашқұдық а.
104285305,NK RK 11-2025,settlement,2,с.Корганбай,Қорғанбай а.
104285306,NK RK 11-2025,settlement,2,Живконтора,Малшаруашылығы кеңсесі
104285307,NK RK 11-2025,settlement,2,с.Карашокы,Қарашоқы а.
104285308,NK RK 11-2025,settlement,2,с.Каскабулак 1,Қасқабұлақ 1 а.
104285309,NK RK 11-2025,settlement,2,с.Каскабулак 2,Қасқабұлақ 2 а.
104285311,NK RK 11-2025,settlement,2,с.Наймантай,Наймантай а.
104285312,NK RK 11-2025,settlement,2,с.Каскабулак 3,Қасқабұлақ 3 а.
104285313,NK RK 11-2025,settlement,2,Средний баз,Ортабаз
104285400,NK RK 11-2025,settlement,2,с.Теристанбалы,Терістаңбалы а.
104285403,NK RK 11-2025,settlement,2,уч.Раис,Раис уч.
104285500,NK RK 11-2025,settlement,2,с.Узунжал,Ұзынжал а.
104289000,NK RK 11-2025,sub_district,2,Шалабаевский с.о.,Шалабай а.о.
104289100,NK RK 11-2025,settlement,2,с.Шалабай,Шалабай а.
104289103,NK RK 11-2025,settlement,2,с.Мортас,Мөртас а.
104289104,NK RK 11-2025,settlement,2,с.Костобе,Қостөбе а.
104289105,NK RK 11-2025,settlement,2,с.Иман,Иман а.
104289106,NK RK 11-2025,settlement,2,с.Молдабай,Молдабай а.
104289107,NK RK 11-2025,settlement,2,с.Черниговка,Черниговка а.
104289108,NK RK 11-2025,settlement,2,с.Холодный Ключ,Холодный Ключ а.
104289109,NK RK 11-2025,settlement,2,с.Жанааул,Жаңаауыл а.
104289111,NK RK 11-2025,settlement,2,с.Алексеевка,Алексеевка а.
104289112,NK RK 11-2025,settlement,2,с.Карабулак,Қарабұлақ а.
104400000,NK RK 11-2025,district,2,Кокпектинский район,Көкпекті ауданы
104430000,NK RK 11-2025,sub_district,2,Кокпектинский с.о.,Көкпекті а.о.
104430100,NK RK 11-2025,settlement,2,с.Кокпекты,Көкпекті а.
104430300,NK RK 11-2025,settlement,2,с.Ажа,Ажа а.
104430400,NK RK 11-2025,settlement,2,с.Узунбулак,Ұзынбұлақ а.
104430500,NK RK 11-2025,settlement,2,с.Шариптогай,Шәріптоғай а.
104430600,NK RK 11-2025,settlement,2,с.Толагай,Толағай а.
104435000,NK RK 11-2025,sub_district,2,Улкен Букенский с.о.,Үлкенбөкен а.о.
104435100,NK RK 11-2025,settlement,2,с.Улкен Бокен,Үлкенбөкен а.
104435105,NK RK 11-2025,settlement,2,с.Тентек,Тентек а.
104435200,NK RK 11-2025,settlement,2,с.Актас,Ақтас а.
104435300,NK RK 11-2025,settlement,2,с.Жалсары,Жалсары а.
104439000,NK RK 11-2025,sub_district,2,Кокжайыкский с.о.,Көкжайық а.о.
104439100,NK RK 11-2025,settlement,2,с.Кокжайык,Көкжайық а.
104439105,NK RK 11-2025,settlement,2,с.Жумыскер,Жұмыскер а.
104439107,NK RK 11-2025,settlement,2,с.Талапкер,Талапкер а.
104439300,NK RK 11-2025,settlement,2,с.Акой,Ақой а.
104439500,NK RK 11-2025,settlement,2,с.Карамойыл,Қарамойыл а.
104439600,NK RK 11-2025,settlement,2,с.Карагандыколь,Қарағандыкөл а.
104445000,NK RK 11-2025,sub_district,2,с.о.им.Койгельды Аухадиева,Қойгелді Аухадиев атын. а.о.
104445100,NK RK 11-2025,settlement,2,с.Преображенка,Преображенка а.
104445200,NK RK 11-2025,settlement,2,с.Укиликыз,Үкіліқыз а.
104445203,NK RK 11-2025,settlement,2,с.Малая Буконь,Кіші Бөкен а.
104445400,NK RK 11-2025,settlement,2,с.Черноярка,Черноярка а.
104459000,NK RK 11-2025,sub_district,2,Бигашский с.о.,Биғаш а.о.
104459100,NK RK 11-2025,settlement,2,с.Бигаш,Биғаш а.
104459200,NK RK 11-2025,settlement,2,с.Егинбулак,Егінбұлақ а.
104459204,NK RK 11-2025,settlement,2,с.Комсомол,Комсомол а.
104459205,NK RK 11-2025,settlement,2,с.Каргалы,Қарғалы а.
104465000,NK RK 11-2025,sub_district,2,Тассайский с.о.,Тассай а.о.
104465100,NK RK 11-2025,settlement,2,с.Тассай,Тассай а.
104465105,NK RK 11-2025,settlement,2,с.Самык,Самық а.
104465200,NK RK 11-2025,settlement,2,с.Аксу,Ақсу а.
104465300,NK RK 11-2025,settlement,2,с.Кайнар,Қайнар а.
104465500,NK RK 11-2025,settlement,2,с.Ушкумей,Үшкүмей а.
104467000,NK RK 11-2025,sub_district,2,Теректинский с.о.,Теректі а.о.
104467100,NK RK 11-2025,settlement,2,с.Теректы,Теректі а.
104467102,NK RK 11-2025,settlement,2,с.Каменка,Каменка а.
104467103,NK RK 11-2025,settlement,2,с.Кызыл-Жулдыз,Қызыл-Жұлдыз а.
104467104,NK RK 11-2025,settlement,2,с.Орнек,Өрнек а.
104467105,NK RK 11-2025,settlement,2,с.Сарычиганак,Сарышығанақ а.
104469000,NK RK 11-2025,sub_district,2,Ульгулималшинский с.о.,Үлгілімалшы а.о.
104469100,NK RK 11-2025,settlement,2,с.Ульгули-Малши,Үлгілімалшы а.
104469105,NK RK 11-2025,settlement,2,с.Даулетбай,Дәулетбай а.
104469400,NK RK 11-2025,settlement,2,с.Нура,Нұра а.
104469500,NK RK 11-2025,settlement,2,с.Сулеймен,Сүлеймен а.
104469600,NK RK 11-2025,settlement,2,с.Мамай,Мамай а.
104477000,NK RK 11-2025,sub_district,2,Шугылбайский с.о,Шұғылбай а.о.
104477100,NK RK 11-2025,settlement,2,с.Шугылбай,Шұғылбай а.
104477300,NK RK 11-2025,settlement,2,с.Мелитополь,Мелитополь а.
104500000,NK RK 11-2025,district,2,район Мақаншы,Мақаншы ауданы
104530000,NK RK 11-2025,sub_district,2,Маканчинский с.о.,Мақаншы а.о.
104530100,NK RK 11-2025,settlement,2,с.Маканчи,Мақаншы а.
104533000,NK RK 11-2025,sub_district,2,Акшокинский с.о.,Ақшоқы а.о.
104533100,NK RK 11-2025,settlement,2,с.Акшокы,Ақшоқы а.
104533300,NK RK 11-2025,settlement,2,с.Подгорное,Подгорное а.
104535000,NK RK 11-2025,sub_district,2,Бахтинский с.о.,Бақты а.о.
104535100,NK RK 11-2025,settlement,2,с.Бахты,Бақты а.
104537000,NK RK 11-2025,sub_district,2,Келдимуратовский с.о.,Келдімұрат а.о.
104537100,NK RK 11-2025,settlement,2,с.Келдимурат,Келдімұрат а.
104537200,NK RK 11-2025,settlement,2,с.Кызылжулдуз,Қызылжұлдыз а.
104539000,NK RK 11-2025,sub_district,2,Кабанбайский с.о.,Қабанбай а.о.
104539100,NK RK 11-2025,settlement,2,с.Кабанбай,Қабанбай а.
104539106,NK RK 11-2025,settlement,2,с. Жаланашкол,Жалаңашкөл а.
104541000,NK RK 11-2025,sub_district,2,Каратуминский с.о.,Қаратұма а.о.
104541100,NK RK 11-2025,settlement,2,с.Каратума,Қаратұма а.
104543000,NK RK 11-2025,sub_district,2,Коктальский с.о.,Көктал а.о.
104543100,NK RK 11-2025,settlement,2,с.Коктал,Көктал а.
104545000,NK RK 11-2025,sub_district,2,Коктерекский с.о.,Көктерек а.о.
104545100,NK RK 11-2025,settlement,2,с.Коктерек,Көктерек а.
104545200,NK RK 11-2025,settlement,2,с.Кайынды,Қайыңды а.
104545300,NK RK 11-2025,settlement,2,с.Кызылбулак,Қызылбұлақ а.
104547000,NK RK 11-2025,sub_district,2,Карабутинский с.о.,Қарабұта а.о.
104547100,NK RK 11-2025,settlement,2,с.Карабута,Қарабұта а.
104549000,NK RK 11-2025,sub_district,2,Карабулакский с.о.,Қарабұлақ а.о.
104549100,NK RK 11-2025,settlement,2,с.Карабулак,Қарабұлақ а.
104549200,NK RK 11-2025,settlement,2,с.Барлыкарасан,Барлықарасан а.
104551000,NK RK 11-2025,sub_district,2,Каратальский с.о.,Қаратал а.о.
104551100,NK RK 11-2025,settlement,2,с.Каратал,Қаратал а.
104551300,NK RK 11-2025,settlement,2,с.Бекет,Бекет а.
104551400,NK RK 11-2025,settlement,2,с.Бугубай,Бұғыбай а.
104600000,NK RK 11-2025,district,2,Урджарский район,Үржар ауданы
104630000,NK RK 11-2025,sub_district,2,Урджарский с.о.,Үржар а.о.
104630100,NK RK 11-2025,settlement,2,с.Урджар,Үржар а.
104630200,NK RK 11-2025,settlement,2,с.Бургон,Бұрғон а.
104630300,NK RK 11-2025,settlement,2,с.Кызылту,Қызылту а.
104633000,NK RK 11-2025,sub_district,2,Акжарский с.о.,Ақжар а.о.
104633100,NK RK 11-2025,settlement,2,с.Акжар,Ақжар а.
104633200,NK RK 11-2025,settlement,2,с.Амангельды,Амангелді а.
104633300,NK RK 11-2025,settlement,2,с.Карамойыл,Қарамойыл а.
104635000,NK RK 11-2025,sub_district,2,Колдененский с.о.,Көлденең а.о.
104635100,NK RK 11-2025,settlement,2,с.Колденен,Көлденең а.
104639000,NK RK 11-2025,sub_district,2,Алтыншокинский с.о.,Алтыншоқы а.о.
104639100,NK RK 11-2025,settlement,2,с.Алтыншокы,Алтыншоқы а.
104639200,NK RK 11-2025,settlement,2,с.им.Айтбая,Атбай атындағы а.
104639300,NK RK 11-2025,settlement,2,с.Лайбулак,Лайбұлақ а.
104639400,NK RK 11-2025,settlement,2,с.Текебулак,Текебұлақ а.
104643000,NK RK 11-2025,sub_district,2,Бестерекский с.о.,Бестерек а.о.
104643100,NK RK 11-2025,settlement,2,с.Бестерек,Бестерек а.
104643200,NK RK 11-2025,settlement,2,с.Казымбет,Қазымбет а.
104643300,NK RK 11-2025,settlement,2,с.Кабанбай,Қабанбай а.
104647000,NK RK 11-2025,sub_district,2,Жана тилекский с.о.,Жаңа тілек а.о.
104647100,NK RK 11-2025,settlement,2,с.Жана тилек,Жаңа тілек а.
104647200,NK RK 11-2025,settlement,2,с.Тасарык,Тасарық а.
104649000,NK RK 11-2025,sub_district,2,Егинсуский с.о.,Егінсу а.о.
104649100,NK RK 11-2025,settlement,2,с.Егинсу,Егінсу а.
104649200,NK RK 11-2025,settlement,2,с.Жанай,Жанай а.
104651000,NK RK 11-2025,sub_district,2,Елтайский с.о.,Елтай а.о.
104651100,NK RK 11-2025,settlement,2,с.Елтай,Елтай а.
104655000,NK RK 11-2025,sub_district,2,Кокозекский с.о.,Көкөзек а.о.
104655100,NK RK 11-2025,settlement,2,с.Кокозек,Көкөзек а.
104667000,NK RK 11-2025,sub_district,2,Каракольский с.о.,Қаракөл а.о.
104667100,NK RK 11-2025,settlement,2,с.Каракол,Қаракөл а.
104667103,NK RK 11-2025,settlement,2,с.Сарытерек,Сарытерек а.
104667104,NK RK 11-2025,settlement,2,ферма 3,ферма 3
104667180,NK RK 11-2025,settlement,2,ферма 1 Абай,ферма 1 Абай
104667400,NK RK 11-2025,settlement,2,с.Сагат,Сағат а.
104671000,NK RK 11-2025,sub_district,2,Коныршаулинский с.о.,Қоңыршаулы а.о.
104671100,NK RK 11-2025,settlement,2,с.Таскескен,Таскескен а.
104671200,NK RK 11-2025,settlement,2,с.Ушбулак,Үшбұлақ а.
104675000,NK RK 11-2025,sub_district,2,Науалинский с.о.,Науалы а.о.
104675100,NK RK 11-2025,settlement,2,с.Науалы,Науалы а.
104675200,NK RK 11-2025,settlement,2,с.Малак,Малақ а.
104677000,NK RK 11-2025,sub_district,2,Жогаргы Егинсуский с.о.,Жоғарғы Егінсу а.о.
104677100,NK RK 11-2025,settlement,2,с.Жогаргы Егинсу,Жоғарғы Егінсу а.
104679000,NK RK 11-2025,sub_district,2,Баркытбельский с.о.,Барқытбел а.о.
104679100,NK RK 11-2025,settlement,2,с.Баркытбел,Барқытбел а.
104679300,NK RK 11-2025,settlement,2,с.Благодатное,Благодатное а.
104679400,NK RK 11-2025,settlement,2,с.Некрасовка,Некрасовка а.
104679500,NK RK 11-2025,settlement,2,с.Батпакты,Батпақты а.
104681000,NK RK 11-2025,sub_district,2,Салкынбельский с.о.,Салқынбел а.о.
104681100,NK RK 11-2025,settlement,2,с.Сегизбай,Сегізбай а.
104681300,NK RK 11-2025,settlement,2,с.Карабуйрат,Қарабұйрат а.
104683000,NK RK 11-2025,sub_district,2,Шолпанский с.о.,Шолпан а.о.
104683100,NK RK 11-2025,settlement,2,с.Шолпан,Шолпан а.
110000000,NK RK 11-2025,oblast,0,Акмолинская область,Ақмола облысы
111000000,NK RK 11-2025,district,3,Кокшетау Г.А.,Көкшетау Қ.Ә.
111010000,NK RK 11-2025,sub_district,1,г.Кокшетау,Көкшетау қ.
111033000,NK RK 11-2025,sub_district,2,Красноярский с.о.,Красный Яр а.о.
111033100,NK RK 11-2025,settlement,2,с.Красный Яр,Красный Яр а.
111033300,NK RK 11-2025,settlement,2,с.Кызылжулдуз,Қызылжұлдыз а.
111037000,NK RK 11-2025,sub_district,1,Станционная п.а.,Станционный к.ә.
111037100,NK RK 11-2025,settlement,1,п.Станционный,Станционный к.
111600000,NK RK 11-2025,district,3,Косшы Г.А.,Қосшы Қ.Ә.
111610000,NK RK 11-2025,sub_district,1,г.Косшы,Қосшы қ.
111633000,NK RK 11-2025,sub_district,2,с.а.Тайтобе,Тайтөбе а.ә.
111633100,NK RK 11-2025,settlement,2,с.Тайтобе,Тайтөбе а.
111800000,NK RK 11-2025,district,3,Степногорск Г.А.,Степногор Қ.Ә.
111810000,NK RK 11-2025,sub_district,1,г.Степногорск,Степногор қ.
111833000,NK RK 11-2025,sub_district,1,Аксуская п.а.,Ақсу к.ә.
111833100,NK RK 11-2025,settlement,1,п.Аксу,Ақсу к.
111837000,NK RK 11-2025,sub_district,1,Бестобинская п.а.,Бестөбе к.ә.
111837100,NK RK 11-2025,settlement,1,п.Бестобе,Бестөбе к.
111841000,NK RK 11-2025,sub_district,1,Заводская п.а.,Зауыт к.ә.
111841100,NK RK 11-2025,settlement,1,п.Заводской,Зауыт к.
111843000,NK RK 11-2025,sub_district,2,Карабулакская с.а.,Қарабұлақ   а.ә.
111843100,NK RK 11-2025,settlement,2,с.Карабулак,Қарабұлақ а.
111843105,NK RK 11-2025,settlement,2,с.Коксал,Көксал а.
111843107,NK RK 11-2025,settlement,2,с.Первомайка,Первомайка а.
111845000,NK RK 11-2025,sub_district,3,Шантобинская п.а.,Шаңтөбе к.ә.
111845100,NK RK 11-2025,settlement,1,п.Шантобе,Шаңтөбе к.
111845200,NK RK 11-2025,settlement,2,с.Новокронштадка,Новокронштадка а.
111847000,NK RK 11-2025,sub_district,2,Богембайский с.о.,Бөгембай а.о.
111847100,NK RK 11-2025,settlement,2,с.Байконыс,Байқоныс а.
111847300,NK RK 11-2025,settlement,2,с.Богембай,Бөгембай а.
111849000,NK RK 11-2025,sub_district,2,с.а.Изобильный,Изобильный а.ә.
111849100,NK RK 11-2025,settlement,2,с.Изобильное,Изобильное а.
111851000,NK RK 11-2025,sub_district,2,с.а.Кырыккудык,Қырыққұдық а.ә.
111851100,NK RK 11-2025,settlement,2,с.Кырыккудык,Қырыққұдық а.
113200000,NK RK 11-2025,district,4,Аккольский район,Ақкөл ауданы
113220000,NK RK 11-2025,sub_district,3,Аккольская г.а.,Ақкөл қ.ә.
113220100,NK RK 11-2025,settlement,1,г.Акколь,Ақкөл қ.
113220200,NK RK 11-2025,settlement,2,Аккол орманшар,Ақкөл орманшар
113220400,NK RK 11-2025,settlement,2,с.Радовка,Радовка а.
113239000,NK RK 11-2025,sub_district,2,с.а.Азат,Азат а.ә.
113239100,NK RK 11-2025,settlement,2,с.Азат,Азат а.
113241000,NK RK 11-2025,sub_district,2,Карасайский с.о.,Қарасай а.о.
113241100,NK RK 11-2025,settlement,2,с.Кына,Қына а.
113241200,NK RK 11-2025,settlement,2,с.Карасай,Қарасай а.
113241300,NK RK 11-2025,settlement,2,с.Сазды булак,Сазды бұлақ а.
113241303,NK RK 11-2025,settlement,2,с.Селета,Селета а.
113243000,NK RK 11-2025,sub_district,2,Кенесский с.о.,Кеңес а.о.
113243100,NK RK 11-2025,settlement,2,с.Домбыралы,Домбыралы а.
113243200,NK RK 11-2025,settlement,2,с.Кенес,Кеңес а.
113243300,NK RK 11-2025,settlement,2,с.Айдарлы,Айдарлы а.
113243400,NK RK 11-2025,settlement,2,с.Малый Барап,Малый Барап а.
113247000,NK RK 11-2025,sub_district,2,Наумовский с.о.,Наумов а.о.
113247100,NK RK 11-2025,settlement,2,с.Наумовка,Наумовка а.
113247107,NK RK 11-2025,settlement,2,с.Филипповка,Филипповка а.
113247200,NK RK 11-2025,settlement,2,с.Кемеркол,Кемеркөл а.
113247300,NK RK 11-2025,settlement,2,с.Орнек,Өрнек а.
113249000,NK RK 11-2025,sub_district,2,Новорыбинский с.о.,Новорыбинка а.о.
113249100,NK RK 11-2025,settlement,2,с.Новорыбинка,Новорыбинка а.
113249200,NK RK 11-2025,settlement,2,с.Кара-Озек,Қараөзек а.
113249300,NK RK 11-2025,settlement,2,с.Курылыс,Құрылыс а.
113251000,NK RK 11-2025,sub_district,2,Жалгызкарагайский с.о.,Жалғызқарағай а.о.
113251100,NK RK 11-2025,settlement,2,с.Жалгызкарагай,Жалғызқарағай а.
113251300,NK RK 11-2025,settlement,2,с.Тастыадыр,Тастыадыр а.
113253000,NK RK 11-2025,sub_district,2,Енбекский с.о.,Еңбек а.о.
113253100,NK RK 11-2025,settlement,2,с.Енбек,Еңбек а.
113253300,NK RK 11-2025,settlement,2,с.Рамадан,Рамадан а.
113253400,NK RK 11-2025,settlement,2,с.Табигат,Табиғат а.
113255000,NK RK 11-2025,sub_district,2,Урюпинский с.о.,Урюпин а.о.
113255100,NK RK 11-2025,settlement,2,с.Урюпинка,Урюпинка а.
113255200,NK RK 11-2025,settlement,2,с.Амангельды,Амангелді а.
113255300,NK RK 11-2025,settlement,2,с.Ерназар,Ерназар а.
113255500,NK RK 11-2025,settlement,2,с.Мереке,Мереке а.
113255600,NK RK 11-2025,settlement,2,с.Талкара,Талқара а.
113255700,NK RK 11-2025,settlement,2,с.Малоалександровка,Малоалександровка а.
113400000,NK RK 11-2025,district,2,Аршалынский район,Аршалы ауданы
113430000,NK RK 11-2025,sub_district,2,Аршалынская п.а.,Аршалы к.ә.
113430100,NK RK 11-2025,settlement,2,п.Аршалы,Аршалы к.
113431000,NK RK 11-2025,sub_district,2,Акбулакский с.о.,Ақбұлақ а.о.
113431100,NK RK 11-2025,settlement,2,с.Акбулак,Ақбұлақ а.
113431180,NK RK 11-2025,settlement,2,с.Актасты,Ақтасты а.
113432000,NK RK 11-2025,sub_district,2,п.а.Жибек жолы,Жібек жолы к.ә.
113432100,NK RK 11-2025,settlement,2,п.Жибек жолы,Жібек жолы к.
113433000,NK RK 11-2025,sub_district,2,с.о. Жибек жолы,Жібек жолы а.о.
113433200,NK RK 11-2025,settlement,2,с.Жалтырколь,Жалтыркөл а.
113433300,NK RK 11-2025,settlement,2,рзд.41,рзд.41
113433400,NK RK 11-2025,settlement,2,рзд.102,рзд.102
113435000,NK RK 11-2025,sub_district,2,Анарский с.о.,Анар а.о.
113435100,NK RK 11-2025,settlement,2,ст.Анар,Анар ст.
113435500,NK RK 11-2025,settlement,2,с.Анаркөл,Анаркөл а.
113437000,NK RK 11-2025,sub_district,2,Берсуатский с.о.,Бірсуат а.о.
113437100,NK RK 11-2025,settlement,2,с.Берсуат,Бірсуат а.
113437107,NK RK 11-2025,settlement,2,с. Шалгай,Шалғай а.
113437200,NK RK 11-2025,settlement,2,с.Байдала,Байдала а.
113441000,NK RK 11-2025,sub_district,2,с.о.Елтоқ,Елтоқ а.о.
113441100,NK RK 11-2025,settlement,2,с.Елтоқ,Елтоқ а.
113441500,NK RK 11-2025,settlement,2,с.Койгельды,Қойкелді а.
113441503,NK RK 11-2025,settlement,2,с.Береке,Береке а.
113441600,NK RK 11-2025,settlement,2,рзд.42,рзд.42
113442000,NK RK 11-2025,sub_district,2,с.о.Арнасай,Арнасай а.о.
113442100,NK RK 11-2025,settlement,2,с.Арнасай,Арнасай а.
113442200,NK RK 11-2025,settlement,2,ст.Бабатай,Бабатай ст.
113443000,NK RK 11-2025,sub_district,2,Ижевский с.о.,Ижев а.о.
113443100,NK RK 11-2025,settlement,2,с.Ижевское,Ижевское а.
113443200,NK RK 11-2025,settlement,2,ст.Шоптиколь,Шөптікөл ст.
113445000,NK RK 11-2025,sub_district,2,Константиновский с.о.,Константинов а.о.
113445100,NK RK 11-2025,settlement,2,с.Константиновка,Константиновка а.
113445200,NK RK 11-2025,settlement,2,с.Белоярка,Белоярка а.
113445400,NK RK 11-2025,settlement,2,с.Шортанды,Шортанды а.
113447000,NK RK 11-2025,sub_district,2,с.о.Турген,Түрген а.о.
113447100,NK RK 11-2025,settlement,2,с.Турген,Түрген а.
113447200,NK RK 11-2025,settlement,2,с.Красное Озеро,Красное Озеро а.
113447300,NK RK 11-2025,settlement,2,с.Родники,Родники а.
113449000,NK RK 11-2025,sub_district,2,Михайловский с.о.,Михайлов а.о.
113449100,NK RK 11-2025,settlement,2,с.Михайловка,Михайловка а.
113449200,NK RK 11-2025,settlement,2,с.Николаевка,Николаевка а.
113449300,NK RK 11-2025,settlement,2,с.Ольгинка,Ольгинка а.
113451000,NK RK 11-2025,sub_district,2,Булаксайский с.о.,Бұлақсай а.о.
113451100,NK RK 11-2025,settlement,2,с.Булаксай,Бұлақсай а.
113451400,NK RK 11-2025,settlement,2,с.Акжар,Ақжар а.
113451700,NK RK 11-2025,settlement,2,с.Костомар,Қостомар а.
113453000,NK RK 11-2025,sub_district,2,Сарабинский с.о.,Сарыоба а.о.
113453100,NK RK 11-2025,settlement,2,с.Сарыоба,Сарыоба а.
113453500,NK RK 11-2025,settlement,2,ст.Сарыоба,Сарыоба ст.
113600000,NK RK 11-2025,district,2,Астраханский район,Астрахан ауданы
113630000,NK RK 11-2025,sub_district,2,Астраханский с.о.,Астрахан а.о.
113630100,NK RK 11-2025,settlement,2,с.Астраханка,Астраханка а.
113630200,NK RK 11-2025,settlement,2,с.Жанабирлик,Жаңабірлік а.
113630300,NK RK 11-2025,settlement,2,с.Таволжанка,Таволжанка а.
113637000,NK RK 11-2025,sub_district,2,Есильский с.о.,Есіл а.о.
113637100,NK RK 11-2025,settlement,2,с.Зеленое,Зеленое а.
113637200,NK RK 11-2025,settlement,2,с.Шиликти,Шілікті а
113637300,NK RK 11-2025,settlement,2,с.Степное,Степное а.
113637303,NK RK 11-2025,settlement,2,с.Бесбидаик,Бесбидайық а.
113640000,NK RK 11-2025,sub_district,2,Жалтырский с.о.,Жалтыр а.о.
113640100,NK RK 11-2025,settlement,2,с.Жалтыр,Жалтыр а.
113640105,NK RK 11-2025,settlement,2,ст.Астраханка,Астрахан ст.
113640500,NK RK 11-2025,settlement,2,с.Жарсуат,Жарсуат а.
113641000,NK RK 11-2025,sub_district,2,с.а. Каменка,Каменка а.ә.
113641100,NK RK 11-2025,settlement,2,с.Каменка,Каменка а.
113645000,NK RK 11-2025,sub_district,2,Кызылжарский с.о.,Қызылжар а.о.
113645100,NK RK 11-2025,settlement,2,с.Жана-Турмыс,Жаңатұрмыс а.
113645200,NK RK 11-2025,settlement,2,с.Акимовка,Акимовка а.
113645400,NK RK 11-2025,settlement,2,с.Оксановка,Оксановка а.
113649000,NK RK 11-2025,sub_district,2,Николаевский с.о.,Николаев а.о.
113649100,NK RK 11-2025,settlement,2,с.Петровка,Петровка а.
113649200,NK RK 11-2025,settlement,2,с.Жамбыл,Жамбыл а.
113649500,NK RK 11-2025,settlement,2,с.Орнек,Өрнек а.
113650000,NK RK 11-2025,sub_district,2,Новочеркасский с.о.,Новочеркас а.о.
113650100,NK RK 11-2025,settlement,2,с.Новочеркасское,Новочеркасское а.
113650400,NK RK 11-2025,settlement,2,с.Ондирис,Өндіріс а.
113650600,NK RK 11-2025,settlement,2,с.Приишимка,Приишимка а.
113651000,NK RK 11-2025,sub_district,2,Острогорский с.о.,Острогор а.о.
113651100,NK RK 11-2025,settlement,2,с.Новый Колутон,Жаңа Колутон а.
113651200,NK RK 11-2025,settlement,2,с.Караколь,Қаракөл а.
113653000,NK RK 11-2025,sub_district,2,Первомайский с.о.,Первомай а.о.
113653100,NK RK 11-2025,settlement,2,с.Первомайка,Первомайка а.
113653300,NK RK 11-2025,settlement,2,с.Лозовое,Лозовое а.
113653400,NK RK 11-2025,settlement,2,с.Камышенка,Камышенка а.
113655000,NK RK 11-2025,sub_district,2,Староколутонский с.о.,Ескі Колутон а.о.
113655100,NK RK 11-2025,settlement,2,с.Старый Колутон,Ескі Колутон а.
113655300,NK RK 11-2025,settlement,2,с.Енбек,Еңбек а.
113655400,NK RK 11-2025,settlement,2,с.Ковыленка,Ковыленка а.
113655600,NK RK 11-2025,settlement,2,с.Косколь,Қоскөл а.
113656000,NK RK 11-2025,sub_district,2,Колутонский с.о.,Колутон а.о.
113656100,NK RK 11-2025,settlement,2,ст.Колутон,Колутон ст.
113656200,NK RK 11-2025,settlement,2,с.Бирлик,Бірлік а.
113657000,NK RK 11-2025,sub_district,2,Узункольский с.о.,Ұзынкөл а.о.
113657100,NK RK 11-2025,settlement,2,с.Узунколь,Ұзынкөл а.
113657107,NK RK 11-2025,settlement,2,с.Кайнарское,Қайнар а.
113657109,NK RK 11-2025,settlement,2,с.Луговое,Луговое а.
113657111,NK RK 11-2025,settlement,2,с.Каратубек,Қаратүбек а.
113657200,NK RK 11-2025,settlement,2,с.Алгабас,Алғабас а.
113657300,NK RK 11-2025,settlement,2,с.Булакты,Бұлақты а.
113800000,NK RK 11-2025,district,4,Атбасарский район,Атбасар ауданы
113820100,NK RK 11-2025,settlement,1,г.Атбасар,Атбасар қ.
113833000,NK RK 11-2025,sub_district,2,Шункыркольский с.о.,Шұңқыркөл а.о.
113833100,NK RK 11-2025,settlement,2,с.Сочинское,Сочинское а.
113833200,NK RK 11-2025,settlement,2,с.Новомариновка,Новомариновка а.
113833202,NK RK 11-2025,settlement,2,с.Шункырколь,Шұңқыркөл а.
113835000,NK RK 11-2025,sub_district,2,с.а. Борисовка,Борисовка а.ә.
113835100,NK RK 11-2025,settlement,2,с.Борисовка,Борисовка а.
113841000,NK RK 11-2025,sub_district,2,Макеевский с.о.,Макеев а.о.
113841100,NK RK 11-2025,settlement,2,с.Шуйское,Шуйское а.
113841103,NK RK 11-2025,settlement,2,с.Третьяковка,Третьяковка а.
113841200,NK RK 11-2025,settlement,2,с.Макеевка,Макеевка а.
113843000,NK RK 11-2025,sub_district,2,Мариновский с.о.,Маринов а.о.
113843100,NK RK 11-2025,settlement,2,с.Мариновка,Мариновка а.
113843300,NK RK 11-2025,settlement,2,с.Бейса хазирета,Бейіс хазірет а.
113843400,NK RK 11-2025,settlement,2,ст.Адыр,Адыр ст.
113845000,NK RK 11-2025,sub_district,2,с.о. Бастау,Бастау а.о.
113845100,NK RK 11-2025,settlement,2,с.Бастау,Бастау а.
113849000,NK RK 11-2025,sub_district,2,с.а. Новосельское,Новосельское а.ә.
113849100,NK RK 11-2025,settlement,2,с.Новосельское,Новосельское а.
113849107,NK RK 11-2025,settlement,2,с.Пролетарка,Пролетарка а.
113851000,NK RK 11-2025,sub_district,2,с.о.Акана Курманова,Ақан Құрманов а.о.
113851100,NK RK 11-2025,settlement,2,с.Акана Курманова,Ақан Құрманов а.
113851200,NK RK 11-2025,settlement,2,с.Караколь,Қаракөл а.
113851400,NK RK 11-2025,settlement,2,с.Косбармак,Қосбармақ а.
113852000,NK RK 11-2025,sub_district,2,Покровский с.о.,Покров а.о.
113852100,NK RK 11-2025,settlement,2,с.Покровка,Покровка а.
113852200,NK RK 11-2025,settlement,2,с.Садовое,Садовое а.
113852205,NK RK 11-2025,settlement,2,с.Пригородное,Пригородное а.
113853000,NK RK 11-2025,sub_district,2,Полтавский с.о.,Полтава а.о.
113853100,NK RK 11-2025,settlement,2,с.Полтавка,Полтавка а.
113853105,NK RK 11-2025,settlement,2,КФК Сыздыкова,КФК Сыздыкова
113853300,NK RK 11-2025,settlement,2,с.Титовка,Титовка а.
113855000,NK RK 11-2025,sub_district,2,Сепеевский с.о.,Сепе а.о.
113855100,NK RK 11-2025,settlement,2,с.Сепе,Сепе а.
113855200,NK RK 11-2025,settlement,2,с.Есенгельды,Есенкелді а.
113857000,NK RK 11-2025,sub_district,2,Сергеевский с.о.,Сергеев а.о.
113857100,NK RK 11-2025,settlement,2,с.Сергеевка,Сергеевка а.
113857200,NK RK 11-2025,settlement,2,с.Ащиколь,Ащыкөл а.
113857400,NK RK 11-2025,settlement,2,с.Самарка,Самарка а.
113863000,NK RK 11-2025,sub_district,2,Тельманский с.о.,Тельман а.о.
113863100,NK RK 11-2025,settlement,2,с.Тельмана,Тельман а.
113863109,NK RK 11-2025,settlement,2,рзд.87,рзд.87
113863200,NK RK 11-2025,settlement,2,с.Поповка,Поповка а.
113863202,NK RK 11-2025,settlement,2,с.Садубек,Сәдібек а.
113863204,NK RK 11-2025,settlement,2,с.Каражар,Қаражар а.
113867000,NK RK 11-2025,sub_district,2,Ярославский с.о.,Ярослав а.о.
113867100,NK RK 11-2025,settlement,2,с.Тимашевка,Тимашевка а.
113867300,NK RK 11-2025,settlement,2,с.Калиновка,Калиновка а.
113867400,NK RK 11-2025,settlement,2,с.Магдалиновка,Магдалиновка а.
113867500,NK RK 11-2025,settlement,2,с.Родионовка,Родионовка а.
113867503,NK RK 11-2025,settlement,2,с.Ждановка,Ждановка а.
113867700,NK RK 11-2025,settlement,2,с.Хрящевка,Хрящевка а.
114000000,NK RK 11-2025,district,4,Буландынский район,Бұланды ауданы
114020100,NK RK 11-2025,settlement,1,г.Макинск,Макинск қ.
114031000,NK RK 11-2025,sub_district,2,Вознесенский с.о.,Вознесен а.о.
114031100,NK RK 11-2025,settlement,2,с.Вознесенка,Вознесенка а.
114031200,NK RK 11-2025,settlement,2,с.Аккайын,Аққайың а.
114031500,NK RK 11-2025,settlement,2,с.Тастыозек,Тастыөзек а.
114035000,NK RK 11-2025,sub_district,2,Алтындынский с.о.,Алтынды а.о.
114035100,NK RK 11-2025,settlement,2,с. Алтынды,Алтынды а.
114035200,NK RK 11-2025,settlement,2,с. Алаколь,Алакөл а.
114035300,NK RK 11-2025,settlement,2,с.Боярка,Боярка а.
114035400,NK RK 11-2025,settlement,2,с.Ельтай,Елтай а.
114035500,NK RK 11-2025,settlement,2,с.Жанаталап,Жаңаталап а.
114037000,NK RK 11-2025,sub_district,2,Ергольский с.о.,Еркөл а.о.
114037100,NK RK 11-2025,settlement,2,с.Токтамыс,Тоқтамыс а.
114037200,NK RK 11-2025,settlement,2,с.Гордеевка,Гордеевка а.
114037300,NK RK 11-2025,settlement,2,с.Иванковка,Иванковка а.
114037400,NK RK 11-2025,settlement,2,с.Новокиевка,Новокиевка а.
114039000,NK RK 11-2025,sub_district,2,Журавлевский с.о.,Журавлев а.о.
114039100,NK RK 11-2025,settlement,2,с.Журавлевка,Журавлевка а.
114039200,NK RK 11-2025,settlement,2,с.Воробьевка,Воробьевка а.
114039300,NK RK 11-2025,settlement,2,с.Айнаколь,Айнакөл а.
114039400,NK RK 11-2025,settlement,2,с.Новодонецк,Новодонецк а.
114039500,NK RK 11-2025,settlement,2,с.Острогорское,Острогорское а.
114039600,NK RK 11-2025,settlement,2,с.Ярославка,Ярославка а
114041000,NK RK 11-2025,sub_district,2,Капитоновский с.о.,Капитонов а.о.
114041100,NK RK 11-2025,settlement,2,с.Капитоновка,Капитоновка а.
114043000,NK RK 11-2025,sub_district,2,Карамышевский с.о.,Карамышев а.о.
114043100,NK RK 11-2025,settlement,2,с.Шубарагаш,Шұбарағаш а.
114043200,NK RK 11-2025,settlement,2,с.Мат,Мат а.
114043400,NK RK 11-2025,settlement,2,с.Отрадное,Отрадное а.
114043405,NK RK 11-2025,settlement,2,с.им.Розы Люксембург,Роза Люксембург атын.а.
114043700,NK RK 11-2025,settlement,2,с.Суворовка,Суворовка а.
114045000,NK RK 11-2025,sub_district,2,Никольский с.о.,Никольский а.о.
114045100,NK RK 11-2025,settlement,2,с.Никольское,Никольское а.
114047000,NK RK 11-2025,sub_district,2,Новобратский с.о.,Новобратское а.о.
114047100,NK RK 11-2025,settlement,2,с.Новобратское,Новобратское а.
114047200,NK RK 11-2025,settlement,2,с.Буденновка,Буденновка а.
114053000,NK RK 11-2025,sub_district,2,Амангельдинский с.о.,Амангелді а.о.
114053100,NK RK 11-2025,settlement,2,с.Партизанка,Партизанка а.
114053300,NK RK 11-2025,settlement,2,с.Ортакшыл,Ортақшыл а.
114055000,NK RK 11-2025,sub_district,2,Караузекский с.о.,Қараөзек а.о.
114055100,NK RK 11-2025,settlement,2,с.Караозек,Қараөзек а.
114055600,NK RK 11-2025,settlement,2,с.Купчановка,Купчановка а.
114055700,NK RK 11-2025,settlement,2,с.Байсуат,Байсуат а.
114400000,NK RK 11-2025,district,2,Егиндыкольский район,Егіндікөл ауданы
114430000,NK RK 11-2025,sub_district,2,Егиндыкольский с.о.,Егіндікөл а.о.
114430100,NK RK 11-2025,settlement,2,с.Егиндыколь,Егіндікөл а.
114435000,NK RK 11-2025,sub_district,2,Алакольский с.о.,Алакөл а.о.
114435100,NK RK 11-2025,settlement,2,с.Полтавское,Полтавское а.
114435200,NK RK 11-2025,settlement,2,с.Коркем,Көркем а.
114439000,NK RK 11-2025,sub_district,2,с.а. Бауманское,Бауман а.ә.
114439100,NK RK 11-2025,settlement,2,с.Бауманское,Бауманское а.
114441000,NK RK 11-2025,sub_district,2,Буревестникский с.о.,Буревестник а.о.
114441100,NK RK 11-2025,settlement,2,с.Буревестник,Буревестник а.
114443000,NK RK 11-2025,sub_district,2,Спиридоновский с.о.,Спиридоновка а.о.
114443100,NK RK 11-2025,settlement,2,с.Спиридоновка,Спиридоновка а.
114443200,NK RK 11-2025,settlement,2,с.Абай,Абай а.
114445000,NK RK 11-2025,sub_district,2,Жалманкулакский с.о.,Жалманқұлақ а.о.
114445100,NK RK 11-2025,settlement,2,с.Жалманкулак,Жалманқұлақ а.
114445200,NK RK 11-2025,settlement,2,с.Жулдыз,Жұлдыз а.
114445203,NK RK 11-2025,settlement,2,с.Коныртубек,Қоңыртүбек а.
114446000,NK RK 11-2025,sub_district,2,Коржинкольский с.о.,Қоржынкөл а.о.
114446100,NK RK 11-2025,settlement,2,с.Коржинколь,Қоржынкөл а.
114447000,NK RK 11-2025,sub_district,2,Узункольский с.о.,Ұзынкөл а.о.
114447100,NK RK 11-2025,settlement,2,с.Узункольское,Ұзынкөл а.
114447200,NK RK 11-2025,settlement,2,с. Тоганас,Тоғанас а.
114500000,NK RK 11-2025,district,4,район Биржан сал,Біржан сал ауданы
114520000,NK RK 11-2025,sub_district,3,Степнякская г.а.,Степняк қ.ә.
114520100,NK RK 11-2025,settlement,1,г.Степняк,Степняк қ.
114520600,NK RK 11-2025,settlement,2,с.Пригорхоз,Пригорхоз а.
114531000,NK RK 11-2025,sub_district,2,Аксуская с.а.,Ақсу а.ә.
114531100,NK RK 11-2025,settlement,2,с.Аксу,Ақсу а.
114531103,NK RK 11-2025,settlement,2,с.Сапак,Сапақ а.
114532000,NK RK 11-2025,sub_district,2,Ангалбатырский с.о.,Аңғал батыр а.о.
114532100,NK RK 11-2025,settlement,2,с.Ангал батыра,Аңғал батыр а.
114532300,NK RK 11-2025,settlement,2,с.Жаналык,Жаңалық а.
114533000,NK RK 11-2025,sub_district,2,Бирсуатский с.о.,Бірсуат а.о.
114533100,NK RK 11-2025,settlement,2,с.Бирсуат,Бірсуат а.
114533500,NK RK 11-2025,settlement,2,с.Сауле,Сәуле а.
114533505,NK RK 11-2025,settlement,2,с.Кишкентай,Кішкентай а.
114534000,NK RK 11-2025,sub_district,2,Баймырзинский с.о.,Баймырза а.о.
114534100,NK RK 11-2025,settlement,2,с.Баймырза,Баймырза а.
114534500,NK RK 11-2025,settlement,2,с.Шошкалы,Шошқалы а.
114535000,NK RK 11-2025,sub_district,2,Донской с.о.,Донской а.о.
114535100,NK RK 11-2025,settlement,2,с.Андыкожа батыра,Андықожа батыр а.
114535500,NK RK 11-2025,settlement,2,с.Тасшалкар,Тасшалқар а.
114537000,NK RK 11-2025,sub_district,2,Енбекшильдерский с.о.,Еңбекшілдер а.о.
114537100,NK RK 11-2025,settlement,2,с.Енбекшильдерское,Еңбекшілдер а.
114537102,NK RK 11-2025,settlement,2,с.Атансор,Атансор а.
114537600,NK RK 11-2025,settlement,2,с.Акбулак,Ақбұлақ а.
114537800,NK RK 11-2025,settlement,2,с.Актас,Ақтас а.
114538000,NK RK 11-2025,sub_district,2,с.а. Заозерное,Заозерное а.ә.
114538100,NK RK 11-2025,settlement,2,с.Заозерное,Заозерный а.
114539000,NK RK 11-2025,sub_district,2,Зауральский с.о.,Заурал а.о.
114539100,NK RK 11-2025,settlement,2,с.Заураловка,Заураловка а.
114539400,NK RK 11-2025,settlement,2,с.Кудукагаш,Құдықағаш а.
114539600,NK RK 11-2025,settlement,2,с.Яблоновка,Яблоновка а.
114540000,NK RK 11-2025,sub_district,2,с.а. Кенащи,Кеңащы а.ә.
114540100,NK RK 11-2025,settlement,2,с.Кенащи,Кеңашы а.
114540105,NK RK 11-2025,settlement,2,с.Карасор,Қарасор а.
114541000,NK RK 11-2025,sub_district,2,с.а. Краснофлотское,Краснофлотское а.ә.
114541100,NK RK 11-2025,settlement,2,с.Краснофлотское,Краснофлотское а.
114541105,NK RK 11-2025,settlement,2,с.Арай,Арай а.
114541106,NK RK 11-2025,settlement,2,с.Белагаш,Белағаш а.
114543000,NK RK 11-2025,sub_district,2,Макинский с.о.,Макин а.о.
114543100,NK RK 11-2025,settlement,2,с.Макинка,Макинка а.
114543200,NK RK 11-2025,settlement,2,с.Буланды,Бұланды а.
114543205,NK RK 11-2025,settlement,2,с.Дачи,Дачи а.
114543380,NK RK 11-2025,settlement,2,с.Каратал,Қаратал а.
114543400,NK RK 11-2025,settlement,2,с.Когам,Қоғам а.
114543500,NK RK 11-2025,settlement,2,с.Макпал,Мақпал а.
114543600,NK RK 11-2025,settlement,2,с.Карагай,Қарағай а.
114544000,NK RK 11-2025,sub_district,2,с.а. Мамай,Мамай а.ә.
114544100,NK RK 11-2025,settlement,2,с.Мамай,Мамай а.
114545000,NK RK 11-2025,sub_district,2,Валихановский с.о.,Уәлиханов а.о.
114545100,NK RK 11-2025,settlement,2,с.Валиханово,Уәлиханов а.
114545105,NK RK 11-2025,settlement,2,с.Азнабай,Азнабай а.
114545106,NK RK 11-2025,settlement,2,с.Карасу,Қарасу а.
114545107,NK RK 11-2025,settlement,2,с.Прожектор,Прожектор а.
114545108,NK RK 11-2025,settlement,2,с.Терек,Терек а.
114545109,NK RK 11-2025,settlement,2,с.Кудабас,Құдабас а.
114545300,NK RK 11-2025,settlement,2,с.Алга,Алға а.
114547000,NK RK 11-2025,sub_district,2,Ульгинский с.о.,Үлгі а.о.
114547100,NK RK 11-2025,settlement,2,с.Ульги,Үлгі а.
114547200,NK RK 11-2025,settlement,2,с.Жукей,Жүкей а.
114547300,NK RK 11-2025,settlement,2,с.Карловка,Карловка а.
114547500,NK RK 11-2025,settlement,2,с.Кызылуюм,Қызылұйым а.
114547700,NK RK 11-2025,settlement,2,с.Трамбовка,Трамбовка а.
114547800,NK RK 11-2025,settlement,2,с.Уюмшил,Ұйымшыл а.
114600000,NK RK 11-2025,district,4,Ерейментауский район,Ерейментау ауданы
114620100,NK RK 11-2025,settlement,1,г.Ерейментау,Ерейментау қ.
114633000,NK RK 11-2025,sub_district,2,Акмырзинский с.о.,Ақмырза  а.о.
114633100,NK RK 11-2025,settlement,2,с.Акмырза,Ақмырза а.
114635000,NK RK 11-2025,sub_district,2,Бестогайский с.о.,Бестоғай а.о.
114635100,NK RK 11-2025,settlement,2,с.Бестогай,Бестоғай а.
114635200,NK RK 11-2025,settlement,2,с.Байсары,Байсары а.
114635207,NK RK 11-2025,settlement,2,с.Чилинка,Чилинка а.
114635400,NK RK 11-2025,settlement,2,с.Кызылту,Қызылту а.
114637000,NK RK 11-2025,sub_district,2,с.о. Олжабай батыра,Олжабай батыр а.о.
114637100,NK RK 11-2025,settlement,2,с.Олжабай батыра,Олжабай батыр а.
114637102,NK RK 11-2025,settlement,2,отг.Новображенка,Новображенка ж.
114637200,NK RK 11-2025,settlement,2,с.Алгабас,Алғабас а.
114637400,NK RK 11-2025,settlement,2,с.Ынтымак,Ынтымақ а.
114637403,NK RK 11-2025,settlement,2,с.Баймен,Баймен а.
114639000,NK RK 11-2025,sub_district,2,Бозтальский с.о.,Бозтал а.о.
114639100,NK RK 11-2025,settlement,2,с.Бозтал,Бозтал а.
114639102,NK RK 11-2025,settlement,2,отг.Айгыжар,Айғыжар ж.
114639103,NK RK 11-2025,settlement,2,отг.Актобе,Ақтөбе ж.
114639104,NK RK 11-2025,settlement,2,отг.Арман,Арман ж.
114639105,NK RK 11-2025,settlement,2,отг.Арочное,Арочное ж.
114639106,NK RK 11-2025,settlement,2,отг.Жаманкара,Жаманқара ж.
114639107,NK RK 11-2025,settlement,2,отг.Жуантюбе,Жуантөбе ж.
114639108,NK RK 11-2025,settlement,2,отг.Сейфулла,Сейфулла ж.
114639109,NK RK 11-2025,settlement,2,отг.Тумсук,Тұмсық ж.
114639111,NK RK 11-2025,settlement,2,отг.Туркалык,Тұрқалық ж.
114639113,NK RK 11-2025,settlement,2,отг.Баянды,Баянды ж.
114639117,NK RK 11-2025,settlement,2,с.Усамбай,Ұсамбай а.
114641000,NK RK 11-2025,sub_district,2,Тайбайский с.о.,Тайбай а.о.
114641100,NK RK 11-2025,settlement,2,с.Тайбай,Тайбай а.
114641200,NK RK 11-2025,settlement,2,с.Ельтай,Елтай а.
114641300,NK RK 11-2025,settlement,2,с.Жарык,Жарық а.
114641400,NK RK 11-2025,settlement,2,с.Малтабар,Малтабар а.
114645000,NK RK 11-2025,sub_district,2,Куншалганский с.о.,Күншалған а.о.
114645100,NK RK 11-2025,settlement,2,с.Куншалган,Күншалған а.
114645102,NK RK 11-2025,settlement,2,отг.Кордон,Кордон ж.
114645200,NK RK 11-2025,settlement,2,с.Каратал,Қаратал а.
114645300,NK RK 11-2025,settlement,2,с.Шакей,Шакей а.
114645302,NK RK 11-2025,settlement,2,отг.Бригады 4,Бригада 4 ж.
114645303,NK RK 11-2025,settlement,2,отг.Букторга,Бұқторға ж.
114645304,NK RK 11-2025,settlement,2,отг.Жалгызтобе,Жалғызтөбе ж.
114645305,NK RK 11-2025,settlement,2,отг.Карабидаик,Қарабидайық ж.
114645306,NK RK 11-2025,settlement,2,отг.Найзатас,Найзатас ж.
114645307,NK RK 11-2025,settlement,2,отг.Кигизбай 1,Киізбай 1 ж.
114645308,NK RK 11-2025,settlement,2,отг.Кигизбай 2,Киізбай 2 ж.
114645311,NK RK 11-2025,settlement,2,отг.Шарипкара,Шәріпқара ж.
114646000,NK RK 11-2025,sub_district,2,Койтасский с.о.,Қойтас а.о.
114646100,NK RK 11-2025,settlement,2,с.Койтас,Қойтас а.
114646200,NK RK 11-2025,settlement,2,с.Ажы,Ажы а.
114647000,NK RK 11-2025,sub_district,2,с.а. Аксуат,Ақсуат а.ә.
114647100,NK RK 11-2025,settlement,2,с. Аксуат,Ақсуат а.
114647107,NK RK 11-2025,settlement,2,с.Орнек,Өрнек а.
114647111,NK RK 11-2025,settlement,2,с.Целинное,Целинное а.
114651000,NK RK 11-2025,sub_district,2,с.а.Майлан,Майлан а.ә.
114651100,NK RK 11-2025,settlement,2,с.Майлан,Майлан а.
114653000,NK RK 11-2025,sub_district,2,Улентинский с.о.,Өлеңті а.о.
114653100,NK RK 11-2025,settlement,2,с.Уленты,Өлеңті а.
114653102,NK RK 11-2025,settlement,2,отг.Аргынбай,Арғынбай ж.
114653103,NK RK 11-2025,settlement,2,отг.Арочная,Арочная ж.
114653104,NK RK 11-2025,settlement,2,отг.Баке,Бәке ж.
114653105,NK RK 11-2025,settlement,2,отг.Кызылозек,Қызылөзек ж.
114653106,NK RK 11-2025,settlement,2,Насосная станция,Сорғы станциясы
114653107,NK RK 11-2025,settlement,2,отг.Ойнак,Ойнақ ж.
114653108,NK RK 11-2025,settlement,2,отг.109 база,База 109 ж.
114653109,NK RK 11-2025,settlement,2,отг.Новая Сарыадыр,Жаңа Сарыадыр ж.
114653111,NK RK 11-2025,settlement,2,отг.Сайдали,Сайдәлі ж.
114653112,NK RK 11-2025,settlement,2,отг.Самал,Самал ж.
114653113,NK RK 11-2025,settlement,2,отг.Сарыкамыс,Сарықамыс ж.
114653114,NK RK 11-2025,settlement,2,отг.ст.Сарыадыр,Сарыадыр ст.ж.
114653115,NK RK 11-2025,settlement,2,отг.Таспака,Тасбақа ж.
114653116,NK RK 11-2025,settlement,2,отг.Уштаган,Ұштаған ж.
114653117,NK RK 11-2025,settlement,2,отг.Шаинкуль,Шайанкөл ж.
114653500,NK RK 11-2025,settlement,2,ст.Коржинколь,Қоржынкөл ст.
114653700,NK RK 11-2025,settlement,2,ст.Уленты,Өлеңті ст.
114655000,NK RK 11-2025,sub_district,2,Еркиншиликский с.о.,Еркіншілік а.о.
114655100,NK RK 11-2025,settlement,2,с.Еркиншилик,Еркіншілік а.
114655103,NK RK 11-2025,settlement,2,с.Веренка,Веренка а.
114655300,NK RK 11-2025,settlement,2,с.Енбек,Еңбек а.
114655302,NK RK 11-2025,settlement,2,отг.Сарсен,Сарсен ж.
114655303,NK RK 11-2025,settlement,2,отг.Масакпай,Масақбай ж.
114657000,NK RK 11-2025,sub_district,2,с.а.Селетинский,Сілеті а.ә.
114657100,NK RK 11-2025,settlement,2,с.Селетинское,Сілеті а.
114659000,NK RK 11-2025,sub_district,2,Тургайский с.о.,Торғай а.о.
114659100,NK RK 11-2025,settlement,2,с.Тургай,Торғай а.
114659105,NK RK 11-2025,settlement,2,ст.Тургай,Торғай ст.
114659106,NK RK 11-2025,settlement,2,Тургайский ХПП,Торғай ХПП
114659180,NK RK 11-2025,settlement,2,с.Жанажол,Жаңажол а.
114659200,NK RK 11-2025,settlement,2,с.Нижний Торгай,Төменгі Торғай а.
114659202,NK RK 11-2025,settlement,2,уч.Караогиз,Қараөгіз уч.
114659203,NK RK 11-2025,settlement,2,уч.Подхоз,Қосшар уч.
114659300,NK RK 11-2025,settlement,2,с. Балыкты,Балықты а.
114659302,NK RK 11-2025,settlement,2,уч.Байгуты,Байғұты уч.
114659400,NK RK 11-2025,settlement,2,с.Карагайлы,Қарағайлы а.
114659402,NK RK 11-2025,settlement,2,уч.Искаккора,Искакқора уч.
114800000,NK RK 11-2025,district,4,Есильский район,Есіл ауданы
114820100,NK RK 11-2025,settlement,1,г.Есиль,Есіл қ.
114833000,NK RK 11-2025,sub_district,2,Аксайский с.о.,Ақсай а.о.
114833100,NK RK 11-2025,settlement,2,с.Аксай,Ақсай а.
114833102,NK RK 11-2025,settlement,2,Есильский лесхоз,Есіл орманшар
114833103,NK RK 11-2025,settlement,2,Птицефабрика,Құсфабрикасы
114833104,NK RK 11-2025,settlement,2,рзд.15 км,рзд.15 км
114837000,NK RK 11-2025,sub_district,2,Бузулукский с.о.,Бұзылық а.о.
114837100,NK RK 11-2025,settlement,2,с.Бузулук,Бұзылық а.
114837300,NK RK 11-2025,settlement,2,с.Сурган,Сұрған а.
114841000,NK RK 11-2025,sub_district,2,Двуречный с.о.,Двуречный а.о.
114841100,NK RK 11-2025,settlement,2,с.Двуречное,Двуречное а.
114841102,NK RK 11-2025,settlement,2,Насосная станция,Сорғы станциясы
114841200,NK RK 11-2025,settlement,2,с.Приишимка,Приишимка а.
114841300,NK RK 11-2025,settlement,2,с.Курское,Курское а.
114845000,NK RK 11-2025,sub_district,2,Жаныспайский с.о.,Жаныспай а.о.
114845100,NK RK 11-2025,settlement,2,с.Жаныспай,Жаныспай а.
114845200,NK RK 11-2025,settlement,2,с.Ковыльное,Ковыльное а.
114847000,NK RK 11-2025,sub_district,2,Зареченский с.о.,Заречный а.о.
114847100,NK RK 11-2025,settlement,2,с.Заречное,Заречное а
114847200,NK RK 11-2025,settlement,2,с.Дальное,Дальное а.
114851000,NK RK 11-2025,sub_district,2,с.а. Знаменка,Знаменка а.ә.
114851100,NK RK 11-2025,settlement,2,с.Знаменка,Знаменка а.
114851105,NK RK 11-2025,settlement,2,с.Ельтай,Елтай а.
114857000,NK RK 11-2025,sub_district,2,Красивинский с.о.,Красивый а.о.
114857100,NK RK 11-2025,settlement,2,с.Красивое,Красивое а.
114857107,NK RK 11-2025,settlement,2,с.Тасоба,Тасоба а.
114857200,NK RK 11-2025,settlement,2,ст.Красивая,Красивая ст.
114857300,NK RK 11-2025,settlement,2,с.Кумай,Құмай а.
114857400,NK RK 11-2025,settlement,2,с.Ленинское,Ленинское а.
114857700,NK RK 11-2025,settlement,2,с.Ярославка,Ярославка а.
114859000,NK RK 11-2025,sub_district,2,Красногорская п.а.,Красногор к.ә.
114859100,NK RK 11-2025,settlement,2,п.Красногорский,Красногор к.
114859200,NK RK 11-2025,settlement,2,с.Иглик,Игілік а.
114859300,NK RK 11-2025,settlement,2,с.Калачи,Калачи а.
114863000,NK RK 11-2025,sub_district,2,Каракольский с.о.,Қаракөл а.о.
114863100,NK RK 11-2025,settlement,2,с.Караколь,Қаракөл а.
114863200,NK RK 11-2025,settlement,2,с.Речное,Речное а.
114865000,NK RK 11-2025,sub_district,2,Московский с.о.,Мәскеу а.о.
114865100,NK RK 11-2025,settlement,2,с.Московское,Мәскеу а.
114867000,NK RK 11-2025,sub_district,2,Орловский с.о.,Орлов а.о.
114867100,NK RK 11-2025,settlement,2,с.Орловка,Орловка а.
114873000,NK RK 11-2025,sub_district,2,Свободненский с.о.,Свободный а.о.
114873100,NK RK 11-2025,settlement,2,с.Свободное,Свободное а.
114873300,NK RK 11-2025,settlement,2,с.Раздольное,Раздольное а.
114875000,NK RK 11-2025,sub_district,2,Юбилейный с.о.,Юбилейный а.о.
114875100,NK RK 11-2025,settlement,2,с.Юбилейное,Юбилейное а.
114875500,NK RK 11-2025,settlement,2,с.Ейское,Ейское а.
114875502,NK RK 11-2025,settlement,2,Подстанция,Қосалқыстанса
114879000,NK RK 11-2025,sub_district,2,Интернациональный с.о.,Интернациональный а.о.
114879100,NK RK 11-2025,settlement,2,с.Интернациональное,Интернациональное а.
114879109,NK RK 11-2025,settlement,2,Маш.двор,Маш.ауласы
114879200,NK RK 11-2025,settlement,2,с.Алматинское,Алматы а.
114879300,NK RK 11-2025,settlement,2,с.Биртал,Біртал а.
115200000,NK RK 11-2025,district,2,Жаксынский район,Жақсы ауданы
115230000,NK RK 11-2025,sub_district,2,Жаксынский с.о.,Жақсы а.о.
115230100,NK RK 11-2025,settlement,2,с.Жаксы,Жақсы а.
115237000,NK RK 11-2025,sub_district,2,Белагашский с.о.,Белағаш а.о.
115237100,NK RK 11-2025,settlement,2,с.Белагаш,Белағаш а.
115239000,NK RK 11-2025,sub_district,2,Беловодский с.о.,Беловод а.о.
115239100,NK RK 11-2025,settlement,2,с.Беловодское,Беловодское а.
115239200,NK RK 11-2025,settlement,2,с.Перекатное,Перекатное а.
115239300,NK RK 11-2025,settlement,2,с.Кайракты,Қайрақты а.
115239302,NK RK 11-2025,settlement,2,с.Старое Перекатное,Старое Перекатное а.
115243000,NK RK 11-2025,sub_district,2,Жанакииминский с.о.,Жаңа Қима а.о.
115243100,NK RK 11-2025,settlement,2,с.Жана Киима,Жаңа Қима а.
115243102,NK RK 11-2025,settlement,2,с.Тайпак,Тайпақ а.
115243200,NK RK 11-2025,settlement,2,с.Алгабас,Алғабас а.
115243300,NK RK 11-2025,settlement,2,с.Киима,Қима а.
115243302,NK RK 11-2025,settlement,2,с.Трудовое,Трудовое а.
115243303,NK RK 11-2025,settlement,2,с.Жирен,Жирен а.
115243304,NK RK 11-2025,settlement,2,с.Уки,Үкі а.
115245000,NK RK 11-2025,sub_district,2,Запорожский с.о.,Запорожье а.о.
115245100,NK RK 11-2025,settlement,2,с.Запорожье,Запорожье а.
115245300,NK RK 11-2025,settlement,2,с.Лозовое,Лозовое а.
115245305,NK RK 11-2025,settlement,2,с.Донское,Донское а.
115245307,NK RK 11-2025,settlement,2,с.Новочудное,Новочудное а.
115247000,NK RK 11-2025,sub_district,2,Ишимский с.о.,Ишим а.о.
115247100,NK RK 11-2025,settlement,2,с.Ишимское,Ишимское а.
115247105,NK RK 11-2025,settlement,2,с.им.Баубека батыра,Баубек батыр атын.а.
115247300,NK RK 11-2025,settlement,2,с.Казахстан,Қазақстан а.
115247400,NK RK 11-2025,settlement,2,с.Монастырка,Монастырка а.
115251000,NK RK 11-2025,sub_district,2,Калининский с.о.,Калинин а.о.
115251100,NK RK 11-2025,settlement,2,с.Калининское,Калининское а.
115251105,NK RK 11-2025,settlement,2,с.Глебовка,Глебовка а.
115251400,NK RK 11-2025,settlement,2,с.Калмакколь,Қалмақкөл а.
115251500,NK RK 11-2025,settlement,2,с.Моховое,Моховое а.
115255000,NK RK 11-2025,sub_district,2,Киевский с.о.,Киевское а.о.
115255100,NK RK 11-2025,settlement,2,с.Киевское,Киевское а.
115265000,NK RK 11-2025,sub_district,2,Кызылсайский с.о.,Қызылсай а.о.
115265100,NK RK 11-2025,settlement,2,с.Кировское,Киров а.
115265103,NK RK 11-2025,settlement,2,с.Кызылсай,Қызылсай а.
115265200,NK RK 11-2025,settlement,2,с.Баягиз,Байегіз а.
115271000,NK RK 11-2025,sub_district,2,с.а.Новокиенка,Новокиенка а.ә.
115271100,NK RK 11-2025,settlement,2,с.Новокиенка,Новокиенка а.
115271103,NK RK 11-2025,settlement,2,с.Парчевка,Парчевка а.
115273000,NK RK 11-2025,sub_district,2,Подгорненский с.о.,Подгорное а.о.
115273100,NK RK 11-2025,settlement,2,с.Подгорное,Подгорное а.
115274000,NK RK 11-2025,sub_district,2,Тарасовский с.о.,Тарасовка а.о.
115274100,NK RK 11-2025,settlement,2,с.Тарасовка,Тарасовка а.
115274500,NK RK 11-2025,settlement,2,с.Казахское,Қазақ а.
115275000,NK RK 11-2025,sub_district,2,Терсаканская с.а.,Терісаққан а.ә.
115275100,NK RK 11-2025,settlement,2,с.Терсакан,Терісаққан а.
115275102,NK RK 11-2025,settlement,2,с.Коксай,Көксай а.
115277000,NK RK 11-2025,sub_district,2,Чапаевский с.о.,Чапаев а.о.
115277100,NK RK 11-2025,settlement,2,с.Чапаевское,Чапаевское а.
115400000,NK RK 11-2025,district,4,Жаркаинский район,Жарқайың ауданы
115420100,NK RK 11-2025,settlement,1,г.Державинск,Державин қ.
115431000,NK RK 11-2025,sub_district,2,Отрадный с.о.,Отрадный  а.о.
115431100,NK RK 11-2025,settlement,2,с.Отрадное,Отрадное а.
115431102,NK RK 11-2025,settlement,2,с.Шанырак,Шаңырақ а.
115431200,NK RK 11-2025,settlement,2,с.Кенское,Кенское а.
115437000,NK RK 11-2025,sub_district,2,с.а. Бирсуат,Бірсуат а.ә.
115437100,NK RK 11-2025,settlement,2,с.Бирсуат,Бірсуат а.
115437102,NK RK 11-2025,settlement,2,с.Балуанколь,Балуанкөл а.
115439000,NK RK 11-2025,sub_district,2,с.а. Гастелло,Гастелло а.ә.
115439100,NK RK 11-2025,settlement,2,с.Гастелло,Гастелло а.
115439102,NK RK 11-2025,settlement,2,с.Дауылбай,Дауылбай а.
115441000,NK RK 11-2025,sub_district,2,с.а. Далабай,Далабай а.ә.
115441100,NK RK 11-2025,settlement,2,с.Далабай,Далабай а.
115441102,NK RK 11-2025,settlement,2,с.Актобе,Ақтөбе а.
115443000,NK RK 11-2025,sub_district,2,Жанадалинский с.о.,Жаңадала а.о.
115443100,NK RK 11-2025,settlement,2,с.Тасты-Талды,Тасты-Талды а.
115443200,NK RK 11-2025,settlement,2,с.Жанадала,Жаңадала а.
115443300,NK RK 11-2025,settlement,2,с.Зерноградское,Зерноградское а.
115451000,NK RK 11-2025,sub_district,2,Костычевский с.о.,Костычев а.о.
115451100,NK RK 11-2025,settlement,2,с.Костычево,Костычево а.
115451200,NK RK 11-2025,settlement,2,с.Донское,Донское а.
115451205,NK RK 11-2025,settlement,2,с.Маяк,Маяк а.
115453000,NK RK 11-2025,sub_district,2,с.а. Кумсуат,Құмсуат а.ә.
115453100,NK RK 11-2025,settlement,2,с.Кумсуат,Құмсуат а.
115453102,NK RK 11-2025,settlement,2,Пионерлагерь,Пионерлагер
115453103,NK RK 11-2025,settlement,2,ферма,ферма
115454000,NK RK 11-2025,sub_district,2,с.а. Львовское,Львовское а.ә.
115454100,NK RK 11-2025,settlement,2,с.Львовское,Львовское а.
115455000,NK RK 11-2025,sub_district,2,Нахимовский с.о.,Нахимов а.о.
115455100,NK RK 11-2025,settlement,2,с.Нахимовка,Нахимовка а.
115455102,NK RK 11-2025,settlement,2,Дом Жаркаинского узла связи,Жаркайың байланысторабы үйі
115455103,NK RK 11-2025,settlement,2,Дом кр.хоз,Шарқож үйі
115455200,NK RK 11-2025,settlement,2,с.Баранкуль,Боранкөл а.
115463000,NK RK 11-2025,sub_district,2,с.а. Пригородное,Пригородное а.ә.
115463100,NK RK 11-2025,settlement,2,с.Пригородное,Пригородное а.
115463105,NK RK 11-2025,settlement,2,с.Западное,Западное а.
115463106,NK RK 11-2025,settlement,2,с.Кызылтал,Қызылтал а.
115465000,NK RK 11-2025,sub_district,2,с.а. Пятигорское,Пятигорское а.ә.
115465100,NK RK 11-2025,settlement,2,с.Пятигорское,Пятигорское а.
115469000,NK RK 11-2025,sub_district,2,с.а. Тасоткель,Тасөткел а.ә.
115469100,NK RK 11-2025,settlement,2,с.Тасоткель,Тасөткел а.
115469102,NK RK 11-2025,settlement,2,с.Савиновка,Савиновка а.
115471000,NK RK 11-2025,sub_district,2,с.а. Тассуат,Тассуат а.ә.
115471100,NK RK 11-2025,settlement,2,с.Тассуат,Тассуат а.
115473000,NK RK 11-2025,sub_district,2,Валихановский с.о.,Уәлиханов а.о.
115473100,NK RK 11-2025,settlement,2,с.Валиханово,Уәлиханов а.
115473200,NK RK 11-2025,settlement,2,с.Достык,Достық а.
115475000,NK RK 11-2025,sub_district,2,с.а. Ушкарасу,Үшқарасу а.ә.
115475100,NK RK 11-2025,settlement,2,с.Ушкарасу,Үшқарасу а.
115479000,NK RK 11-2025,sub_district,2,с.а. Шойындыколь,Шойындыкөл а.ә.
115479100,NK RK 11-2025,settlement,2,с.Шойындыколь,Шойындыкөл а.
115479102,NK RK 11-2025,settlement,2,с.Шалгай,Шалғай а.
115479103,NK RK 11-2025,settlement,2,с.Гагаринское,Гагаринское а.
115600000,NK RK 11-2025,district,2,Зерендинский район,Зеренді ауданы
115630000,NK RK 11-2025,sub_district,2,Зерендинский с.о.,Зеренді а.о.
115630100,NK RK 11-2025,settlement,2,с.Зеренда,Зеренді а.
115630103,NK RK 11-2025,settlement,2,ДОЦ ЗЕРЕН,"""ЗЕРЕН""балалар сауықтыру ортал"
115630105,NK RK 11-2025,settlement,2,База отдыха КГТПИ,КГТПИ демалыс базасы
115630107,NK RK 11-2025,settlement,2,оздоровит. центр Казмунайгаз,"""Казмунайгаз""сауықтыру орталығ"
115630109,NK RK 11-2025,settlement,2,Пионерлагерь М.Габдулина,М.Габдулин пионерлагері
115630111,NK RK 11-2025,settlement,2,"оздоровит. центр""Сункар""","""Сұңқар"" сауықтыру орталығы"
115630113,NK RK 11-2025,settlement,2,Лесоохотническое хозяйство,Орман-аң шаруашылығы
115630115,NK RK 11-2025,settlement,2,Пионерлагерь П.Морозова,П.Морозов пионерлагері
115630117,NK RK 11-2025,settlement,2,Прудхоз,Тоғаншаруашылығы
115630121,NK RK 11-2025,settlement,2,Дача УНГБ,УНГБ саябағы
115630280,NK RK 11-2025,settlement,2,с.Айдарлы,Айдарлы а.
115630380,NK RK 11-2025,settlement,2,с.Коктерек,Көктерек а.
115633000,NK RK 11-2025,sub_district,2,Аккольский с.о.,Ақкөл а.о.
115633100,NK RK 11-2025,settlement,2,с.Акколь,Ақкөл а.
115633200,NK RK 11-2025,settlement,2,с.Ивановка,Ивановка а.
115633300,NK RK 11-2025,settlement,2,с.Казахстан,Қазақстан а.
115633400,NK RK 11-2025,settlement,2,с.Молодежное,Молодежное а.
115633403,NK RK 11-2025,settlement,2,Самарбайский лесхоз,Самарбай орманшар
115633500,NK RK 11-2025,settlement,2,с.Туполевка,Туполевка а.
115635000,NK RK 11-2025,sub_district,2,Алексеевская п.а.,Алексеев к.ә.
115635100,NK RK 11-2025,settlement,2,п.Алексеевка,Алексеевка к.
115635200,NK RK 11-2025,settlement,2,ст.Жаманаши,Жаманашы ст.
115635300,NK RK 11-2025,settlement,2,с.Чаглинка,Чаглинка а.
115637000,NK RK 11-2025,sub_district,2,Булакский с.о.,Бұлақ а.о.
115637100,NK RK 11-2025,settlement,2,с.Еленовка,Еленовка а.
115637103,NK RK 11-2025,settlement,2,Подстанция,Қосалқыстанса
115637400,NK RK 11-2025,settlement,2,с.Жанааул,Жаңаауыл а.
115637500,NK RK 11-2025,settlement,2,с.Жылымды,Жылымды а.
115637600,NK RK 11-2025,settlement,2,с.Карагай,Қарағай а.
115637603,NK RK 11-2025,settlement,2,Еленовский ХХП,Еленов ХХП
115637700,NK RK 11-2025,settlement,2,с.Карлыколь,Қарлыкөл а.
115641000,NK RK 11-2025,sub_district,2,с.а.Айдабол,Айдабол а.ә.
115641100,NK RK 11-2025,settlement,2,с.Айдабол,Айдабол а.
115643000,NK RK 11-2025,sub_district,2,Викторовский с.о.,Викторов а.о.
115643100,NK RK 11-2025,settlement,2,с.Викторовка,Викторовка а.
115643103,NK RK 11-2025,settlement,2,Подстанция,Қосалқыстанса
115643104,NK RK 11-2025,settlement,2,с.Кызылкайнар,Қызылқайнар а.
115643480,NK RK 11-2025,settlement,2,с.Красиловка,Красиловка а.
115643600,NK RK 11-2025,settlement,2,с.Богенбай би,Бөгенбай би а.
115647000,NK RK 11-2025,sub_district,2,Кусепский с.о.,Күсеп а.о.
115647100,NK RK 11-2025,settlement,2,с.Оркен,Өркен а.
115647300,NK RK 11-2025,settlement,2,с.Азат,Азат а.
115647400,NK RK 11-2025,settlement,2,с.Озен,Өзен а.
115647600,NK RK 11-2025,settlement,2,с.Жамбыл,Жамбыл а.
115647605,NK RK 11-2025,settlement,2,с.Айгыржал,Айғыржал а.
115647700,NK RK 11-2025,settlement,2,с.Теректи,Теректі а.
115649000,NK RK 11-2025,sub_district,2,Конысбайский с.о.,Қонысбай а.о.
115649100,NK RK 11-2025,settlement,2,с.Конысбай,Қонысбай а.
115649200,NK RK 11-2025,settlement,2,с.Васильковка,Васильковка а.
115649300,NK RK 11-2025,settlement,2,с.Гранитный,Гранитный а.
115649400,NK RK 11-2025,settlement,2,с.Донгулагаш,Дүңгілағаш а.
115651000,NK RK 11-2025,sub_district,2,Кызылсаянский с.о.,Қызылсая а.о.
115651100,NK RK 11-2025,settlement,2,с.Кызылсая,Қызылсая а.
115651200,NK RK 11-2025,settlement,2,с.Биктесин,Биіктесін а.
115651500,NK RK 11-2025,settlement,2,с.Кызылагаш,Қызылағаш а.
115652000,NK RK 11-2025,sub_district,2,Ортакский с.о.,Ортақ а.о.
115652100,NK RK 11-2025,settlement,2,с.Ортак,Ортақ а.
115652400,NK RK 11-2025,settlement,2,с.Кызылтан,Қызылтаң а.
115652700,NK RK 11-2025,settlement,2,с.Кайынды,Қайыңды а.
115653000,NK RK 11-2025,sub_district,2,Приреченский с.о.,Приречный а.о.
115653100,NK RK 11-2025,settlement,2,с.Приречное,Приречное а.
115653400,NK RK 11-2025,settlement,2,с.Павловка,Павловка а.
115655000,NK RK 11-2025,sub_district,2,с.о.Малика Габдуллина,Мәлік Ғабдуллин а.о.
115655100,NK RK 11-2025,settlement,2,с.Малика Габдуллина,Мәлік Ғабдуллин а.
115655103,NK RK 11-2025,settlement,2,Дом лесника,Орманшы үйі
115655200,NK RK 11-2025,settlement,2,с.Дороговка,Дороговка а.
115655680,NK RK 11-2025,settlement,2,с.Койсалган,Қойсалған а.
115655700,NK RK 11-2025,settlement,2,с.Малые Тюкты,Кіші Тұйықты а.
115655800,NK RK 11-2025,settlement,2,с.Серафимовка,Серафимовка а.
115657000,NK RK 11-2025,sub_district,2,Симферопольский с.о.,Симферополь а.о.
115657100,NK RK 11-2025,settlement,2,с.Симферопольское,Симферопольское а.
115657200,NK RK 11-2025,settlement,2,с.Булак,Бұлақ а.
115657300,NK RK 11-2025,settlement,2,с.Жолдыбай,Жолдыбай а.
115658000,NK RK 11-2025,sub_district,2,Троицкий с.о.,Троицкое а.о.
115658100,NK RK 11-2025,settlement,2,с.Троицкое,Троицкое а.
115658103,NK RK 11-2025,settlement,2,Кордон-мостовой,Кордон-мостовой
115658300,NK RK 11-2025,settlement,2,с.Кеноткель,Кеңөткел а.
115658400,NK RK 11-2025,settlement,2,с.Карсак,Қарсақ а.
115658500,NK RK 11-2025,settlement,2,с.Кошкарбай,Қошқарбай а.
115659000,NK RK 11-2025,sub_district,2,Чаглинский с.о.,Шағалалы а.о.
115659100,NK RK 11-2025,settlement,2,с.Шагалалы,Шағалалы а.
115659300,NK RK 11-2025,settlement,2,с. Акадыр,Ақадыр а.
115659400,NK RK 11-2025,settlement,2,с.Енбекбирлик,Еңбекбірлік а.
115659700,NK RK 11-2025,settlement,2,с.Ескенежал,Ескенежал а.
115659900,NK RK 11-2025,settlement,2,с.Уялы,Ұялы а.
115663000,NK RK 11-2025,sub_district,2,Исаковский с.о.,Исаковка а.о.
115663100,NK RK 11-2025,settlement,2,с.Исаковка,Исаковка а.
115663400,NK RK 11-2025,settlement,2,с.Костомаровка,Костомаровка а.
115663700,NK RK 11-2025,settlement,2,с.Уялы,Ұялы а.
115665000,NK RK 11-2025,sub_district,2,с.о.им.Канай би,Қанай би атын.а.о.
115665100,NK RK 11-2025,settlement,2,с.Карауыл Канай-бия,Қарауыл Қанай би а.
115665300,NK RK 11-2025,settlement,2,с.Жамантуз,Жамантұз а.
115665400,NK RK 11-2025,settlement,2,с.Игилик,Игілік а.
115665800,NK RK 11-2025,settlement,2,с.Желтау,Желтау а.
115667000,NK RK 11-2025,sub_district,2,Кызылегисский с.о.,Қызылегіс а.о.
115667100,NK RK 11-2025,settlement,2,с.Кызылегис,Қызылегіс а.
115667103,NK RK 11-2025,settlement,2,с.Заречное,Заречное а.
115667105,NK RK 11-2025,settlement,2,Подстанция,Қосалқыстанса
115667500,NK RK 11-2025,settlement,2,с.Карашилик,Қарашілік а.
115667700,NK RK 11-2025,settlement,2,с.Ортаагаш,Ортаағаш а.
115669000,NK RK 11-2025,sub_district,2,Байтерекский с.о.,Бәйтерек а.о.
115669100,NK RK 11-2025,settlement,2,с.Байтерек,Бәйтерек а.
115669300,NK RK 11-2025,settlement,2,с.Ермаковка,Ермаковка а.
115669400,NK RK 11-2025,settlement,2,с.Красный Кордон,Красный Кордон а.
115669600,NK RK 11-2025,settlement,2,с.Ондирис,Өндіріс а.
115669800,NK RK 11-2025,settlement,2,с.Ульгили,Үлгілі а.
115671000,NK RK 11-2025,sub_district,2,Садовый с.о.,Садовое а.о.
115671100,NK RK 11-2025,settlement,2,с.Садовое,Садовое а.
115671200,NK RK 11-2025,settlement,2,с.Еликти,Елікті а.
115671300,NK RK 11-2025,settlement,2,с.Заречное,Заречное а.
115673000,NK RK 11-2025,sub_district,2,с.о.им.Сакена Сейфуллина,Сакен Сейфуллин атын.а.о.
115673100,NK RK 11-2025,settlement,2,с.Бирлестик,Бірлестік а.
115673300,NK RK 11-2025,settlement,2,с.Жанатлек,Жаңатілек а.
115673400,NK RK 11-2025,settlement,2,с.Караозек,Қараөзек а.
115673500,NK RK 11-2025,settlement,2,с.Сейфуллино,Сейфуллин а.
115677000,NK RK 11-2025,sub_district,2,Сарыозекский с.о.,Сарыөзек а.о.
115677100,NK RK 11-2025,settlement,2,с.Акан,Ақан а.
115677300,NK RK 11-2025,settlement,2,с.Баратай,Баратай а.
115677800,NK RK 11-2025,settlement,2,с.Уголки,Уголки а.
116000000,NK RK 11-2025,district,2,Коргалжынский район,Қорғалжын ауданы
116030000,NK RK 11-2025,sub_district,2,Коргалжынский с.о.,Қорғалжын а.о.
116030100,NK RK 11-2025,settlement,2,с.Коргалжын,Қорғалжын а.
116030103,NK RK 11-2025,settlement,2,с.Биртабан,Біртабан а.
116030105,NK RK 11-2025,settlement,2,с.Бирлик,Бірлік а.
116030200,NK RK 11-2025,settlement,2,с.Абай,Абай а.
116033000,NK RK 11-2025,sub_district,2,Амангельдинский с.о.,Амангелді а.о.
116033100,NK RK 11-2025,settlement,2,с.Уркендеу,Өркендеу а.
116033300,NK RK 11-2025,settlement,2,с.Жумай,Жұмай а.
116035000,NK RK 11-2025,sub_district,2,Арыктинский с.о.,Арықты а.о.
116035100,NK RK 11-2025,settlement,2,с.Арыкты,Арықты а.
116035103,NK RK 11-2025,settlement,2,с.Култай,Құлтай а.
116035105,NK RK 11-2025,settlement,2,с.Сулыколь,Сулыкөл а.
116035107,NK RK 11-2025,settlement,2,с.Коркылдак,Қорқылдақ а.
116035400,NK RK 11-2025,settlement,2,с.Садырбай,Садырбай а.
116037000,NK RK 11-2025,sub_district,2,Кенбидаикский с.о.,Кеңбидайық а.о.
116037100,NK RK 11-2025,settlement,2,с.Кенбидаик,Кеңбидайық а.
116037200,NK RK 11-2025,settlement,2,с.Екпинди,Екпінді а.
116039000,NK RK 11-2025,sub_district,2,Майшукырский с.о.,Майшұқыр а.о.
116039100,NK RK 11-2025,settlement,2,с.Майшукур,Майшұқыр а.
116039300,NK RK 11-2025,settlement,2,с.Кумколь,Құмкөл а.
116041000,NK RK 11-2025,sub_district,2,Карашалгинский с.о.,Қарашалғы а.о.
116041100,NK RK 11-2025,settlement,2,с.Жантеке,Жантеке а.
116041200,NK RK 11-2025,settlement,2,с.Каргалы,Қарғалы а.
116041400,NK RK 11-2025,settlement,2,с.Уялы,Ұялы а.
116045000,NK RK 11-2025,sub_district,2,Кызылсайский с.о.,Қызылсай а.о.
116045100,NK RK 11-2025,settlement,2,с.Шалкар,Шалқар а.
116045103,NK RK 11-2025,settlement,2,с.Алмас,Алмас а.
116045105,NK RK 11-2025,settlement,2,с.Каскатау,Қасқатау а.
116045500,NK RK 11-2025,settlement,2,с.Ушсарт,Үшсарт а.
116047000,NK RK 11-2025,sub_district,2,Сабундинский с.о.,Сабынды а.о.
116047100,NK RK 11-2025,settlement,2,с.Сабынды,Сабынды а.
116047200,NK RK 11-2025,settlement,2,с.Алгабас,Алғабас а.
116047300,NK RK 11-2025,settlement,2,с.Караегин,Қараегін а.
116400000,NK RK 11-2025,district,2,Сандыктауский район,Сандықтау ауданы
116430000,NK RK 11-2025,sub_district,2,Балкашинский с.о.,Балкашин а.о.
116430100,NK RK 11-2025,settlement,2,с.Балкашино,Балкашино а.
116430200,NK RK 11-2025,settlement,2,Лесхоз,Орманшар
116430300,NK RK 11-2025,settlement,2,с.Петровка,Петровка а.
116435000,NK RK 11-2025,sub_district,2,Баракпайский с.о.,Барақпай а.о.
116435100,NK RK 11-2025,settlement,2,с.Баракпай,Барақпай а.
116435400,NK RK 11-2025,settlement,2,с.Хлебное,Хлебное а.
116435405,NK RK 11-2025,settlement,2,с.Ащилы,Ашулы а.
116437000,NK RK 11-2025,sub_district,2,Белгородский с.о.,Белгород а.о.
116437100,NK RK 11-2025,settlement,2,с.Белгородское,Белгородское а.
116437105,NK RK 11-2025,settlement,2,с.Новодобринка,Новодобринка а.
116437300,NK RK 11-2025,settlement,2,с.Преображенка,Преображенка а.
116437303,NK RK 11-2025,settlement,2,с.Профинтерн,Профинтерн а.
116437500,NK RK 11-2025,settlement,2,с.Раздольное,Раздольное а.
116438000,NK RK 11-2025,sub_district,2,Берликский с.о.,Бірлік а.о.
116438100,NK RK 11-2025,settlement,2,с.Красная Поляна,Красная Поляна а.
116438200,NK RK 11-2025,settlement,2,с.Арбузинка,Арбузинка а.
116438600,NK RK 11-2025,settlement,2,с.Петриковка,Петриковка а.
116439000,NK RK 11-2025,sub_district,2,Васильевский с.о.,Васильев а.о.
116439100,NK RK 11-2025,settlement,2,с.Васильевка,Васильевка а.
116439200,NK RK 11-2025,settlement,2,с.Улан,Ұлан а.
116439300,NK RK 11-2025,settlement,2,с.Тучное,Тучное а.
116441000,NK RK 11-2025,sub_district,2,Веселовский с.о.,Веселов а.о.
116441100,NK RK 11-2025,settlement,2,с.Байдалы,Байдалы а.
116441200,NK RK 11-2025,settlement,2,с.Жиланды,Жыланды а.
116441300,NK RK 11-2025,settlement,2,с.Новоселовка,Новоселовка а.
116443000,NK RK 11-2025,sub_district,2,Жамбылский с.о.,Жамбыл а.о.
116443100,NK RK 11-2025,settlement,2,с.Приозерное,Приозерное а.
116443105,NK RK 11-2025,settlement,2,с.Березовка,Березовка а.
116443300,NK RK 11-2025,settlement,2,с.Кызылказахстан,Қызылқазақстан а.
116447000,NK RK 11-2025,sub_district,2,Каменский с.о.,Каменка а.о.
116447100,NK RK 11-2025,settlement,2,с.Каменка,Каменка а.
116447103,NK RK 11-2025,settlement,2,с.Ключевка,Ключевка а.
116447200,NK RK 11-2025,settlement,2,с.Богословка,Богословка а.
116449000,NK RK 11-2025,sub_district,2,Лесной с.о.,Лесной а.о.
116449100,NK RK 11-2025,settlement,2,с.Лесное,Лесное а.
116449103,NK RK 11-2025,settlement,2,с.Крутые Горки,Крутые Горки а.
116449200,NK RK 11-2025,settlement,2,с.Быстримовка,Быстримовка а.
116449300,NK RK 11-2025,settlement,2,с.Граниковка,Граниковка а.
116449600,NK RK 11-2025,settlement,2,с.Михайловка,Михайловка а.
116449700,NK RK 11-2025,settlement,2,с.Речное,Речное а.
116450000,NK RK 11-2025,sub_district,2,Мадениетский с.о.,Мәдениет а.о.
116450100,NK RK 11-2025,settlement,2,с.Мадениет,Мәдениет а.
116451000,NK RK 11-2025,sub_district,2,Максимовский с.о.,Максимов а.о.
116451100,NK RK 11-2025,settlement,2,с.Максимовка,Максимовка а.
116451200,NK RK 11-2025,settlement,2,с.Владимировка,Владимировка а.
116451300,NK RK 11-2025,settlement,2,с.Новый Городок,Новый Городок а.
116451400,NK RK 11-2025,settlement,2,с.Спасское,Спасское а.
116453000,NK RK 11-2025,sub_district,2,с.о.Ақсораң,Ақсораң а.о.
116453100,NK RK 11-2025,settlement,2,с.Новоникольское,Новоникольское а.
116453200,NK RK 11-2025,settlement,2,с.Кумдыколь,Құмдыкөл а.
116453300,NK RK 11-2025,settlement,2,с.Меньшиковка,Меньшиковка а.
116453400,NK RK 11-2025,settlement,2,с.Маралды,Маралды а.
116453500,NK RK 11-2025,settlement,2,с.Смольное,Смольное а.
116455000,NK RK 11-2025,sub_district,2,Сандыктауский с.о.,Сандықтау а.о.
116455100,NK RK 11-2025,settlement,2,с.Сандыктау,Сандықтау а.
116455200,NK RK 11-2025,settlement,2,с.Новоромановка,Новоромановка а.
116459000,NK RK 11-2025,sub_district,2,Широковский с.о.,Широков а.о.
116459100,NK RK 11-2025,settlement,2,с.Богородка,Богородка а.
116459300,NK RK 11-2025,settlement,2,с.Дорогинка,Дорогинка а.
116600000,NK RK 11-2025,district,2,Целиноградский район,Целиноград ауданы
116630000,NK RK 11-2025,sub_district,2,с.о.Акмол,Ақмол а.о.
116630100,NK RK 11-2025,settlement,2,с.Акмол,Ақмол а.
116630300,NK RK 11-2025,settlement,2,с.Отемис,Өтеміс а.
116637000,NK RK 11-2025,sub_district,2,Нуресильский с.о.,Нұресіл а.о.
116637100,NK RK 11-2025,settlement,2,с.Нуресиль,Нұресіл а.
116637300,NK RK 11-2025,settlement,2,с.Жана Жайнак,Жаңа Жайнақ а.
116637500,NK RK 11-2025,settlement,2,с.Раздольное,Раздольное а.
116643000,NK RK 11-2025,sub_district,2,с.а.Кажымукан,Қажымұқан а.ә.
116643100,NK RK 11-2025,settlement,2,с.Кажымукан,Қажымұқан а.
116644000,NK RK 11-2025,sub_district,2,с.а.Каражар,Қаражар а.ә.
116644100,NK RK 11-2025,settlement,2,с.Каражар,Қаражар а.
116645000,NK RK 11-2025,sub_district,2,Кояндинская с.а.,Қоянды а.ә.
116645100,NK RK 11-2025,settlement,2,с.Коянды,Қоянды а.
116647000,NK RK 11-2025,sub_district,2,Жарлыкольский с.о.,Жарлыкөл а.о
116647100,NK RK 11-2025,settlement,2,с.Жангызкудук,Жалғызқұдық а.
116647200,NK RK 11-2025,settlement,2,с.Жарлыколь,Жарлыкөл а.
116648000,NK RK 11-2025,sub_district,2,Караоткельский с.о.,Қараөткел а.о.
116648100,NK RK 11-2025,settlement,2,с.Караоткель,Қараөткел а.
116648400,NK RK 11-2025,settlement,2,с.Жанажол,Жаңажол а.
116649000,NK RK 11-2025,sub_district,2,Оразакский с.о.,Оразақ а.о.
116649100,NK RK 11-2025,settlement,2,с.Оразак,Оразақ а.
116649200,NK RK 11-2025,settlement,2,с.Бирлик,Бірлік а.
116652000,NK RK 11-2025,sub_district,2,Кызылсуатский с.о.,Қызыл суат а.о.
116652100,NK RK 11-2025,settlement,2,с.Кызыл суат,Қызыл суат а.
116652200,NK RK 11-2025,settlement,2,с.Аккайын,Аққайың а.
116652300,NK RK 11-2025,settlement,2,с.Нұрлы,Нұрлы а.
116652500,NK RK 11-2025,settlement,2,с.Шубар,Шұбар а.
116653000,NK RK 11-2025,sub_district,2,с.о.Тасты,Тасты а.о.
116653100,NK RK 11-2025,settlement,2,с.Тасты,Тасты а.
116653103,NK RK 11-2025,settlement,2,рзд.93,рзд.93
116653300,NK RK 11-2025,settlement,2,с.Акмечеть,Ақмешіт а.
116653700,NK RK 11-2025,settlement,2,ст.Тастак,Тастақ ст.
116655000,NK RK 11-2025,sub_district,2,Арайлынский с.о.,Арайлы а.о.
116655100,NK RK 11-2025,settlement,2,с.Арайлы,Арайлы а.
116655180,NK RK 11-2025,settlement,2,с.Жайнак,Жайнақ а.
116655200,NK RK 11-2025,settlement,2,ст.Косшокы,Қосшоқы ст.
116655300,NK RK 11-2025,settlement,2,с.Тонкерис,Төңкеріс а.
116655400,NK RK 11-2025,settlement,2,с.Ынтымак,Ынтымақ а.
116658000,NK RK 11-2025,sub_district,2,с.а.Мәншүк Мәметова,Мәншүк Мәметова а.ә.
116658100,NK RK 11-2025,settlement,2,с.Мәншүк Мәметова,Мәншүк Мәметова а.
116659000,NK RK 11-2025,sub_district,2,Жанаесильский с.о.,Жаңаесіл а.о.
116659100,NK RK 11-2025,settlement,2,с.Жанаесиль,Жаңаесіл а.
116659200,NK RK 11-2025,settlement,2,с.Мортык,Мортық а.
116659300,NK RK 11-2025,settlement,2,с.Караменды батыр,Қарамеңді батыр а
116661000,NK RK 11-2025,sub_district,2,с.о.Родина,Родина а.о.
116661100,NK RK 11-2025,settlement,2,с.Родина,Родина а.
116661200,NK RK 11-2025,settlement,2,с.Зеленый Гай,Зеленый Гай а.
116661300,NK RK 11-2025,settlement,2,с.Садовое,Садовое а.
116663000,NK RK 11-2025,sub_district,2,с.о.Ақжар,Ақжар а.о.
116663100,NK RK 11-2025,settlement,2,с.Ақжар,Ақжар а.
116663200,NK RK 11-2025,settlement,2,с.Опан,Опан а.
116665000,NK RK 11-2025,sub_district,2,с.о.Кабанбай батыра,Қабанбай батыр а.о.
116665100,NK RK 11-2025,settlement,2,с.Кабанбай батыра,Қабанбай батыр а.
116665400,NK RK 11-2025,settlement,2,с.Кызылжар,Қызылжар а.
116665500,NK RK 11-2025,settlement,2,с.Нура,Нұра а.
116665600,NK RK 11-2025,settlement,2,с.Сарыадыр,Сарыадыр а.
116667000,NK RK 11-2025,sub_district,2,с.о.Рахымжана Кошкарбаева,Рахымжан Қошқарбаев а.о.
116667100,NK RK 11-2025,settlement,2,с. Рахымжана Кошкарбаева,Рахымжан Қошқарбаев а.
116667102,NK RK 11-2025,settlement,2,с.Аганас,Ағанас а.
116667400,NK RK 11-2025,settlement,2,с.Сарыколь,Сарыкөл а.
116667500,NK RK 11-2025,settlement,2,с.Преображенка,Преображенка а.
116671000,NK RK 11-2025,sub_district,2,Софиевский с.о.,Софиев а.о.
116671100,NK RK 11-2025,settlement,2,с.Софиевка,Софиевка а.
116671105,NK RK 11-2025,settlement,2,с.Апполоновка,Апполоновка а.
116671400,NK RK 11-2025,settlement,2,с.Жабай,Жабай а.
116672000,NK RK 11-2025,sub_district,2,с.а.Талапкер,Талапкер а.ә.
116672100,NK RK 11-2025,settlement,2,с.Талапкер,Талапкер а.
116673000,NK RK 11-2025,sub_district,2,Шалкарский с.о.,Шалқар а.о.
116673100,NK RK 11-2025,settlement,2,с.Шалкар,Шалқар а.
116673200,NK RK 11-2025,settlement,2,с.Каратомар,Қаратомар а.
116673300,NK RK 11-2025,settlement,2,с.Отаутускен,Отаутүскен а.
116675000,NK RK 11-2025,sub_district,2,с.а.Ыбырая Алтынсарина,Ыбырай Алтынсарин а.ә.
116675100,NK RK 11-2025,settlement,2,с.Ыбырая Алтынсарина,Ыбырай Алтынсарин а.
116800000,NK RK 11-2025,district,2,Шортандинский район,Шортанды ауданы
116830000,NK RK 11-2025,sub_district,2,Шортандинская п.а.,Шортанды к.ә.
116830100,NK RK 11-2025,settlement,2,п.Шортанды,Шортанды к.
116833000,NK RK 11-2025,sub_district,2,Андреевский с.о.,Андреев а.о.
116833100,NK RK 11-2025,settlement,2,с.Андреевка,Андреевка а.
116833800,NK RK 11-2025,settlement,2,с.Октябрьское,Октябрьское а.
116835000,NK RK 11-2025,sub_district,2,Дамсинский с.о.,Дамса а.о.
116835100,NK RK 11-2025,settlement,2,с.Дамса,Дамса а.
116835400,NK RK 11-2025,settlement,2,п.Научный,Научный к.
116835600,NK RK 11-2025,settlement,2,с.Степное,Степное а.
116837000,NK RK 11-2025,sub_district,2,с.о.Бозайгыр,Бозайғыр а.о.
116837100,NK RK 11-2025,settlement,2,с. Бозайгыр,Бозайғыр а.
116837200,NK RK 11-2025,settlement,2,с.Ключи,Ключи а.
116837500,NK RK 11-2025,settlement,2,ст.Тонкерис,Төңкеріс ст.
116839000,NK RK 11-2025,sub_district,2,Жолымбетская п.а.,Жолымбет к.ә.
116839100,NK RK 11-2025,settlement,2,п.Жолымбет,Жолымбет к.
116841000,NK RK 11-2025,sub_district,2,с.о. Бектау,Бектау а.о.
116841100,NK RK 11-2025,settlement,2,с.Бектау,Бектау а.
116841200,NK RK 11-2025,settlement,2,с. Мыктыколь,Мықтыкөл а.
116841400,NK RK 11-2025,settlement,2,с.Конкрынка,Көңқырын а.
116841500,NK RK 11-2025,settlement,2,с.Каражар,Қаражар а.
116843000,NK RK 11-2025,sub_district,2,Новокубанский с.о.,Новокубан а.о.
116843100,NK RK 11-2025,settlement,2,с.Новокубанка,Новокубанка а.
116843200,NK RK 11-2025,settlement,2,с.Алтайское,Алтайское а.
116845000,NK RK 11-2025,sub_district,2,Новоселовский с.о.,Новоселовка а.о.
116845100,NK RK 11-2025,settlement,2,с.Новоселовка,Новоселовка а.
116845105,NK RK 11-2025,settlement,2,с.Первомайское,Первомай а.
116845400,NK RK 11-2025,settlement,2,с.Каратобинское,Қаратөбе а.
116845500,NK RK 11-2025,settlement,2,с.Новопервомайское,Новопервомай а.
116845600,NK RK 11-2025,settlement,2,с.Ошак,Ошақ а.
116847000,NK RK 11-2025,sub_district,2,Петровский с.о.,Петров а.о.
116847100,NK RK 11-2025,settlement,2,с.Петровка,Петровка а.
116847105,NK RK 11-2025,settlement,2,с.Новокавказское,Новокавказское а.
116847200,NK RK 11-2025,settlement,2,с.Белое Озеро,Белое Озеро а.
116847500,NK RK 11-2025,settlement,2,ст.Караадыр,Қараадыр ст.
116849000,NK RK 11-2025,sub_district,2,Пригородный с.о.,Пригородный а.о.
116849100,NK RK 11-2025,settlement,2,с.Пригородное,Пригородное а.
116849105,NK RK 11-2025,settlement,2,с.Басколь,Баскөл а.
116849400,NK RK 11-2025,settlement,2,с.Камышенка,Камышенка а.
116855000,NK RK 11-2025,sub_district,2,Раевский с.о.,Раевский а.о.
116855100,NK RK 11-2025,settlement,2,с.Раевка,Раевка а.
116855300,NK RK 11-2025,settlement,2,с.Гуляйполе,Гуляйполе а.
116855400,NK RK 11-2025,settlement,2,с.Егемен,Егемен а.
116855500,NK RK 11-2025,settlement,2,с.Новографское,Новографское а.
117000000,NK RK 11-2025,district,4,Бурабайский район,Бурабай ауданы
117020000,NK RK 11-2025,sub_district,1,Щучинская г.а.,Щучинск қ.ә.
117020100,NK RK 11-2025,settlement,1,г.Щучинск,Щучинск қ.
117033000,NK RK 11-2025,sub_district,2,Абылайхановский с.о.,Абылай хан а.о.
117033100,NK RK 11-2025,settlement,2,с.Кызылагаш,Қызылағаш а.
117033109,NK RK 11-2025,settlement,2,с.Мезгильсор,Мезгілсор а.
117033300,NK RK 11-2025,settlement,2,с.Акылбай,Ақылбай а.
117033305,NK RK 11-2025,settlement,2,с.Баянбай,Баянбай а.
117033600,NK RK 11-2025,settlement,2,с.Карабауыр,Қарабауыр а.
117033605,NK RK 11-2025,settlement,2,с.Старый Карабаур,Көне Қарабауыр а.
117033800,NK RK 11-2025,settlement,2,с.Озерное,Озерное а.
117033805,NK RK 11-2025,settlement,2,с.Жанкара,Жанқара а.
117035000,NK RK 11-2025,sub_district,2,Боровская п.а.,Бурабай к.ә.
117035100,NK RK 11-2025,settlement,2,п.Бурабай,Бурабай к.
117035300,NK RK 11-2025,settlement,2,с.Окжетпес,Оқжетпес а.
117035500,NK RK 11-2025,settlement,2,с.Сарыбулак,Сарыбұлақ а.
117037000,NK RK 11-2025,sub_district,2,Веденовский с.о.,Веденов а.о.
117037100,NK RK 11-2025,settlement,2,с.Веденовка,Веденовка а.
117037103,NK RK 11-2025,settlement,2,Подстанция,Қосалқыстанса
117037400,NK RK 11-2025,settlement,2,с.Карабулак,Қарабұлақ а.
117037405,NK RK 11-2025,settlement,2,с.Крупское,Крупское а.
117049000,NK RK 11-2025,sub_district,2,Зеленоборский с.о.,Зеленобор а.о.
117049100,NK RK 11-2025,settlement,2,с.Зеленый Бор,Зеленый Бор а.
117049105,NK RK 11-2025,settlement,2,Огород 2,Бақша 2
117049109,NK RK 11-2025,settlement,2,с.Подхоз,Подхоз а.
117049180,NK RK 11-2025,settlement,2,с.Жанаталап,Жаңаталап а.
117049200,NK RK 11-2025,settlement,2,с.Молбаза,Молбаза а.
117049500,NK RK 11-2025,settlement,2,с.Кумызынай,Қымызынай а.
117049600,NK RK 11-2025,settlement,2,с.Мадениет,Мәдениет а.
117049700,NK RK 11-2025,settlement,2,с.Наурызбай батыра,Наурызбай батыр а.
117049702,NK RK 11-2025,settlement,2,с.Айгабак,Айқабақ а.
117049703,NK RK 11-2025,settlement,2,с.Бидайык,Бидайық а.
117051000,NK RK 11-2025,sub_district,2,Златопольский с.о.,Златополье а.о.
117051100,NK RK 11-2025,settlement,2,с.Златополье,Златополье а.
117051200,NK RK 11-2025,settlement,2,с.Лесной Хутор,Лесной Хутор а.
117051300,NK RK 11-2025,settlement,2,с.Новоандреевка,Новоандреевка а.
117051400,NK RK 11-2025,settlement,2,с.Обалы,Обалы а.
117051500,NK RK 11-2025,settlement,2,с.Савинка,Савинка а.
117051600,NK RK 11-2025,settlement,2,с.Сотниковка,Сотниковка а.
117051700,NK RK 11-2025,settlement,2,с.Тулькули,Түлкілі а.
117053000,NK RK 11-2025,sub_district,2,Кенесаринский с.о.,Кенесары а.о.
117053100,NK RK 11-2025,settlement,2,с.Кенесары,Кенесары а.
117053103,NK RK 11-2025,settlement,2,Подстанция,Қосалқыстанса
117053108,NK RK 11-2025,settlement,2,рзд.17,рзд.17
117053109,NK RK 11-2025,settlement,2,рзд.19,рзд.19
117053200,NK RK 11-2025,settlement,2,с.Брусиловка,Брусиловка а.
117053300,NK RK 11-2025,settlement,2,с.Баянбай,Баянбай а.
117055000,NK RK 11-2025,sub_district,2,с.о. Атамекен,Атамекен а.о.
117055100,NK RK 11-2025,settlement,2,с.Атамекен,Атамекен а.
117055200,NK RK 11-2025,settlement,2,с.Жанажол,Жаңажол а.
117055300,NK RK 11-2025,settlement,2,с.Жаркайын,Жарқайың а.
117055400,NK RK 11-2025,settlement,2,с.Жасыл,Жасыл а.
117055800,NK RK 11-2025,settlement,2,с.Каражар,Қаражар а.
117055900,NK RK 11-2025,settlement,2,с.Шиели,Шиелі а.
117057000,NK RK 11-2025,sub_district,2,Катаркольский с.о.,Қатаркөл а.о.
117057100,NK RK 11-2025,settlement,2,с.Катарколь,Қатаркөл а.
117057103,NK RK 11-2025,settlement,2,Пионерлагерь Арман,Арман пионерлагері
117057105,NK RK 11-2025,settlement,2,Пионерлагерь Восход,Восход пионерлагері
117057107,NK RK 11-2025,settlement,2,Пионерлагерь Звездочка,Звездочка пионерлагері
117057109,NK RK 11-2025,settlement,2,ДОЦ Дашенька,"""Дашенька""балалар сауықтыру ор"
117057111,NK RK 11-2025,settlement,2,Пионерлагерь Лесная сказка,Лесная сказка пионерлагері
117057113,NK RK 11-2025,settlement,2,Пионерлагерь Огонек,Огонек пионерлагері
117057115,NK RK 11-2025,settlement,2,ДОЦ Континент,"""Континент""балалар сауықтыру о"
117057117,NK RK 11-2025,settlement,2,ДОЦ Простор,"""Простор""балалар сауықтыру орт"
117057119,NK RK 11-2025,settlement,2,Оздоровит. центр КЕГОК-СЕРВИС,КЕГОК-СЕРВИС сауықтыру орталығы
117057121,NK RK 11-2025,settlement,2,База отдыха СПУТНИК,СПУТНИК демалыс базасы
117057123,NK RK 11-2025,settlement,2,санаторий прафил.С.Сейфуллина,С.Сейфуллин емдеу-сауық.профил
117057125,NK RK 11-2025,settlement,2,ДОЦ Чайка,"""Чайка""балалар сауықтыру ортал"
117057127,NK RK 11-2025,settlement,2,ДОЦ Юная смена,"""Юная смена""балалар сауықтыру"
117057128,NK RK 11-2025,settlement,2,ДОЦ Восход,"""Восход""балалар сауықтыру орта"
117057129,NK RK 11-2025,settlement,2,сезонный дет.сан.Жезказганец,"""Жезказганец""маусымдық балалар"
117057131,NK RK 11-2025,settlement,2,ДОЦ  Звездный,"""Звездный""балалар сауықтыру ор"
117057132,NK RK 11-2025,settlement,2,Центр оздоровит. Приозерный,"""Приозерный""сауықтыру орталығы"
117057200,NK RK 11-2025,settlement,2,с.Вишневое,Вишневое а.
117057300,NK RK 11-2025,settlement,2,с.Ключевое,Ключевое а.
117057500,NK RK 11-2025,settlement,2,с.Сосновка,Сосновка а.
117061000,NK RK 11-2025,sub_district,2,Урумкайский с.о.,Үрүмқай а.о.
117061100,NK RK 11-2025,settlement,2,с.Урумкай,Үрүмқай а.
117061200,NK RK 11-2025,settlement,2,с.Дмитриевка,Дмитриевка а.
117061300,NK RK 11-2025,settlement,2,с.Корнекты,Көрнекті а.
117061400,NK RK 11-2025,settlement,2,с.Аққайың,Аққайың а.
117061500,NK RK 11-2025,settlement,2,с.Кульстан,Күлстан а.
117061600,NK RK 11-2025,settlement,2,с.Киндиккарагай,Кіндікқарағай а.
117061700,NK RK 11-2025,settlement,2,с.Карашилик,Қарашілік а.
117063000,NK RK 11-2025,sub_district,2,Успеноюрьевский с.о.,Успеноюрьев а.о.
117063100,NK RK 11-2025,settlement,2,с.Успено-юрьевка,Успеноюрьевка а.
117063103,NK RK 11-2025,settlement,2,кр.хоз Алексеевский,Алексеевский шарқож
117063105,NK RK 11-2025,settlement,2,Подстанция,Қосалқыстанса
117063109,NK RK 11-2025,settlement,2,с.Ковалевка,Ковалевка а.
117063380,NK RK 11-2025,settlement,2,с.Клинцы,Клинцы а.
117063580,NK RK 11-2025,settlement,2,с.Николаевка,Николаевка а.
117063800,NK RK 11-2025,settlement,2,с.Райгородок,Райгородок а.
150000000,NK RK 11-2025,oblast,0,Актюбинская область,Ақтөбе облысы
151000000,NK RK 11-2025,district,1,Актобе Г.А.,Ақтөбе Қ.Ә.
151010000,NK RK 11-2025,sub_district,1,г.Актобе,Ақтөбе қ.
151011100,NK RK 11-2025,settlement,1,район Астана,Астана ауданы
151013100,NK RK 11-2025,settlement,1,район Алматы,Алматы ауданы
153200000,NK RK 11-2025,district,4,Алгинский район,Алға ауданы
153220000,NK RK 11-2025,sub_district,1,Алгинская г.а.,Алға қ.ә.
153220100,NK RK 11-2025,settlement,1,г.Алга,Алға қ.
153233000,NK RK 11-2025,sub_district,2,Бескоспинский с.о.,Бесқоспа а.о.
153233100,NK RK 11-2025,settlement,2,с.Есет батыра Кокиулы,Есет батыр Көкіұлы а.
153233102,NK RK 11-2025,settlement,2,точка Кусем,Күсем мекені
153233103,NK RK 11-2025,settlement,2,зимовка Кайындыбулак,Қайыңдыбұлақ қыстауы
153233104,NK RK 11-2025,settlement,2,точка Калинин,Калинин мекені
153233300,NK RK 11-2025,settlement,2,с.Кзылту,Қызылту а.
153233302,NK RK 11-2025,settlement,2,точка Тормантай,Тормантай мекені
153235000,NK RK 11-2025,sub_district,2,Бестамакский с.о.,Бестамақ а.о.
153235100,NK RK 11-2025,settlement,2,с.Бестамак,Бестамақ а.
153235102,NK RK 11-2025,settlement,2,Пионерлагерь,Пионерлагер
153235103,NK RK 11-2025,settlement,2,рзд.42,рзд.42
153235105,NK RK 11-2025,settlement,2,точка Катпар,Қатпар мекені
153235300,NK RK 11-2025,settlement,2,с.Бескоспа,Бесқоспа а.
153237000,NK RK 11-2025,sub_district,2,Каракудыкский с.о.,Қарақұдық а.о.
153237100,NK RK 11-2025,settlement,2,с. Каракудык,Қарақұдық а.
153237200,NK RK 11-2025,settlement,2,с.Коктогай,Көктоғай а.
153237205,NK RK 11-2025,settlement,2,точка Сарытогай,Сарытоғай мекені
153237300,NK RK 11-2025,settlement,2,с.Тиккайын,Тікқайың а.
153239000,NK RK 11-2025,sub_district,2,Акайский с.о.,Ақай а.о.
153239100,NK RK 11-2025,settlement,2,с.Акай,Ақай а.
153239102,NK RK 11-2025,settlement,2,точка Акай,Ақай мекені
153239300,NK RK 11-2025,settlement,2,с.Кольтабан,Көлтабан а.
153239302,NK RK 11-2025,settlement,2,точка Кабаштогай,Қабаштоғай мекені
153239303,NK RK 11-2025,settlement,2,точка Карсакбай,Қарсақбай мекені
153241000,NK RK 11-2025,sub_district,2,Ушкудукский с.о.,Үшқұдық а.о.
153241100,NK RK 11-2025,settlement,2,с.Ушкудык,Үшқұдық а.
153241200,NK RK 11-2025,settlement,2,с.Жеруйык,Жерұйық а.
153241300,NK RK 11-2025,settlement,2,с.Аксазды,Ақсазды а.
153242000,NK RK 11-2025,sub_district,2,Караагашский с.о.,Қараағаш а.о.
153242100,NK RK 11-2025,settlement,2,с.Самбай,Самбай а.
153242800,NK RK 11-2025,settlement,2,с.Нурбулак,Нұрбұлақ а.
153243000,NK RK 11-2025,sub_district,2,Карабулакский с.о.,Қарабұлақ а.о.
153243100,NK RK 11-2025,settlement,2,с.Карабулак,Қарабұлақ а.
153243200,NK RK 11-2025,settlement,2,с.Амангельды,Амангелді а.
153245000,NK RK 11-2025,sub_district,2,Карахобдинский с.о.,Қарақобда а.о.
153245100,NK RK 11-2025,settlement,2,с.Карахобда,Қарақобда а.
153245102,NK RK 11-2025,settlement,2,точка Самал,Самал мекені
153245300,NK RK 11-2025,settlement,2,с.Ерназар,Ерназар а.
153245400,NK RK 11-2025,settlement,2,с.Кумсай,Құмсай а.
153247000,NK RK 11-2025,sub_district,2,Маржанбулакский с.о.,Маржанбұлақ а.о.
153247100,NK RK 11-2025,settlement,2,с.Маржанбулак,Маржанбұлақ а.
153247102,NK RK 11-2025,settlement,2,точка Танаберген,Тәңаберген мекені
153247200,NK RK 11-2025,settlement,2,с.Кайындысай,Қайыңдысай а.
153248000,NK RK 11-2025,sub_district,2,Сарыхобдинский с.о.,Сарықобда а.о.
153248100,NK RK 11-2025,settlement,2,с.Сарыхобда,Сарықобда а.
153248300,NK RK 11-2025,settlement,2,с.Болгарка,Болгарка а.
153249000,NK RK 11-2025,sub_district,2,Тамдинский с.о.,Тамды а.о.
153249100,NK RK 11-2025,settlement,2,с.Тамды,Тамды а.
153249103,NK RK 11-2025,settlement,2,зимовка Алгабас,Алғабас қыстауы
153249200,NK RK 11-2025,settlement,2,с.Еркинкуш,Еркінкүш а.
153249300,NK RK 11-2025,settlement,2,с.Талдысай,Талдысай а.
153251000,NK RK 11-2025,sub_district,2,Токмансайский с.о.,Тоқмансай а.о.
153251100,NK RK 11-2025,settlement,2,с.Кайнар,Қайнар а.
153251300,NK RK 11-2025,settlement,2,с.Токмансай,Тоқмансай а.
153251400,NK RK 11-2025,settlement,2,ст.Токмансай,Тоқмансай ст.
153400000,NK RK 11-2025,district,2,Айтекебийский район,Әйтеке би ауданы
153430000,NK RK 11-2025,sub_district,2,с.о.Темирбека Жургенева,Темірбек Жүргенов а.о.
153430100,NK RK 11-2025,settlement,2,с.Темирбека Жургенева,Темірбек Жүргенов а.
153430500,NK RK 11-2025,settlement,2,с.Талдысай,Талдысай а.
153433000,NK RK 11-2025,sub_district,2,Аккольский с.о.,Ақкөл а.о.
153433100,NK RK 11-2025,settlement,2,с.Акколь,Ақкөл а.
153435000,NK RK 11-2025,sub_district,2,Актастынский с.о.,Ақтасты а.о.
153435100,NK RK 11-2025,settlement,2,с.Актасты,Ақтасты а.
153435300,NK RK 11-2025,settlement,2,с.Толыбай,Толыбай а.
153437000,NK RK 11-2025,sub_district,2,Аралтогайский с.о.,Аралтоғай а.о.
153437100,NK RK 11-2025,settlement,2,с.Аралтогай,Аралтоғай а.
153437300,NK RK 11-2025,settlement,2,с.Киякты,Қияқты а.
153437400,NK RK 11-2025,settlement,2,с.Милысай,Милысай а.
153437500,NK RK 11-2025,settlement,2,Отделение Улгайсын,Ұлғайсын бөлімшесі
153439000,NK RK 11-2025,sub_district,2,Кызылжулдузский с.о.,Қызылжұлдыз а.о.
153439100,NK RK 11-2025,settlement,2,с.Аралтобе,Аралтөбе а.
153441000,NK RK 11-2025,sub_district,2,Айкенский с.о.,Әйке а.о.
153441100,NK RK 11-2025,settlement,2,с.Айке,Әйке а.
153441108,NK RK 11-2025,settlement,2,ж/д вокзал,Теміржол вокзалы
153441500,NK RK 11-2025,settlement,2,с.Теренсай,Тереңсай а.
153443000,NK RK 11-2025,sub_district,2,с.о.Тумабулак,Тұмабұлақ а.о.
153443100,NK RK 11-2025,settlement,2,с.Тумабулак,Тұмабұлақ а.
153443600,NK RK 11-2025,settlement,2,с.Сарыбулак,Сарыбұлақ а.
153447000,NK RK 11-2025,sub_district,2,Жабасакский с.о.,Жабасақ а.о.
153447100,NK RK 11-2025,settlement,2,с.Жабасак,Жабасақ а.
153447200,NK RK 11-2025,settlement,2,с.Аккум,Аққұм а.
153447400,NK RK 11-2025,settlement,2,с.Байжанколь,Байжанкөл а.
153449000,NK RK 11-2025,sub_district,2,Жамбылский с.о.,Жамбыл а.о.
153449100,NK RK 11-2025,settlement,2,с.Жамбыл,Жамбыл а.
153451000,NK RK 11-2025,sub_district,2,Кайрактинский с.о.,Қайрақты а.о.
153451100,NK RK 11-2025,settlement,2,с.Талдык,Талдық а.
153453000,NK RK 11-2025,sub_district,2,Карабутакский с.о.,Қарабұтақ а.о.
153453100,NK RK 11-2025,settlement,2,с.Карабутак,Қарабұтақ а.
153453300,NK RK 11-2025,settlement,2,с.Белкопа,Белқопа а.
153453400,NK RK 11-2025,settlement,2,с.Енбекту,Еңбекту а.
153453500,NK RK 11-2025,settlement,2,с.Жароткель,Жарөткел а.
153457000,NK RK 11-2025,sub_district,2,Кумкудукский с.о.,Құмқұдық а.о.
153457100,NK RK 11-2025,settlement,2,с.Кумкудук,Құмқұдық а.
153458000,NK RK 11-2025,sub_district,2,Саратский с.о.,Сарат а.о.
153458100,NK RK 11-2025,settlement,2,с.Сарат,Сарат а.
153459000,NK RK 11-2025,sub_district,2,Сулукольский с.о.,Сұлукөл а.о.
153459100,NK RK 11-2025,settlement,2,с.Сулуколь,Сұлукөл а.
153473000,NK RK 11-2025,sub_district,2,Ушкаттинский с.о.,Ұшқатты а.о.
153473100,NK RK 11-2025,settlement,2,с.Ушкатты,Ұшқатты а.
153600000,NK RK 11-2025,district,2,Байганинский район,Байғанин ауданы
153630000,NK RK 11-2025,sub_district,2,Карауылкелдинский с.о.,Қарауылкелді а.о.
153630100,NK RK 11-2025,settlement,2,с.Карауылкелды,Қарауылкелді а.
153630105,NK RK 11-2025,settlement,2,зимовка Почта,Почта қыстауы
153630112,NK RK 11-2025,settlement,2,зимовка Тиритам 1,Тірітам 1 қыстауы
153630116,NK RK 11-2025,settlement,2,зимовка Тиритам 2,Тірітам 2 қыстауы
153630117,NK RK 11-2025,settlement,2,зимовка Жанабаз,Жаңабаз қыстауы
153630200,NK RK 11-2025,settlement,2,с.Кенжалы,Кенжалы а.
153630400,NK RK 11-2025,settlement,2,с.Кокбулак,Көкбұлақ а.
153630406,NK RK 11-2025,settlement,2,зимовка Копа,Қопа қыстауы
153630500,NK RK 11-2025,settlement,2,с.Косарал,Қосарал а.
153630503,NK RK 11-2025,settlement,2,зимовка Жанабаз 2,Жаңабаз 2 қыстауы
153630505,NK RK 11-2025,settlement,2,зимовка Коне Косарал,Көне Қосарал қыстауы
153630511,NK RK 11-2025,settlement,2,зимовка Сагыз,Сағыз қыстауы
153633000,NK RK 11-2025,sub_district,2,Ащинский с.о.,Ащы а.о.
153633100,NK RK 11-2025,settlement,2,с.Ногайты,Ноғайты а.
153633114,NK RK 11-2025,settlement,2,202 рзд,202 рзд
153635000,NK RK 11-2025,sub_district,2,Жанажолский с.о.,Жаңажол а.о.
153635100,NK RK 11-2025,settlement,2,с.Оймауыт,Оймауыт а.
153635123,NK RK 11-2025,settlement,2,зимовка Карашбай,Қарашбай қыстауы
153635124,NK RK 11-2025,settlement,2,зимовка Ынтымак,Ынтымақ қыстауы
153635125,NK RK 11-2025,settlement,2,зимовка Шатай,Шатай қыстауы
153637000,NK RK 11-2025,sub_district,2,Жаркамысский с.о.,Жарқамыс а.о.
153637100,NK RK 11-2025,settlement,2,с.Жаркамыс,Жарқамыс а.
153637112,NK RK 11-2025,settlement,2,зимовка Каражар,Қаражар қыстауы
153637113,NK RK 11-2025,settlement,2,зимовка Актогай,Ақтоғай қыстауы
153637114,NK RK 11-2025,settlement,2,зимовка Аша,Аша қыстауы
153637115,NK RK 11-2025,settlement,2,зимовка Баргана,Барғана қыстауы
153637116,NK RK 11-2025,settlement,2,зимовка Жырык,Жырық қыстауы
153637117,NK RK 11-2025,settlement,2,зимовка Почта,Почта қыстауы
153637118,NK RK 11-2025,settlement,2,зимовка Тубек,Түбек қыстауы
153637119,NK RK 11-2025,settlement,2,зимовка Кызылжар,Қызылжар қыстауы
153637200,NK RK 11-2025,settlement,2,с.Актам,Ақтам а.
153637213,NK RK 11-2025,settlement,2,зимовка Акши 1,Ақши 1 қыстауы
153637400,NK RK 11-2025,settlement,2,с.Каражар,Қаражар а.
153637409,NK RK 11-2025,settlement,2,зимовка Сарыколь,Сарыкөл қыстауы
153637411,NK RK 11-2025,settlement,2,зимовка Каражар 1,Қаражар 1 қыстауы
153637412,NK RK 11-2025,settlement,2,зимовка Акши 2,Ақши 2 қыстауы
153637413,NK RK 11-2025,settlement,2,зимовка Алшын,Алшын қыстауы
153637414,NK RK 11-2025,settlement,2,зимовка Карабулак,Қарабұлақ қыстауы
153637415,NK RK 11-2025,settlement,2,зимовка Кутанши,Құтанши қыстауы
153637416,NK RK 11-2025,settlement,2,зимовка Кондысай,Көндісай қыстауы
153637417,NK RK 11-2025,settlement,2,зимовка Тасаудан,Тасаудан қыстауы
153641000,NK RK 11-2025,sub_district,2,Кольтабанский с.о.,Көлтабан а.о.
153641100,NK RK 11-2025,settlement,2,с.Жарлы,Жарлы а.
153641102,NK RK 11-2025,settlement,2,рзд.174,рзд.174
153641103,NK RK 11-2025,settlement,2,зимовка Кенжалы,Кенжалы қыстауы
153641104,NK RK 11-2025,settlement,2,зимовка Аккудык,Аққұдық қыстауы
153641105,NK RK 11-2025,settlement,2,зимовка Ербас,Ербас қыстауы
153641106,NK RK 11-2025,settlement,2,зимовка Каражар,Қаражар қыстауы
153641107,NK RK 11-2025,settlement,2,зимовка Карабуйрат,Қарабұйрат қыстауы
153641108,NK RK 11-2025,settlement,2,зимовка Камыскора,Қамысқора қыстауы
153641109,NK RK 11-2025,settlement,2,зимовка Кызылту,Қызылту қыстауы
153641111,NK RK 11-2025,settlement,2,зимовка Кызылтан,Қызылтаң қыстауы
153641112,NK RK 11-2025,settlement,2,зимовка Кулак,Құлақ қыстауы
153641113,NK RK 11-2025,settlement,2,зимовка Мойындыкияк,Мойындықияқ қыстауы
153641114,NK RK 11-2025,settlement,2,зимовка Сарыбулак,Сарыбұлақ  қыстауы
153641115,NK RK 11-2025,settlement,2,зимовка Шихетер,Шиқетер қыстауы
153641116,NK RK 11-2025,settlement,2,зимовка Елибай,Елібай қыстауы
153641117,NK RK 11-2025,settlement,2,зимовка Карагандысай,Қарағандысай қыстауы
153641118,NK RK 11-2025,settlement,2,зимовка Кызылкудык,Қызылқұдық қыстауы
153641119,NK RK 11-2025,settlement,2,зимовка Теренкудык,Теренқұдық қыстауы
153641121,NK RK 11-2025,settlement,2,зимовка Улкен Соркудык,Үлкен Сорқұдық қыстауы
153641300,NK RK 11-2025,settlement,2,с.Кораши,Қораши а.
153641500,NK RK 11-2025,settlement,2,с.Жынгылдытогай,Жыңғылдытоғай а.
153643000,NK RK 11-2025,sub_district,2,Копинский с.о.,Қопа а.о.
153643100,NK RK 11-2025,settlement,2,с.Ебейти,Ебейті а.
153643103,NK RK 11-2025,settlement,2,зимовка Ебейти,Ебейті қыстауы
153643104,NK RK 11-2025,settlement,2,зимовка Бузаукора,Бұзауқора қыстауы
153643105,NK RK 11-2025,settlement,2,зимовка Нуркебай,Нүркебай қыстауы
153643106,NK RK 11-2025,settlement,2,зимовка Ушбулак,Үшбұлақ қыстауы
153643200,NK RK 11-2025,settlement,2,с.Айрык,Айырық а.
153643207,NK RK 11-2025,settlement,2,зимовка Сарбас,Сарбас қыстауы
153643209,NK RK 11-2025,settlement,2,рзд.236,рзд. 236
153643300,NK RK 11-2025,settlement,2,с.Коптогай,Көптоғай а.
153643400,NK RK 11-2025,settlement,2,с.Копа,Қопа а.
153649000,NK RK 11-2025,sub_district,2,Кызылбулакский с.о.,Қызылбұлақ а.о.
153649100,NK RK 11-2025,settlement,2,с.Кемерши,Кемерші а.
153649200,NK RK 11-2025,settlement,2,с.Булактыколь,Бұлақтыкөл а.
153649218,NK RK 11-2025,settlement,2,зимовка Ойык,Ойық қыстауы
153649300,NK RK 11-2025,settlement,2,с.Жанатан,Жаңатаң а.
153651000,NK RK 11-2025,sub_district,2,Сарытогайский с.о.,Сарытоғай а.о.
153651100,NK RK 11-2025,settlement,2,с. Алтай батыра,Алтай батыр а.
153651200,NK RK 11-2025,settlement,2,с.Баршакум,Баршақұм а.
153651300,NK RK 11-2025,settlement,2,с.Шукырши,Шұқыршы а.
153655000,NK RK 11-2025,sub_district,2,Миялинский с.о.,Миялы а.о.
153655100,NK RK 11-2025,settlement,2,с.Миялы,Миялы а.
153655112,NK RK 11-2025,settlement,2,зимовка Терискенди,Теріскенді қыстауы
153655113,NK RK 11-2025,settlement,2,зимовка Каражар,Қаражар қыстауы
153655114,NK RK 11-2025,settlement,2,зимовка Аксуат,Ақсуат қыстауы
153655300,NK RK 11-2025,settlement,2,с.Дияр,Дияр а.
154000000,NK RK 11-2025,district,2,Каргалинский район,Қарғалы ауданы
154030000,NK RK 11-2025,sub_district,2,Бадамшинский с.о.,Бадамша а.о.
154030100,NK RK 11-2025,settlement,2,с.Бадамша,Бадамша а.
154030102,NK RK 11-2025,settlement,2,Кемпирсай ст.,Кемпірсай ст.
154033000,NK RK 11-2025,sub_district,2,Ащылысайский с.о.,Ащылысай а.о.
154033100,NK RK 11-2025,settlement,2,с.Ащылысай,Ащылысай а.
154033200,NK RK 11-2025,settlement,2,с.Бозтобе,Бозтөбе а.
154033400,NK RK 11-2025,settlement,2,с.Преображеновка,Преображеновка а.
154033500,NK RK 11-2025,settlement,2,с.Акколь,Ақкөл а.
154035000,NK RK 11-2025,sub_district,2,Алимбетовский с.о.,Әлімбет а.о.
154035100,NK RK 11-2025,settlement,2,с.Алимбет,Әлімбет а.
154049000,NK RK 11-2025,sub_district,2,Велиховский с.о.,Велихов а.о.
154049100,NK RK 11-2025,settlement,2,с.Велиховка,Велихов а.
154049400,NK RK 11-2025,settlement,2,с.Акжайык,Ақжайық а.
154049402,NK RK 11-2025,settlement,2,точка Калымбай,Қалымбай мекені
154049403,NK RK 11-2025,settlement,2,зимовка Кенсайран,Кеңсайран қыстауы
154051000,NK RK 11-2025,sub_district,2,Желтауский с.о.,Желтау а.о.
154051100,NK RK 11-2025,settlement,2,с.Петропавловка,Петропавловка а.
154053000,NK RK 11-2025,sub_district,2,Кемпирсайский с.о.,Кемпірсай а.о.
154053100,NK RK 11-2025,settlement,2,с.Жосалы,Жосалы а.
154053200,NK RK 11-2025,settlement,2,с.Кемпирсай,Кемпірсай а.
154055000,NK RK 11-2025,sub_district,2,Кос-Истекский с.о.,Қосестек а.о.
154055100,NK RK 11-2025,settlement,2,с.Кос-Истек,Қосестек а.
154057000,NK RK 11-2025,sub_district,2,Степной с.о.,Степной а.о.
154057100,NK RK 11-2025,settlement,2,с.Степное,Степное а.
154057200,NK RK 11-2025,settlement,2,с.Кайракты,Қайрақты а.
154059000,NK RK 11-2025,sub_district,2,с.а.Шамши Калдаякова,Шәмші Қалдаяқов а.ә.
154059100,NK RK 11-2025,settlement,2,с.Шамши Калдаякова,Шәмші Қалдаяқов а.
154059102,NK RK 11-2025,settlement,2,Каргалинское водохранилище,Қарғалы суқоймасы
154059104,NK RK 11-2025,settlement,2,кр.хоз Акшуак,Ақшуақ шарқож
154200000,NK RK 11-2025,district,2,Хобдинский район,Қобда ауданы
154230000,NK RK 11-2025,sub_district,2,Кобдинский с.о.,Қобда а.о.
154230100,NK RK 11-2025,settlement,2,с.Кобда,Қобда а.
154230200,NK RK 11-2025,settlement,2,с.Курсай,Құрсай а.
154233000,NK RK 11-2025,sub_district,2,Акрабский с.о.,Акраб а.о.
154233100,NK RK 11-2025,settlement,2,с.Акраб,Ақраб а.
154235000,NK RK 11-2025,sub_district,2,Бестауский с.о.,Бестау а.о.
154235100,NK RK 11-2025,settlement,2,с.Бестау,Бестау а.
154237000,NK RK 11-2025,sub_district,2,Сарбулакский с.о.,Сарыбұлақ а.о.
154237100,NK RK 11-2025,settlement,2,с.Сарбулак,Сарыбұлақ а.
154239000,NK RK 11-2025,sub_district,2,Булакский с.о.,Бұлақ а.о.
154239100,NK RK 11-2025,settlement,2,с. Алия,Әлия а.
154239200,NK RK 11-2025,settlement,2,с.Булак,Бұлақ а.
154241000,NK RK 11-2025,sub_district,2,с.о.Имангали Билтабанова,Иманғали Білтабанов а.о.
154241100,NK RK 11-2025,settlement,2,с.им.Имангали Билтабанова,Иманғали Білтабанов атын.а.
154241200,NK RK 11-2025,settlement,2,с.Косоткель,Қосөткел а.
154241500,NK RK 11-2025,settlement,2,с.Байтак,Байтақ а.
154247000,NK RK 11-2025,sub_district,2,Жарсайский с.о.,Жарсай а.о.
154247100,NK RK 11-2025,settlement,2,с.Жарсай,Жарсай а.
154247200,NK RK 11-2025,settlement,2,с.Аксай,Ақсай а.
154247300,NK RK 11-2025,settlement,2,с.Караганда,Қарағанды а.
154249000,NK RK 11-2025,sub_district,2,Жарыкский с.о.,Жарық а.о.
154249100,NK RK 11-2025,settlement,2,с.Жарык,Жарық а.
154249300,NK RK 11-2025,settlement,2,с.Жаманколь,Жаманкөл а.
154249400,NK RK 11-2025,settlement,2,с.Канай,Қанай а.
154249500,NK RK 11-2025,settlement,2,с.Ортак,Ортақ а.
154251000,NK RK 11-2025,sub_district,2,Жиренкопинский с.о.,Жиренқопа а.о.
154251100,NK RK 11-2025,settlement,2,с.Жиренкопа,Жиренқопа а.
154255000,NK RK 11-2025,sub_district,2,Бегалинский с.о.,Бегалы а.о.
154255100,NK RK 11-2025,settlement,2,с.Бескудык,Бесқұдық а.
154257000,NK RK 11-2025,sub_district,2,Кызылжарский с.о.,Қызылжар а.о.
154257100,NK RK 11-2025,settlement,2,с.Кызылжар,Қызылжар а.
154257300,NK RK 11-2025,settlement,2,с.Каракемер,Қаракемер а.
154258000,NK RK 11-2025,sub_district,2,с.о.им.И.Курманова,И.Құрманов атын.а.о.
154258100,NK RK 11-2025,settlement,2,с.Бегалы,Бегалы а.
154258500,NK RK 11-2025,settlement,2,с.Егиндибулак,Егіндібұлақ а.
154261000,NK RK 11-2025,sub_district,2,Отекский с.о.,Өтек а.о.
154261100,NK RK 11-2025,settlement,2,с.Отек,Өтек а.
154261200,NK RK 11-2025,settlement,2,с.Жарсай,Жарсай а.
154263000,NK RK 11-2025,sub_district,2,Согалинский с.о.,Сөғалі а.о.
154263100,NK RK 11-2025,settlement,2,с.Кок Уй,Көк Үй а.
154263200,NK RK 11-2025,settlement,2,с.Когалы,Қоғалы а.
154263300,NK RK 11-2025,settlement,2,с.Согалы,Сөғалі а.
154265000,NK RK 11-2025,sub_district,2,Талдысайский с.о.,Талдысай а.о.
154265100,NK RK 11-2025,settlement,2,с.Талдысай,Талдысай а.
154267000,NK RK 11-2025,sub_district,2,Терисакканский с.о.,Терісаққан а.о.
154267100,NK RK 11-2025,settlement,2,с.Терисаккан,Терісаққан а.
154267200,NK RK 11-2025,settlement,2,с.Жанаталап,Жаңаталап а.
154600000,NK RK 11-2025,district,2,Мартукский район,Мәртөк ауданы
154630000,NK RK 11-2025,sub_district,2,Мартукский с.о.,Мәртөк а.о.
154630100,NK RK 11-2025,settlement,2,с.Мартук,Мәртөк а.
154630200,NK RK 11-2025,settlement,2,с.Жанатан,Жаңатаң а.
154630300,NK RK 11-2025,settlement,2,с.Казан,Қазан а.
154630500,NK RK 11-2025,settlement,2,с.Кумсай,Құмсай а.
154635000,NK RK 11-2025,sub_district,2,Байторысайский  с.о.,Байторысай а.о.
154635100,NK RK 11-2025,settlement,2,с.Байторысай,Байторысай а.
154635200,NK RK 11-2025,settlement,2,с.Дмитриевка,Дмитриевка а.
154635300,NK RK 11-2025,settlement,2,с.Покровка,Покровка а.
154635400,NK RK 11-2025,settlement,2,с.Полтавка,Полтавка а.
154637000,NK RK 11-2025,sub_district,2,Хазретовский с.о.,Қазірет а.о.
154637100,NK RK 11-2025,settlement,2,с.Хазретовка,Қазірет а.
154637200,NK RK 11-2025,settlement,2,с.Жездибай,Жездібай а.
154639000,NK RK 11-2025,sub_district,2,Жайсанский с.о.,Жайсаң а.о.
154639100,NK RK 11-2025,settlement,2,с.Жайсан,Жайсаң а.
154639102,NK RK 11-2025,settlement,2,рзд.33,рзд.33
154639500,NK RK 11-2025,settlement,2,с.Кокпекти,Көкпекті а.
154643000,NK RK 11-2025,sub_district,2,Каратогайский с.о.,Қаратоғай а.о.
154643100,NK RK 11-2025,settlement,2,с.Каратогай,Қаратоғай а.
154645000,NK RK 11-2025,sub_district,2,Карашайский с.о.,Қарашай а.о.
154645100,NK RK 11-2025,settlement,2,с.Каратаусай,Қаратаусай а.
154645300,NK RK 11-2025,settlement,2,с.Аккайын,Аққайың а.
154647000,NK RK 11-2025,sub_district,2,Кызылжарский с.о.,Қызылжар а.о.
154647100,NK RK 11-2025,settlement,2,с.Кызылжар,Қызылжар а.
154647200,NK RK 11-2025,settlement,2,с.Борте,Бөрте а.
154647300,NK RK 11-2025,settlement,2,с.Шевченко,Шевченко а.
154651000,NK RK 11-2025,sub_district,2,с.о.Танирберген,Тәңірберген а.о.
154651100,NK RK 11-2025,settlement,2,с.Саржансай,Саржансай а.
154651300,NK RK 11-2025,settlement,2,с.Кенсахара,Кеңсахара а.
154653000,NK RK 11-2025,sub_district,2,с.о.Байнассай,Байнассай а.о.
154653100,NK RK 11-2025,settlement,2,с.Байнассай,Байнассай а.
154653400,NK RK 11-2025,settlement,2,с.Акмоласай,Ақмоласай а.
154655000,NK RK 11-2025,sub_district,2,Аккудыкский с.о.,Аққұдық а.о.
154655100,NK RK 11-2025,settlement,2,с.Вознесеновка,Вознесеновка а.
154655200,NK RK 11-2025,settlement,2,с.Достык,Достық а.
154655300,NK RK 11-2025,settlement,2,с.Первомайка,Первомайка а.
154655400,NK RK 11-2025,settlement,2,с.Жанажол,Жаңажол а.
154655500,NK RK 11-2025,settlement,2,с.Карабулак,Қарабұлақ а.
154657000,NK RK 11-2025,sub_district,2,Родниковский с.о.,Родников а.о.
154657100,NK RK 11-2025,settlement,2,с.Родниковка,Родниковка а.
154659000,NK RK 11-2025,sub_district,2,с.о. Курмансай,Құрмансай а.о.
154659100,NK RK 11-2025,settlement,2,с.Курмансай,Құрмансай а.
154659300,NK RK 11-2025,settlement,2,с.Егизата,Егізата а.
154659400,NK RK 11-2025,settlement,2,с.Шанды,Шаңды а.
154661000,NK RK 11-2025,sub_district,2,Сарыжарский с.о.,Сарыжар а.о.
154661100,NK RK 11-2025,settlement,2,с.Сарыжар,Сарыжар а.
154800000,NK RK 11-2025,district,4,Мугалжарский район,Мұғалжар ауданы
154820000,NK RK 11-2025,sub_district,1,Кандыагашская г.а.,Қандыағаш қ.ә.
154820100,NK RK 11-2025,settlement,1,г.Кандыагаш,Қандыағаш қ.
154823000,NK RK 11-2025,sub_district,3,Эмбинская г.а.,Ембі қ.ә.
154823100,NK RK 11-2025,settlement,1,г.Эмба,Ембі қ.
154825000,NK RK 11-2025,sub_district,1,Жемская г.а.,Жем қ.ә.
154825100,NK RK 11-2025,settlement,1,г.Жем,Жем қ.
154833000,NK RK 11-2025,sub_district,2,Аккемерский с.о.,Ақкемер а.о.
154833100,NK RK 11-2025,settlement,2,с.Аккемер,Ақкемер а.
154833200,NK RK 11-2025,settlement,2,с.Коктобе,Көктөбе а.
154833205,NK RK 11-2025,settlement,2,рзд.312,рзд.312
154833300,NK RK 11-2025,settlement,2,с.Жарык,Жарық а.
154833400,NK RK 11-2025,settlement,2,с.Елек,Елек а.
154833600,NK RK 11-2025,settlement,2,с.Котибар,Көтібар а.
154835000,NK RK 11-2025,sub_district,2,Ащысайский с.о.,Ащысай а.о.
154835100,NK RK 11-2025,settlement,2,с.Ащысай,Ащысай а.
154835300,NK RK 11-2025,settlement,2,с.Аксу,Ақсу а.
154835500,NK RK 11-2025,settlement,2,с.Сабындыколь,Сабындыкөл а.
154837000,NK RK 11-2025,sub_district,2,Батпаккольский с.о.,Батпақкөл а.о.
154837100,NK RK 11-2025,settlement,2,с.Жагабулак,Жағабұлақ а.
154837200,NK RK 11-2025,settlement,2,с.Жаркемер,Жаркемер а.
154837300,NK RK 11-2025,settlement,2,с.Кожасай,Қожасай а.
154837400,NK RK 11-2025,settlement,2,с.Сага,Саға а.
154837500,NK RK 11-2025,settlement,2,с.Шенгельши,Шенгелші а.
154839000,NK RK 11-2025,sub_district,2,Егиндыбулакский с.о.,Егіндібұлақ а.о.
154839100,NK RK 11-2025,settlement,2,с. Булакты,Бұлақты а.
154839600,NK RK 11-2025,settlement,2,с.Миялыколь,Миялыкөл а.
154841000,NK RK 11-2025,sub_district,2,Енбекский с.о.,Еңбек а.о.
154841100,NK RK 11-2025,settlement,2,с.Сагашили,Сағашилі а.
154841104,NK RK 11-2025,settlement,2,зимовка аул 7,Жетінші ауыл қыстауы
154841105,NK RK 11-2025,settlement,2,зимовка Жалгыз агаш,Жалғыз ағаш қыстауы
154841200,NK RK 11-2025,settlement,2,с.Басшили,Басшилі а.
154841880,NK RK 11-2025,settlement,2,ст.Темир-мост,Темір көпір ст.
154841900,NK RK 11-2025,settlement,2,с.Тепсен-Карабулак,Тепсен Қарабұлақ а.
154843000,NK RK 11-2025,sub_district,2,с.о.им.Кудайбергена Жубанова,Құдайберген Жұбанов атын.а.о.
154843100,NK RK 11-2025,settlement,2,с.Караколь,Қаракөл а.
154843109,NK RK 11-2025,settlement,2,заимка Атайсайы,Атайсайы заимка
154843111,NK RK 11-2025,settlement,2,зимовка Каралатсай,Қаралатсай қыстауы
154843112,NK RK 11-2025,settlement,2,зимовка Ордашкора,Ордашқора қыстауы
154843113,NK RK 11-2025,settlement,2,зимовка Амансай,Амансай қыстауы
154843200,NK RK 11-2025,settlement,2,с.Жанатурмыс,Жаңатұрмыс а.
154845000,NK RK 11-2025,sub_district,2,Журынский с.о.,Жұрын а.о.
154845100,NK RK 11-2025,settlement,2,с.Джурун,Жұрын а.
154845108,NK RK 11-2025,settlement,2,зимовка Аманкельди,Аманкелді қыстауы
154845300,NK RK 11-2025,settlement,2,с. Кобелей,Көбелей а.
154845400,NK RK 11-2025,settlement,2,с. Колденен Темир,Көлденең Темір а.
154845600,NK RK 11-2025,settlement,2,рзд.53,рзд.53
154847000,NK RK 11-2025,sub_district,2,Кайындинский с.о.,Қайыңды а.о.
154847100,NK RK 11-2025,settlement,2,с.Кайынды,Қайыңды а.
154847300,NK RK 11-2025,settlement,2,с.Алтынды,Алтынды а.
154851000,NK RK 11-2025,sub_district,2,Кумжарганский с.о.,Құмжарған а.о.
154851100,NK RK 11-2025,settlement,2,с.Бирлик,Бірлік а.
154851300,NK RK 11-2025,settlement,2,с.Кумсай,Құмсай а.
154851307,NK RK 11-2025,settlement,2,ст.Кудук,Құдық бекеті
154851400,NK RK 11-2025,settlement,2,с.Кумжарган,Құмжарған а.
154855000,NK RK 11-2025,sub_district,2,Кумсайский с.о.,Құмсай а.о.
154855100,NK RK 11-2025,settlement,2,с.Кумсай,Құмсай а.
154857000,NK RK 11-2025,sub_district,2,Мугалжарский с.о.,Мұғалжар а.о.
154857100,NK RK 11-2025,settlement,2,с.Мугалжар,Мұғалжар а.
154857105,NK RK 11-2025,settlement,2,ст.Кыргыз,Қырғыз бекеті
154857106,NK RK 11-2025,settlement,2,рзд.57,рзд.57
154865000,NK RK 11-2025,sub_district,2,Талдысайский с.о.,Талдысай а.о.
154865100,NK RK 11-2025,settlement,2,с.Талдысай,Талдысай а.
154865104,NK RK 11-2025,settlement,2,точка Ешкибаз,Ешкібаз мекені
154865400,NK RK 11-2025,settlement,2,с.Енбек,Еңбек а.
154865407,NK RK 11-2025,settlement,2,зимовка Шокимбаз,Шокімбаз қыстауы
155200000,NK RK 11-2025,district,2,Уилский район,Ойыл ауданы
155230000,NK RK 11-2025,sub_district,2,Уилский с.о.,Ойыл а.о.
155230100,NK RK 11-2025,settlement,2,с.Уил,Ойыл а.
155230102,NK RK 11-2025,settlement,2,зимовка Доброво,Доброво қыстауы
155230103,NK RK 11-2025,settlement,2,зимовка Камысбаз,Қамысбаз қыстауы
155230104,NK RK 11-2025,settlement,2,зимовка Кералы,Кералы қыстауы
155230105,NK RK 11-2025,settlement,2,зимовка Микол,Миқол қыстауы
155230106,NK RK 11-2025,settlement,2,зимовка Сарат,Сарат қыстауы
155230107,NK RK 11-2025,settlement,2,зимовка Тогыз үй,Тоғыз үй қыстауы
155230108,NK RK 11-2025,settlement,2,зимовка Ащыкара,Ащықара қыстауы
155230109,NK RK 11-2025,settlement,2,зимовка Енсеген,Еңсеген қыстауы
155230111,NK RK 11-2025,settlement,2,зимовка Тайлакбай,Тайлақбай қыстауы
155230112,NK RK 11-2025,settlement,2,зимовка Ашысай,Ащысай қыстауы
155230113,NK RK 11-2025,settlement,2,зимовка Сегизсай,Сегізсай қыстауы
155230114,NK RK 11-2025,settlement,2,зимовка Талтогай,Талтоғай қыстауы
155230200,NK RK 11-2025,settlement,2,с.Акшатау,Ақшатау а.
155230300,NK RK 11-2025,settlement,2,с.Екпетал,Екпетал а.
155230400,NK RK 11-2025,settlement,2,с.Каракемер,Қаракемер а.
155235000,NK RK 11-2025,sub_district,2,Каиндинский с.о.,Қайыңды а.о.
155235100,NK RK 11-2025,settlement,2,с.Акжар,Ақжар а.
155235300,NK RK 11-2025,settlement,2,с.Косембай,Көсембай а.
155237000,NK RK 11-2025,sub_district,2,Караойский с.о.,Қараой а.о.
155237100,NK RK 11-2025,settlement,2,с.Караой,Қараой а.
155237300,NK RK 11-2025,settlement,2,с.Кубасай,Құбасай а.
155239000,NK RK 11-2025,sub_district,2,с.о.им. Ш.Берсиева,Ш.Берсиев атын. а.о.
155239100,NK RK 11-2025,settlement,2,с.Каратал,Қаратал а.
155239104,NK RK 11-2025,settlement,2,зимовка Туралы,Тұралы қыстауы
155239105,NK RK 11-2025,settlement,2,зимовка Теренкудык,Тереңқұдық қыстауы
155239106,NK RK 11-2025,settlement,2,зимовка Сарыколка,Сарықолқа қыстауы
155239107,NK RK 11-2025,settlement,2,зимовка Ринат,Ринат қыстауы
155239108,NK RK 11-2025,settlement,2,зимовка Нуртажи,Нұртәжі қыстауы
155239109,NK RK 11-2025,settlement,2,зимовка Байбеке,Байбеке қыстауы
155239111,NK RK 11-2025,settlement,2,зимовка Ак уй,Ақ үй қыстауы
155239112,NK RK 11-2025,settlement,2,зимовка Уштамак,Ұштамақ қыстауы
155239113,NK RK 11-2025,settlement,2,зимовка Ушкатты,Ұшкатты қыстауы
155239114,NK RK 11-2025,settlement,2,зимовка Киякты,Қияқты қыстауы
155239115,NK RK 11-2025,settlement,2,зимовка Кумсай,Құмсай қыстауы
155239116,NK RK 11-2025,settlement,2,зимовка Каргатуяк,Қарғатұяқ қыстауы
155239117,NK RK 11-2025,settlement,2,зимовка Кыркым,Қырқым қыстауы
155239118,NK RK 11-2025,settlement,2,зимовка Киши кемер,Кіші кемер қыстауы
155239119,NK RK 11-2025,settlement,2,зимовка Коздиколь,Көздікол қыстауы
155239121,NK RK 11-2025,settlement,2,зимовка Кемерши,Кемерші қыстауы
155239122,NK RK 11-2025,settlement,2,зимовка Жанаталап,Жаңаталап қыстауы
155239123,NK RK 11-2025,settlement,2,зимовка Шанке,Шанке қыстауы
155239200,NK RK 11-2025,settlement,2,с.Карасу,Қарасу а.
155239300,NK RK 11-2025,settlement,2,с.Кумжарган,Құмжарған а.
155243000,NK RK 11-2025,sub_district,2,Коптогайский с.о.,Көптоғай а.о.
155243100,NK RK 11-2025,settlement,2,с.Коптогай,Көптоғай а.
155243105,NK RK 11-2025,settlement,2,зимовка Индисай,Індісай қыстауы
155243106,NK RK 11-2025,settlement,2,зимовка Аксай,Ақсай қыстауы
155243107,NK RK 11-2025,settlement,2,зимовка Бисебай,Бисебай қыстауы
155243108,NK RK 11-2025,settlement,2,зимовка Ешкибаз,Ешкібаз қыстауы
155243109,NK RK 11-2025,settlement,2,зимовка Жалгызшагыл,Жалғызшағыл қыстауы
155243111,NK RK 11-2025,settlement,2,зимовка Жанабаз,Жаңабаз қыстауы
155243112,NK RK 11-2025,settlement,2,зимовка Жыланбас,Жыланбас қыстауы
155243113,NK RK 11-2025,settlement,2,зимовка Ойылбаз,Ойылбаз қыстауы
155243114,NK RK 11-2025,settlement,2,зимовка Шатпа-3,Шатпа-3 қыстауы
155243115,NK RK 11-2025,settlement,2,зимовка Шижага,Шижаға қыстауы
155243116,NK RK 11-2025,settlement,2,зимовка Карасу,Қарасу қыстауы
155243117,NK RK 11-2025,settlement,2,зимовка Конырсай,Қоңырсай қыстауы
155243118,NK RK 11-2025,settlement,2,зимовка Коныртогай,Қоңыртоғай қыстауы
155243119,NK RK 11-2025,settlement,2,зимовка Кумаксай,Құмақсай қыстауы
155243121,NK RK 11-2025,settlement,2,зимовка Алгабас,Алғабас қыстауы
155243122,NK RK 11-2025,settlement,2,зимовка Тартогай,Тартоғай қыстауы
155243123,NK RK 11-2025,settlement,2,зимовка Шибулак,Шибұлақ қыстауы
155243124,NK RK 11-2025,settlement,2,зимовка Таушан,Таушан қыстауы
155243200,NK RK 11-2025,settlement,2,с.Аманкельды,Аманкелді а.
155243300,NK RK 11-2025,settlement,2,с.Карасу,Қарасу а.
155243400,NK RK 11-2025,settlement,2,с.Шубарши,Шубарши а.
155245000,NK RK 11-2025,sub_district,2,Саралжынский с.о.,Саралжың а.о.
155245100,NK RK 11-2025,settlement,2,с.Кемер,Кемер а.
155245200,NK RK 11-2025,settlement,2,с.Аккемер,Ақкемер а.
155245205,NK RK 11-2025,settlement,2,зимовка Каракуыс,Қарақұыс қыстауы
155245300,NK RK 11-2025,settlement,2,с.Бестамак,Бестамақ а.
155245400,NK RK 11-2025,settlement,2,с.Конырат,Қоңырат а.
155245500,NK RK 11-2025,settlement,2,с.Шикудук,Шиқұдық а.
155247000,NK RK 11-2025,sub_district,2,Сарыбийский с.о.,Сарыбие а.о.
155247100,NK RK 11-2025,settlement,2,с.Сарыбие,Сарыбие а.
155247104,NK RK 11-2025,settlement,2,зимовка Ушкарасу,Үшқарасу қыстауы
155247105,NK RK 11-2025,settlement,2,зимовка Саралжын,Саралжын қыстауы
155247106,NK RK 11-2025,settlement,2,зимовка Жундибай,Жүндібай қыстауы
155247107,NK RK 11-2025,settlement,2,зимовка Жанабаз,Жаңабаз қыстауы
155247108,NK RK 11-2025,settlement,2,зимовка Боктыарал,Боқтыарал қыстауы
155247200,NK RK 11-2025,settlement,2,с.Караколь,Қаракөл а.
155600000,NK RK 11-2025,district,4,Темирский район,Темір ауданы
155621000,NK RK 11-2025,sub_district,3,Темирская г.а.,Темір қ.ә.
155621100,NK RK 11-2025,settlement,1,г.Темир,Темір қ.
155621200,NK RK 11-2025,settlement,2,с.Жамбыл,Жамбыл а.
155630000,NK RK 11-2025,sub_district,2,Шубаркудукский с.о.,Шұбарқұдық а.о.
155630100,NK RK 11-2025,settlement,2,п.Шубаркудук,Шұбарқұдық к.
155632000,NK RK 11-2025,sub_district,2,Аксайский с.о.,Ақсай а.о.
155632100,NK RK 11-2025,settlement,2,с.Аксай,Ақсай а.
155632103,NK RK 11-2025,settlement,2,точка Акжар,Ақжар мекені
155632104,NK RK 11-2025,settlement,2,зимовка Бадамша,Бадамша қыстауы
155632107,NK RK 11-2025,settlement,2,зимовка Кондайбаз,Қондайбаз қыстауы
155632108,NK RK 11-2025,settlement,2,точка Сарытобе,Сарытөбе мекені
155632114,NK RK 11-2025,settlement,2,зимовка Едилсай,Еділсай қыстауы
155632115,NK RK 11-2025,settlement,2,зимовка Ермекбай,Ермекбай қыстауы
155632116,NK RK 11-2025,settlement,2,зимовка Жанабаз,Жаңабаз қыстауы
155632117,NK RK 11-2025,settlement,2,зимовка Каржаубаз,Қаржаубаз қыстауы
155632118,NK RK 11-2025,settlement,2,зимовка Ойылбаз,Ойылбаз қыстауы
155632119,NK RK 11-2025,settlement,2,зимовка Суликти,Сүлікті қыстауы
155632121,NK RK 11-2025,settlement,2,зимовка Тарттогай,Тарттоғай қыстауы
155632200,NK RK 11-2025,settlement,2,с.Ащысай,Ащысай а.
155632300,NK RK 11-2025,settlement,2,с.Бирлик,Бірлік а.
155632302,NK RK 11-2025,settlement,2,точка Игибай,Игібай мекені
155632303,NK RK 11-2025,settlement,2,точка Кумды,Құмды мекені
155632500,NK RK 11-2025,settlement,2,с.Шыгырлы,Шығырлы а.
155633000,NK RK 11-2025,sub_district,2,Алтыкарасуский с.о.,Алтықарасу а.о.
155633100,NK RK 11-2025,settlement,2,с.Алтыкарасу,Алтықарасу а.
155633103,NK RK 11-2025,settlement,2,точка Баспакбаз,Баспақбаз мекені
155633106,NK RK 11-2025,settlement,2,зимовка Есенбай,Есенбай қыстауы
155633108,NK RK 11-2025,settlement,2,точка Калмен,Қалмен мекені
155633111,NK RK 11-2025,settlement,2,точка Кумды,Құмды мекені
155633112,NK RK 11-2025,settlement,2,точка Таскабак,Тасқабақ мекені
155633300,NK RK 11-2025,settlement,2,с.Енбекши,Еңбекші а.
155633304,NK RK 11-2025,settlement,2,точка Шыгырлы,Шығырлы мекені
155633305,NK RK 11-2025,settlement,2,зимовка Мари,Мәрі қыстауы
155633306,NK RK 11-2025,settlement,2,зимовка Актогай,Ақтоғай қыстауы
155633400,NK RK 11-2025,settlement,2,с.Сарытогай,Сарытоғай а.
155633403,NK RK 11-2025,settlement,2,точка Куйгенбаз,Күйгенбаз мекені
155633406,NK RK 11-2025,settlement,2,зимовка Таскемер,Таскемер қыстауы
155637000,NK RK 11-2025,sub_district,2,Кайындинский с.о.,Қайыңды а.о.
155637100,NK RK 11-2025,settlement,2,с.Кумкудык,Құмқұдық а.
155637102,NK RK 11-2025,settlement,2,зимовка Кумкудык,Құмқұдық қыстауы
155637103,NK RK 11-2025,settlement,2,зимовка Сарыкемер,Сарыкемер қыстауы
155637200,NK RK 11-2025,settlement,2,с.Бабатай,Бабатай а.
155637202,NK RK 11-2025,settlement,2,зимовка Жанатан,Жаңатан қыстауы
155637203,NK RK 11-2025,settlement,2,зимовка Молбай,Молбай қыстауы
155637300,NK RK 11-2025,settlement,2,с.Шибулак,Шибұлақ а.
155637302,NK RK 11-2025,settlement,2,зимовка Сагабаз,Сағабаз қыстауы
155639000,NK RK 11-2025,sub_district,2,Кенкиякский с.о.,Кеңқияқ а.о.
155639100,NK RK 11-2025,settlement,2,с.Кенкияк,Кеңқияқ а.
155639200,NK RK 11-2025,settlement,2,с.Башенколь,Бәшенкөл а.
155639202,NK RK 11-2025,settlement,2,зимовка Ашекей,Әшекей қыстауы
155641000,NK RK 11-2025,sub_district,2,Кенестуский с.о.,Кеңесту а.о.
155641100,NK RK 11-2025,settlement,2,с.Копа,Қопа а.
155641103,NK RK 11-2025,settlement,2,зимовка Кызылкудык,Қызылқұдық қыстауы
155641105,NK RK 11-2025,settlement,2,зимовка Тос,Төс  қыстауы
155641300,NK RK 11-2025,settlement,2,ст.Калмаккырылган,Қалмаққырылған ст.
155641600,NK RK 11-2025,settlement,2,с.Шитубек,Шитүбек а.
155642000,NK RK 11-2025,sub_district,2,Саркольский с.о.,Сарыкөл а.о.
155642100,NK RK 11-2025,settlement,2,п.Шубарши,Шұбарши к.
155642400,NK RK 11-2025,settlement,2,с.Копа,Қопа а.
155642402,NK RK 11-2025,settlement,2,зимовка Боктыкарын,Боқтықарын қыстауы
155642406,NK RK 11-2025,settlement,2,зимовка Матен,Мәтен  қыстауы
155642407,NK RK 11-2025,settlement,2,зимовка Караганды,Қарағанды  қыстауы
155642408,NK RK 11-2025,settlement,2,зимовка Мажит,Мәжит қыстауы
155642500,NK RK 11-2025,settlement,2,с.Кумсай,Құмсай а.
155642503,NK RK 11-2025,settlement,2,зимовка Каракойши,Қарақойшы қыстауы
155643000,NK RK 11-2025,sub_district,2,Таскопинский с.о.,Тасқопа а.о.
155643100,NK RK 11-2025,settlement,2,с.Таскопа,Тасқопа а.
155643105,NK RK 11-2025,settlement,2,точка Кызылжар,Қызылжар мекені
155643114,NK RK 11-2025,settlement,2,зимовка Ортабаз,Ортабаз  қыстауы
155643116,NK RK 11-2025,settlement,2,точка Ортабаз,Ортабаз мекені
155645000,NK RK 11-2025,sub_district,2,Жаксымайский с.о.,Жақсымай а.о.
155645100,NK RK 11-2025,settlement,2,с.Шубаркудык,Шұбарқұдық а.
155645300,NK RK 11-2025,settlement,2,ст.Жаксымай,Жақсымай ст.
156000000,NK RK 11-2025,district,4,Хромтауский район,Хромтау ауданы
156020100,NK RK 11-2025,settlement,1,г.Хромтау,Хромтау қ.
156033000,NK RK 11-2025,sub_district,2,Абайский с.о.,Абай а.о.
156033100,NK RK 11-2025,settlement,2,с.Абай,Абай а.
156033800,NK RK 11-2025,settlement,2,с.Тассай,Тассай а.
156035000,NK RK 11-2025,sub_district,2,Богетсайский с.о.,Бөгетсай а.о.
156035100,NK RK 11-2025,settlement,2,с.Богетсай,Бөгетсай а.
156035400,NK RK 11-2025,settlement,2,с.Карлау,Қарлау а.
156036000,NK RK 11-2025,sub_district,2,с.о.Дон,Дөң а.о.
156036100,NK RK 11-2025,settlement,2,с.Дон,Дөң а.
156036600,NK RK 11-2025,settlement,2,с.Онгар,Оңғар а.
156037000,NK RK 11-2025,sub_district,2,Коктобинский с.о.,Көктөбе а.о.
156037100,NK RK 11-2025,settlement,2,с.Майтобе,Майтөбе а.
156037500,NK RK 11-2025,settlement,2,с.Коктерек,Көктерек а.
156039000,NK RK 11-2025,sub_district,2,Аккудыкский с.о.,Аққұдық а.о.
156039100,NK RK 11-2025,settlement,2,с.Аккудык,Аққұдық а.
156040000,NK RK 11-2025,sub_district,2,Коктауский с.о.,Көктау а.о.
156040100,NK RK 11-2025,settlement,2,с.Коктау,Көктау а.
156041000,NK RK 11-2025,sub_district,2,Копинский с.о.,Қопа а.о.
156041100,NK RK 11-2025,settlement,2,с.Копа,Қопа а.
156041400,NK RK 11-2025,settlement,2,с.Тамды,Тамды а.
156043000,NK RK 11-2025,sub_district,2,Кудуксайский с.о.,Құдықсай а.о.
156043100,NK RK 11-2025,settlement,2,с.Кудуксай,Құдықсай а.
156043500,NK RK 11-2025,settlement,2,с.Ойсылкара,Ойсылқара а.
156045000,NK RK 11-2025,sub_district,2,Кызылсуский с.о.,Қызылсу а.о.
156045100,NK RK 11-2025,settlement,2,с.Сарысай,Сарысай а.
156045600,NK RK 11-2025,settlement,2,с.Кызылсу,Қызылсу а.
156047000,NK RK 11-2025,sub_district,2,Акжарский с.о.,Ақжар а.о.
156047100,NK RK 11-2025,settlement,2,с.Акжар,Ақжар а.
156047104,NK RK 11-2025,settlement,2,зимовка Тускайынсай,Тұсқайыңсай қыстауы
156047500,NK RK 11-2025,settlement,2,ст.Жазык,Жазық ст.
156048000,NK RK 11-2025,sub_district,2,с.а.Никельтау,Никельтау а.ә.
156048100,NK RK 11-2025,settlement,2,с.Никельтау,Никельтау а.
156049000,NK RK 11-2025,sub_district,2,Табантальский с.о.,Табантал а.о.
156049100,NK RK 11-2025,settlement,2,с.Табантал,Табантал а.
156049300,NK RK 11-2025,settlement,2,с.Жайлаусай,Жайлаусай а.
156049400,NK RK 11-2025,settlement,2,с.Коптогай,Көптоғай а.
156051000,NK RK 11-2025,sub_district,2,Тассайский с.о.,Тассай а.о.
156051100,NK RK 11-2025,settlement,2,с.Тассай,Тассай а.
156051400,NK RK 11-2025,settlement,2,с.Кокпекти,Көкпекті а.
156053000,NK RK 11-2025,sub_district,2,Тасоткельский с.о.,Тасөткел а.о.
156053100,NK RK 11-2025,settlement,2,с.Тасоткель,Тасөткел а.
156053200,NK RK 11-2025,settlement,2,с.Акбулак,Ақбұлақ а.
156053300,NK RK 11-2025,settlement,2,с.Актасты,Ақтасты а.
156400000,NK RK 11-2025,district,4,Шалкарский район,Шалқар ауданы
156420000,NK RK 11-2025,sub_district,1,Шалкарская г.а.,Шалқар қ.ә.
156420100,NK RK 11-2025,settlement,1,г.Шалкар,Шалқар қ.
156433000,NK RK 11-2025,sub_district,2,Айшуакский с.о.,Айшуақ а.о.
156433100,NK RK 11-2025,settlement,2,с.Бегимбет,Бегімбет а.
156433102,NK RK 11-2025,settlement,2,точка Аккора,Аққора мекені
156433103,NK RK 11-2025,settlement,2,точка Жаманкум,Жаманқұм мекені
156433104,NK RK 11-2025,settlement,2,ГКС-11,ГКС-11
156433105,NK RK 11-2025,settlement,2,точка Каражиде,Қаражиде мекені
156433106,NK RK 11-2025,settlement,2,точка Козкора,Көзқора мекені
156433107,NK RK 11-2025,settlement,2,точка Миялы,Миялы мекені
156433108,NK RK 11-2025,settlement,2,точка Оразымбет,Оразымбет мекені
156433109,NK RK 11-2025,settlement,2,точка Примбет,Прімбет мекені
156433111,NK RK 11-2025,settlement,2,точка Сарыапан,Сарыапан мекені
156433112,NK RK 11-2025,settlement,2,точка Соркудук,Сорқұдық мекені
156433113,NK RK 11-2025,settlement,2,точка Талап,Талап мекені
156433115,NK RK 11-2025,settlement,2,точка Акшакудук,Ақшақұдық мекені
156433116,NK RK 11-2025,settlement,2,точка Кокала,Көкала мекені
156433117,NK RK 11-2025,settlement,2,точка Маташ,Маташ мекені
156433118,NK RK 11-2025,settlement,2,точка Сейл,Сейіл мекені
156433119,NK RK 11-2025,settlement,2,База туз,Тұз базасы
156433200,NK RK 11-2025,settlement,2,с.Есетата,Есетата а.
156433203,NK RK 11-2025,settlement,2,База Бектемир,Бектемір базасы
156433204,NK RK 11-2025,settlement,2,точка Буйрек,Бүйрек мекені
156433205,NK RK 11-2025,settlement,2,точка Жолкудук,Жолқұдық мекені
156433206,NK RK 11-2025,settlement,2,точка Жана база,Жаңабаз мекені
156433207,NK RK 11-2025,settlement,2,точка Кишиколь,Кішікөл мекені
156433208,NK RK 11-2025,settlement,2,точка Найзакесен,Найзакесен мекені
156433209,NK RK 11-2025,settlement,2,точка Сарыуста,Сарыұста мекені
156433211,NK RK 11-2025,settlement,2,точка Сынтас 1,Сынтас 1 мекені
156433212,NK RK 11-2025,settlement,2,точка Сынтас 2,Сынтас 2 мекені
156433213,NK RK 11-2025,settlement,2,точка Сынтас 3,Сынтас 3 мекені
156433214,NK RK 11-2025,settlement,2,точка Сынтас 4,Сынтас 4 мекені
156433215,NK RK 11-2025,settlement,2,точка Тастыкорган,Тастықорған мекені
156435000,NK RK 11-2025,sub_district,2,Актогайский с.о.,Ақтоғай а.о.
156435100,NK RK 11-2025,settlement,2,с.Котртас,Қотыртас а.
156435106,NK RK 11-2025,settlement,2,ст.Кауылжыр,Қауылжыр ст.
156435200,NK RK 11-2025,settlement,2,с. им.Актан батыра,Ақтан батыр ат.ауыл
156435300,NK RK 11-2025,settlement,2,с.Корганжар,Қорғанжар а.
156437000,NK RK 11-2025,sub_district,2,Бозойский с.о.,Бозой а.о.
156437100,NK RK 11-2025,settlement,2,с.Бозой,Бозой а.
156437102,NK RK 11-2025,settlement,2,точка Алибек,Әлібек мекені
156437103,NK RK 11-2025,settlement,2,точка Жаксыбай,Жақсыбай мекені
156437104,NK RK 11-2025,settlement,2,точка Жолкудук,Жолқұдық мекені
156437105,NK RK 11-2025,settlement,2,точка Караногай,Қараноғай мекені
156437106,NK RK 11-2025,settlement,2,точка Куйгенбаз,Күйгенбаз мекені
156437107,NK RK 11-2025,settlement,2,точка Кызгалдак,Қызғалдақ мекені
156437108,NK RK 11-2025,settlement,2,точка Латипшерип,Латипшеріп мекені
156437109,NK RK 11-2025,settlement,2,точка Таскора,Тасқора мекені
156437111,NK RK 11-2025,settlement,2,точка Томаркудук,Томарқұдық мекені
156437112,NK RK 11-2025,settlement,2,точка Шаштыбай,Шаштыбай мекені
156437200,NK RK 11-2025,settlement,2,с.Канбакты,Қаңбақты а.
156437202,NK RK 11-2025,settlement,2,точка Алтынкудук,Алтынқұдық мекені
156437203,NK RK 11-2025,settlement,2,точка Баканды,Бақанды мекені
156437204,NK RK 11-2025,settlement,2,точка Каратобе,Қаратөбе мекені
156437205,NK RK 11-2025,settlement,2,точка Нарегей,Нарегей мекені
156437206,NK RK 11-2025,settlement,2,точка Сагымбай,Сағымбай мекені
156437207,NK RK 11-2025,settlement,2,точка Смагул,Смағұл мекені
156437208,NK RK 11-2025,settlement,2,точка Таскора,Тасқора мекені
156437209,NK RK 11-2025,settlement,2,точка Хан,Хан мекені
156438000,NK RK 11-2025,sub_district,2,с.о.Бершугир,Бершүгір а.о.
156438100,NK RK 11-2025,settlement,2,с.Биршогыр,Біршоғыр а.
156438200,NK RK 11-2025,settlement,2,с.Алабас,Алабас а.
156438400,NK RK 11-2025,settlement,2,с.Сарсай,Сарысай а.
156439000,NK RK 11-2025,sub_district,2,с.о.им.Есета Котибарова,Есет Көтібаров атын.а.о.
156439100,NK RK 11-2025,settlement,2,с.Байкадам,Байқадам а.
156439102,NK RK 11-2025,settlement,2,точка Акбулак,Ақбұлақ мекені
156439103,NK RK 11-2025,settlement,2,точка Бекет,Бекет мекені
156439104,NK RK 11-2025,settlement,2,точка Бозкол,Бозкөл мекені
156439105,NK RK 11-2025,settlement,2,точка Итжемес,Итжемес мекені
156439106,NK RK 11-2025,settlement,2,точка Кунгей,Күнгей мекені
156439107,NK RK 11-2025,settlement,2,точка Кулет,Күлет мекені
156439108,NK RK 11-2025,settlement,2,точка Маякум,Маяқұм мекені
156439109,NK RK 11-2025,settlement,2,точка Сарытабан,Сарытабан мекені
156439111,NK RK 11-2025,settlement,2,точка Саки 1,Сәкі 1 мекені
156439112,NK RK 11-2025,settlement,2,точка Саки 2,Сәкі 2 мекені
156439113,NK RK 11-2025,settlement,2,точка Танашхан,Танашхан мекені
156439114,NK RK 11-2025,settlement,2,точка Уштаган 1,Ұштаған 1 мекені
156439115,NK RK 11-2025,settlement,2,точка Уштаган 2,Ұштаған 2 мекені
156439116,NK RK 11-2025,settlement,2,точка Шагылкудук,Шағылқұдық мекені
156439117,NK RK 11-2025,settlement,2,точка Алимбет,Әлімбет мекені
156439118,NK RK 11-2025,settlement,2,точка Айжаркын,Айжарқын мекені
156439119,NK RK 11-2025,settlement,2,точка Бактыбай,Бақтыбай мекені
156439121,NK RK 11-2025,settlement,2,точка Габбас,Ғаббас мекені
156439122,NK RK 11-2025,settlement,2,точка Жаманшили,Жаманшілі мекені
156439123,NK RK 11-2025,settlement,2,точка Карабулак,Қарабұлақ мекені
156439124,NK RK 11-2025,settlement,2,точка Киякты,Қияқты мекені
156439125,NK RK 11-2025,settlement,2,точка Кызылбурыш,Қызылбұрыш мекені
156439126,NK RK 11-2025,settlement,2,точка Сасыкколь,Сасықкөл мекені
156439127,NK RK 11-2025,settlement,2,точка Шукыр,Шұқыр мекені
156441000,NK RK 11-2025,sub_district,2,Жанаконысский с.о.,Жаңақоныс а.о.
156441100,NK RK 11-2025,settlement,2,с.Аккайтым,Аққайтым а.
156441102,NK RK 11-2025,settlement,2,точка Акши,Ақши мекені
156441103,NK RK 11-2025,settlement,2,точка Астаушы,Астаушы мекені
156441104,NK RK 11-2025,settlement,2,точка Бакберген,Бақберген мекені
156441105,NK RK 11-2025,settlement,2,точка Жиделкузен,Жиделкүзен мекені
156441106,NK RK 11-2025,settlement,2,точка Жундыкудук,Жүндіқұдық мекені
156441107,NK RK 11-2025,settlement,2,точка Итжемис,Итжемес мекені
156441108,NK RK 11-2025,settlement,2,точка Кабырга,Қабырға мекені
156441109,NK RK 11-2025,settlement,2,точка Конысбай,Қонысбай мекені
156441111,NK RK 11-2025,settlement,2,точка Койынбай,Қойынбай мекені
156441112,NK RK 11-2025,settlement,2,точка Куйгелек,Күйгелек мекені
156441113,NK RK 11-2025,settlement,2,точка Маяк,Маяк мекені
156441114,NK RK 11-2025,settlement,2,точка Мешелкара,Мешелқара мекені
156441115,NK RK 11-2025,settlement,2,точка Сарытабан 8,Сарытабан 8 мекені
156441116,NK RK 11-2025,settlement,2,точка Сарытабан 10,Сарытабан 10 мекені
156441117,NK RK 11-2025,settlement,2,точка Сарыкуыс,Сарықуыс мекені
156441118,NK RK 11-2025,settlement,2,точка Ойыл,Ойыл мекені
156441119,NK RK 11-2025,settlement,2,точка Тажиконыр,Тәжіқоңыр мекені
156441121,NK RK 11-2025,settlement,2,точка Тентнесары,Тентнесары мекені
156441122,NK RK 11-2025,settlement,2,точка Тузбаза,Тұзбазасы мекені
156441123,NK RK 11-2025,settlement,2,точка Тышкандыкудук,Тышқандықұдық мекені
156441200,NK RK 11-2025,settlement,2,с.Копасор,Қопасор а.
156441202,NK RK 11-2025,settlement,2,точка Мажик,Мәжік мекені
156441203,NK RK 11-2025,settlement,2,точка Жанабаза,Жаңабаз мекені
156441204,NK RK 11-2025,settlement,2,точка Жомарт,Жомарт мекені
156441205,NK RK 11-2025,settlement,2,точка Тасуйген,Тасүйген мекені
156441206,NK RK 11-2025,settlement,2,точка Томаркудук,Томарқұдық мекені
156441207,NK RK 11-2025,settlement,2,точка Токтантуз,Тоқтантұз мекені
156442000,NK RK 11-2025,sub_district,2,Кишикумский с.о.,Кішіқұм а.о.
156442100,NK RK 11-2025,settlement,2,с.Шиликты,Шілікті а.
156442102,NK RK 11-2025,settlement,2,точка Актам,Ақтам мекені
156442103,NK RK 11-2025,settlement,2,точка Акпан 1,Ақпан 1 мекені
156442104,NK RK 11-2025,settlement,2,точка Акпан 2,Акпан 2 мекені
156442105,NK RK 11-2025,settlement,2,точка Ашикудук,Ащықұдық мекені
156442106,NK RK 11-2025,settlement,2,точка Аккудук,Аққұдық мекені
156442107,NK RK 11-2025,settlement,2,точка Астаусор,Астаусор мекені
156442108,NK RK 11-2025,settlement,2,точка Болеген,Бөлеген мекені
156442109,NK RK 11-2025,settlement,2,точка Жалаулы,Жалаулы мекені
156442111,NK RK 11-2025,settlement,2,точка Жаппас,Жаппас мекені
156442112,NK RK 11-2025,settlement,2,точка Жолымет,Жолымет мекені
156442113,NK RK 11-2025,settlement,2,точка Килибай,Килібай мекені
156442114,NK RK 11-2025,settlement,2,точка Кекрели,Кекрелі мекені
156442115,NK RK 11-2025,settlement,2,точка Каракудук,Қарақұдық мекені
156442116,NK RK 11-2025,settlement,2,точка Курмыш,Құрмыш мекені
156442117,NK RK 11-2025,settlement,2,точка Колкудук,Қолқұдық мекені
156442118,NK RK 11-2025,settlement,2,точка Мешит,Мешіт мекені
156442119,NK RK 11-2025,settlement,2,точка Мурункум,Мұрынқұм мекені
156442121,NK RK 11-2025,settlement,2,точка Мендикол,Меңдікөл мекені
156442122,NK RK 11-2025,settlement,2,точка Сарытепсен,Сарытепсен мекені
156442123,NK RK 11-2025,settlement,2,точка Сарыбас,Сарыбас мекені
156442124,NK RK 11-2025,settlement,2,точка Самбай,Самбай мекені
156442125,NK RK 11-2025,settlement,2,точка Опытный,Тәжірибе мекені
156442126,NK RK 11-2025,settlement,2,точка Талкора,Талқора мекені
156442127,NK RK 11-2025,settlement,2,точка Тепсен,Тепсен мекені
156442128,NK RK 11-2025,settlement,2,точка Тлекул,Тілекқұл мекені
156442129,NK RK 11-2025,settlement,2,точка Тузгенды,Түзгенді мекені
156442131,NK RK 11-2025,settlement,2,точка Трасса,Трасса мекені
156442200,NK RK 11-2025,settlement,2,с.Акеспе,Ақеспе а.
156442300,NK RK 11-2025,settlement,2,с.Карашокат,Қарашоқат а.
156442800,NK RK 11-2025,settlement,2,с.Шокысу,Шоқысу а.
156443000,NK RK 11-2025,sub_district,2,Кауылжырский с.о.,Қауылжыр а.о.
156443100,NK RK 11-2025,settlement,2,с.Кауылжыр,Қауылжыр а.
156443105,NK RK 11-2025,settlement,2,зимовка Сарышокы,Сарышоқы қыстауы
156443106,NK RK 11-2025,settlement,2,точка Ащысай,Ащысай мекені
156443107,NK RK 11-2025,settlement,2,точка Жалгызкудук,Жалғызқұдық мекені
156443108,NK RK 11-2025,settlement,2,точка Карабулак,Қарабұлақ мекені
156443109,NK RK 11-2025,settlement,2,точка Сайкудук,Сайқұдық мекені
156443111,NK RK 11-2025,settlement,2,зимовка Туз,Тұз қыстауы
156443880,NK RK 11-2025,settlement,2,ст.Соленый,Соленый   ст.
156443900,NK RK 11-2025,settlement,2,с.Улпан,Ұлпан а.
156444000,NK RK 11-2025,sub_district,2,Монкебийский с.о.,Мөңке би а.о.
156444100,NK RK 11-2025,settlement,2,с.Монке би,Мөңке би а.
156444105,NK RK 11-2025,settlement,2,точка Акмолалыколь,Ақмолалыкөл мекені
156444106,NK RK 11-2025,settlement,2,точка Жалшокты,Жалшоқты мекені
156444107,NK RK 11-2025,settlement,2,точка Жиде,Жиде мекені
156444108,NK RK 11-2025,settlement,2,точка Карашеген,Қарашеген мекені
156444109,NK RK 11-2025,settlement,2,точка Кудайколь,Құдайкөл мекені
156444111,NK RK 11-2025,settlement,2,точка Кумшокат,Құмшоқат мекені
156444112,NK RK 11-2025,settlement,2,точка Кызылкеспе,Қызылкеспе мекені
156444113,NK RK 11-2025,settlement,2,точка Саралжылдысу,Саралжылдысу мекені
156444114,NK RK 11-2025,settlement,2,точка Таскара,Тасқара мекені
156444115,NK RK 11-2025,settlement,2,точка Тугескен,Түгіскен мекені
156444116,NK RK 11-2025,settlement,2,точка Кабыколь,Қабыкөл мекені
156444117,NK RK 11-2025,settlement,2,точка Кудук,Құдық мекені
156444118,NK RK 11-2025,settlement,2,точка Суттиколь,Сүттікөл мекені
156444119,NK RK 11-2025,settlement,2,точка Талдыкудук,Талдықұдық мекені
156444121,NK RK 11-2025,settlement,2,точка Уялыколь,Ұялыкөл мекені
156445000,NK RK 11-2025,sub_district,2,Тогызский с.о.,Тоғыз а.о.
156445100,NK RK 11-2025,settlement,2,с.Тогыз,Тоғыз а.
156445200,NK RK 11-2025,settlement,2,с.Жылан,Жылан а.
156445280,NK RK 11-2025,settlement,2,с.Копмула,Көпмола а.
156445400,NK RK 11-2025,settlement,2,с.Кендала,Кеңдала а.
156445600,NK RK 11-2025,settlement,2,с.Тосбулак,Төсбұлақ а.
156447000,NK RK 11-2025,sub_district,2,Челкарский с.о.,Шалқар а.о.
156447100,NK RK 11-2025,settlement,2,с.Жылтыр,Жылтыр а.
156447102,NK RK 11-2025,settlement,2,точка Акойма,Ақойма мекені
156447103,NK RK 11-2025,settlement,2,точка Актубек,Ақтөбек мекені
156447104,NK RK 11-2025,settlement,2,точка Ебес,Ебес мекені
156447105,NK RK 11-2025,settlement,2,точка Ережеп,Ережеп мекені
156447106,NK RK 11-2025,settlement,2,точка Жазыкбай,Жазықбай мекені
156447107,NK RK 11-2025,settlement,2,точка Карагайлы,Қарағайлы мекені
156447108,NK RK 11-2025,settlement,2,точка Каратал,Қаратал мекені
156447109,NK RK 11-2025,settlement,2,точка Каражиде,Қаражиде мекені
156447111,NK RK 11-2025,settlement,2,точка Кутым,Құтым мекені
156447114,NK RK 11-2025,settlement,2,точка Шукыр,Шұқыр мекені
156447116,NK RK 11-2025,settlement,2,точка Акши,Ақши мекені
156447117,NK RK 11-2025,settlement,2,точка Дамбар,Дамбар мекені
156447118,NK RK 11-2025,settlement,2,точка Даулетияр,Дәулетияр мекені
156447119,NK RK 11-2025,settlement,2,точка Камбарши,Қамбаршы мекені
156447121,NK RK 11-2025,settlement,2,точка Маякум,Маяқұм мекені
156447122,NK RK 11-2025,settlement,2,точка Моинкум,Мойынқұм мекені
156447123,NK RK 11-2025,settlement,2,точка Склад,Қойма мекені
156447124,NK RK 11-2025,settlement,2,точка Томаркудук,Томарқұдық мекені
156447125,NK RK 11-2025,settlement,2,точка Туз,Тұз мекені
156447126,NK RK 11-2025,settlement,2,точка Шынырау,Шыңырау мекені
156447300,NK RK 11-2025,settlement,2,с.Талдыкум,Талдықұм а.
156447302,NK RK 11-2025,settlement,2,точка Ашыкудук,Ащықұдық мекені
156447303,NK RK 11-2025,settlement,2,точка Аянкора,Аянқора мекені
156447304,NK RK 11-2025,settlement,2,точка Дандыбек,Дәндібек мекені
156447305,NK RK 11-2025,settlement,2,точка Дуздибай,Дүздібай мекені
156447306,NK RK 11-2025,settlement,2,точка Кадым,Қадым мекені
156447307,NK RK 11-2025,settlement,2,точка Канке,Қанке мекені
156447308,NK RK 11-2025,settlement,2,точка Канбакты,Қаңбақты мекені
156447309,NK RK 11-2025,settlement,2,точка Колкамыс,Қолқамыс мекені
156447311,NK RK 11-2025,settlement,2,точка Киякты,Қияқты мекені
156447312,NK RK 11-2025,settlement,2,точка Мешит,Мешіт мекені
156447313,NK RK 11-2025,settlement,2,точка Сызкара,Сызқара мекені
156447314,NK RK 11-2025,settlement,2,точка Утараралы,Ұтараралы мекені
156447315,NK RK 11-2025,settlement,2,точка Шикудук,Шиқұдық мекені
156451000,NK RK 11-2025,sub_district,2,Шетиргизский с.о.,Шетырқыз а.о.
156451100,NK RK 11-2025,settlement,2,с.Каратогай,Қаратоғай а.
156451102,NK RK 11-2025,settlement,2,точка Кокпектиколь,Көкпектікөл мекені
156451103,NK RK 11-2025,settlement,2,точка Кайнды,Қайыңды мекені
156451104,NK RK 11-2025,settlement,2,точка Карасай,Қарасай мекені
156451105,NK RK 11-2025,settlement,2,точка Кызылжар,Қызылжар мекені
156451106,NK RK 11-2025,settlement,2,точка Томан,Томан мекені
156451108,NK RK 11-2025,settlement,2,точка Кокжар,Көкжар мекені
156451109,NK RK 11-2025,settlement,2,точка Копа,Қопа мекені
156451200,NK RK 11-2025,settlement,2,с.Тумалыколь,Тұмалыкөл а.
156800000,NK RK 11-2025,district,2,Иргизский район,Ырғыз ауданы
156830000,NK RK 11-2025,sub_district,2,Иргизский с.о.,Ырғыз а.о.
156830100,NK RK 11-2025,settlement,2,с.Иргиз,Ырғыз а.
156830112,NK RK 11-2025,settlement,2,зимовка Есеншагыл,Есеншағыл қыстауы
156830200,NK RK 11-2025,settlement,2,с.Акши,Ақши а.
156830202,NK RK 11-2025,settlement,2,зимовка Акши 1,Ақши 1қыстауы
156830203,NK RK 11-2025,settlement,2,зимовка Акши 2,Ақши 2 қыстауы
156830300,NK RK 11-2025,settlement,2,с.Калыбай,Қалыбай а.
156830314,NK RK 11-2025,settlement,2,зимовка Манканай,Манканай  қыстауы
156835000,NK RK 11-2025,sub_district,2,Аманкольский с.о.,Аманкөл а.о.
156835100,NK RK 11-2025,settlement,2,с.Кутиколь,Құтикөл а.
156835200,NK RK 11-2025,settlement,2,с.Аманколь,Аманкөл а.
156835300,NK RK 11-2025,settlement,2,с.Жарма,Жарма а.
156837000,NK RK 11-2025,sub_district,2,Жайсанбайский с.о.,Жайсаңбай а.о.
156837100,NK RK 11-2025,settlement,2,с.Жайсанбай,Жайсаңбай а.
156839000,NK RK 11-2025,sub_district,2,Кумтогайский с.о.,Құмтоғай а.о.
156839100,NK RK 11-2025,settlement,2,с.Кумтогай,Құмтоғай а.
156839200,NK RK 11-2025,settlement,2,с.Каракудык,Қарақұдық а.
156839204,NK RK 11-2025,settlement,2,зимовка Жолгылау,Жолғылау қыстауы
156839209,NK RK 11-2025,settlement,2,зимовка Ушпора 1,Үшпора 1 қыстауы
156839211,NK RK 11-2025,settlement,2,зимовка Ушпора 2,Үшпора 2 қыстауы
156839300,NK RK 11-2025,settlement,2,с.Карасай,Қарасай а.
156839305,NK RK 11-2025,settlement,2,зимовка Сагымбай,Сағымбай қыстауы
156839309,NK RK 11-2025,settlement,2,зимовка Басауыл,Басауыл қыстауы
156841000,NK RK 11-2025,sub_district,2,Кызылжарский с.о.,Қызылжар а.о.
156841100,NK RK 11-2025,settlement,2,с.Курылыс,Құрылыс а.
156841108,NK RK 11-2025,settlement,2,зимовка Маймак 1,Маймақ 1 қыстауы
156841118,NK RK 11-2025,settlement,2,зимовка Маймак 2,Маймак 2  қыстауы
156841119,NK RK 11-2025,settlement,2,зимовка Костерек,Костерек  қыстауы
156841121,NK RK 11-2025,settlement,2,зимовка Жасталап,Жасталап  қыстауы
156841200,NK RK 11-2025,settlement,2,с. Жаныс би,Жаныс би а.
156841400,NK RK 11-2025,settlement,2,с.Шенбертал,Шеңбертал а.
156841403,NK RK 11-2025,settlement,2,зимовка Сарыбас,Сарыбас қыстауы
156841405,NK RK 11-2025,settlement,2,зимовка Акбаз,Ақбаз қыстауы
156843000,NK RK 11-2025,sub_district,2,Нуринский с.о.,Нұра а.о.
156843100,NK RK 11-2025,settlement,2,с.Нура,Нұра а.
156843200,NK RK 11-2025,settlement,2,с.Белшер,Белшер а.
156843300,NK RK 11-2025,settlement,2,с.Дукен,Дүкен а.
156843400,NK RK 11-2025,settlement,2,с.Мамыр,Мамыр а.
156843405,NK RK 11-2025,settlement,2,зимовка Еркобек,Еркөбек қыстауы
156845000,NK RK 11-2025,sub_district,2,Тауипский с.о.,Тәуіп а.о.
156845100,NK RK 11-2025,settlement,2,с.Куйлыс,Құйылыс а.
156845106,NK RK 11-2025,settlement,2,зимовка Курманбай,Құрманбай  қыстауы
156845107,NK RK 11-2025,settlement,2,зимовка Балгабай,Балғабай  қыстауы
156845108,NK RK 11-2025,settlement,2,зимовка Коздикара,Көздіқара қыстауы
156845109,NK RK 11-2025,settlement,2,зимовка Кольтай,Көлтай қыстауы
156845111,NK RK 11-2025,settlement,2,зимовка Жаршенгель,Жаршеңгел қыстауы
156845112,NK RK 11-2025,settlement,2,зимовка Герой,Герой қыстауы
156845113,NK RK 11-2025,settlement,2,зимовка Туктигул,Түктіғұл қыстауы
156845114,NK RK 11-2025,settlement,2,зимовка Махамбет,Махамбет қыстауы
156845115,NK RK 11-2025,settlement,2,зимовка Акоткель,Ақөткел қыстауы
156845116,NK RK 11-2025,settlement,2,зимовка Жалгасшоккен,Жалғасшөккен қыстауы
190000000,NK RK 11-2025,oblast,0,Алматинская область,Алматы облысы
191000000,NK RK 11-2025,district,3,Қонаев Г.А.,Қонаев Қ.Ә.
191010000,NK RK 11-2025,sub_district,1,г.Қонаев,Қонаев қ.
191037000,NK RK 11-2025,sub_district,2,Шенгельдинский с.о.,Шеңгелді а.о.
191037100,NK RK 11-2025,settlement,2,с.Шенгельды,Шеңгелді а.
191037102,NK RK 11-2025,settlement,2,Военный городок,Әскери қалашық
191037103,NK RK 11-2025,settlement,2,Зона отдыха,Демалыс аймағы
191037104,NK RK 11-2025,settlement,2,санаторий Металлург,Металлург емдеу-сауықтыру орны
191037200,NK RK 11-2025,settlement,2,с.Акозек,Ақөзек а.
191037300,NK RK 11-2025,settlement,2,рзд.Боктер,рзд.Бөктер
191037400,NK RK 11-2025,settlement,2,с.Кербулак,Кербұлақ а.
191037500,NK RK 11-2025,settlement,2,рзд.Кулантобе,рзд.Құлантөбе
191037600,NK RK 11-2025,settlement,2,ст.Коскудык,Қосқұдық ст.
191037700,NK RK 11-2025,settlement,2,с.Сарыбулак,Сарыбұлақ а.
191037800,NK RK 11-2025,settlement,2,рзд.Таскум,рзд.Тасқұм
191037900,NK RK 11-2025,settlement,2,с.Шолак,Шолақ а.
191800000,NK RK 11-2025,district,1,Алатау Г.А.,Алатау Қ.Ә.
191810000,NK RK 11-2025,sub_district,1,г.Алатау,Алатау қ.
193600000,NK RK 11-2025,district,2,Балхашский район,Балқаш ауданы
193630000,NK RK 11-2025,sub_district,2,Баканасский с.о.,Бақанас а.о.
193630100,NK RK 11-2025,settlement,2,с.Баканас,Бақанас а.
193630102,NK RK 11-2025,settlement,2,Ботанический сад,Ботаникалық бау-бақша
193630200,NK RK 11-2025,settlement,2,с.Бояулы,Бояулы а.
193630206,NK RK 11-2025,settlement,2,ЛХПП питомник,ЛХПП өсіруорны
193630209,NK RK 11-2025,settlement,2,кр.хоз Чингизхан,Шыңғысхан шарқож
193630300,NK RK 11-2025,settlement,2,с.Ушжарма,Үшжарма а.
193633000,NK RK 11-2025,sub_district,2,Акдалинский с.о.,Ақдала а.о.
193633100,NK RK 11-2025,settlement,2,с.Акдала,Ақдала а.
193633106,NK RK 11-2025,settlement,2,кр.хоз Алияр,Алияр шарқож
193633111,NK RK 11-2025,settlement,2,Аэропорт,Әуежай
193633119,NK RK 11-2025,settlement,2,кр.хоз Ерлан,Ерлан шарқож
193633127,NK RK 11-2025,settlement,2,кр.хоз Рассвет,Рассвет шарқож
193635000,NK RK 11-2025,sub_district,2,Акжарский с.о.,Ақжар а.о.
193635100,NK RK 11-2025,settlement,2,с.Акжар,Ақжар а.
193635200,NK RK 11-2025,settlement,2,с.Аралтобе,Аралтөбе а.
193635202,NK RK 11-2025,settlement,2,кр.хоз Аралтобе 1,Аралтөбе 1 шарқож
193635203,NK RK 11-2025,settlement,2,кр.хоз Аралтобе 2,Аралтөбе 2 шарқож
193637000,NK RK 11-2025,sub_district,2,Аккольский с.о.,Ақкөл а.о.
193637100,NK RK 11-2025,settlement,2,с.Акколь,Ақкөл а.
193637102,NK RK 11-2025,settlement,2,Рыбныйпункт 6,Балықпункт 6
193637105,NK RK 11-2025,settlement,2,Казторг,Қазсауда
193637108,NK RK 11-2025,settlement,2,Водомер,Суөлшеуіш
193637200,NK RK 11-2025,settlement,2,с.Кокжиде,Көкжиде а.
193643000,NK RK 11-2025,sub_district,2,Бакбактинский с.о.,Бақбақты а.о.
193643100,NK RK 11-2025,settlement,2,с.Бакбакты,Бақбақты а.
193645000,NK RK 11-2025,sub_district,2,Берекенский с.о.,Береке а.о.
193645100,NK RK 11-2025,settlement,2,с.Береке,Береке а.
193645200,NK RK 11-2025,settlement,2,с.Бура,Бура а.
193647000,NK RK 11-2025,sub_district,2,Бирликский с.о.,Бірлік а.о.
193647100,NK RK 11-2025,settlement,2,с.Бирлик,Бірлік а.
193647108,NK RK 11-2025,settlement,2,кр.хоз Жармукаш,Жармұқаш шарқож
193647112,NK RK 11-2025,settlement,2,кр.хоз Толкынбекова,Толқынбеков шарқож
193649000,NK RK 11-2025,sub_district,2,Желторангинский с.о.,Желтораңғы а.о.
193649100,NK RK 11-2025,settlement,2,с.Желторангы,Желтораңғы а.
193649200,NK RK 11-2025,settlement,2,с.Каскаогиз,Қасқаөгіз а.
193649203,NK RK 11-2025,settlement,2,уч.Каскаогиз 1,Қасқаөгіз 1 уч.
193653000,NK RK 11-2025,sub_district,2,Жиделинский с.о.,Жиделі а.о.
193653100,NK RK 11-2025,settlement,2,с.Жидели,Жиделі а.
193653400,NK RK 11-2025,settlement,2,с.Кошкарбай,Қошқарбай а.
193653500,NK RK 11-2025,settlement,2,с.Оракты батыр,Орақты батыр а.
193655000,NK RK 11-2025,sub_district,2,Коктальский с.о.,Көктал а.о.
193655100,NK RK 11-2025,settlement,2,с.Коктал,Көктал а.
193655123,NK RK 11-2025,settlement,2,кр.хоз Кызылбаз,Қызылбаз шарқож
193655124,NK RK 11-2025,settlement,2,кр.хоз Кырбас-Жарбас,Қырбас-Жарбас шарқож
193655129,NK RK 11-2025,settlement,2,кр.хоз. Ата мекен,Ата мекен шарқож
193655300,NK RK 11-2025,settlement,2,с.Коскумбез,Қоскүмбез а.
193657000,NK RK 11-2025,sub_district,2,Караойский с.о.,Қараой а.о.
193657100,NK RK 11-2025,settlement,2,с.Караой,Қараой а.
193657200,NK RK 11-2025,settlement,2,с.Аралкум,Аралқұм а.
193657300,NK RK 11-2025,settlement,2,с.Аркар,Арқар а.
193659000,NK RK 11-2025,sub_district,2,Балатопарский с.о.,Балатопар а.о.
193659100,NK RK 11-2025,settlement,2,с.Балатопар,Балатопар а.
193659123,NK RK 11-2025,settlement,2,уч.Акбайлау,Ақбайлау уч.
193659300,NK RK 11-2025,settlement,2,с.Акдала,Ақдала а.
193663000,NK RK 11-2025,sub_district,2,Миялинский с.о.,Миялы а.о.
193663100,NK RK 11-2025,settlement,2,с.Миялы,Миялы а.
193665000,NK RK 11-2025,sub_district,2,Куйганский с.о.,Құйған а.о.
193665100,NK RK 11-2025,settlement,2,с.Куйган,Құйған а.
193665200,NK RK 11-2025,settlement,2,с.Караозек,Қараөзек а.
193667000,NK RK 11-2025,sub_district,2,Топарский с.о.,Топар а.о.
193667100,NK RK 11-2025,settlement,2,с.Топар,Топар а.
194000000,NK RK 11-2025,district,4,Енбекшиказахский район,Еңбекшіқазақ ауданы
194020000,NK RK 11-2025,sub_district,1,Есикская г.а.,Есік қ.ә.
194020100,NK RK 11-2025,settlement,1,г.Есик,Есік қ.
194033000,NK RK 11-2025,sub_district,2,Аватский с.о.,Ават а.о.
194033100,NK RK 11-2025,settlement,2,с.Ават,Ават а.
194035000,NK RK 11-2025,sub_district,2,Акшийский с.о.,Ақши а.о.
194035100,NK RK 11-2025,settlement,2,с.Акши,Ақши а.
194035200,NK RK 11-2025,settlement,2,с.Казатком,Қазатком а.
194035300,NK RK 11-2025,settlement,2,с.Кайрат,Қайрат а.
194035500,NK RK 11-2025,settlement,2,с.Сазы,Сазы а.
194037000,NK RK 11-2025,sub_district,2,Асинский с.о.,Асы а.о.
194037100,NK RK 11-2025,settlement,2,с.Кызылшарык,Қызылшарық а.
194037200,NK RK 11-2025,settlement,2,с.Асы-Сага,Асы-Саға а.
194037300,NK RK 11-2025,settlement,2,с.Дихан,Диқан а.
194037400,NK RK 11-2025,settlement,2,с.Жанашаруа,Жаңашаруа а.
194037500,NK RK 11-2025,settlement,2,с.Кайрат,Қайрат а.
194037700,NK RK 11-2025,settlement,2,с.Сарытау,Сарытау а.
194037800,NK RK 11-2025,settlement,2,с.Таусугур,Таусүгір а.
194039000,NK RK 11-2025,sub_district,2,Балтабайский с.о.,Балтабай а.о.
194039100,NK RK 11-2025,settlement,2,с.Балтабай,Балтабай а.
194039102,NK RK 11-2025,settlement,2,МТФ 2,МТФ 2
194039200,NK RK 11-2025,settlement,2,с.Акбастау,Ақбастау а.
194039300,NK RK 11-2025,settlement,2,с.Актогай,Ақтоғай а.
194039400,NK RK 11-2025,settlement,2,с.Бирлик,Бірлік а.
194039500,NK RK 11-2025,settlement,2,с.Енбек,Еңбек а.
194039600,NK RK 11-2025,settlement,2,с.Куш,Күш а.
194039700,NK RK 11-2025,settlement,2,с.Орнек,Өрнек а.
194041000,NK RK 11-2025,sub_district,2,Болекский с.о.,Бөлек а.о.
194041100,NK RK 11-2025,settlement,2,с.Болек,Бөлек а.
194041200,NK RK 11-2025,settlement,2,с.Аймен,Аймен а.
194041300,NK RK 11-2025,settlement,2,с.Карасай,Қарасай а.
194043000,NK RK 11-2025,sub_district,2,с.о.Байдибек би,Бәйдібек би а.о.
194043100,NK RK 11-2025,settlement,2,с.Байдибек би,Бәйдібек би а.
194047000,NK RK 11-2025,sub_district,2,Жанашарский с.о.,Жаңашар а.о.
194047100,NK RK 11-2025,settlement,2,с.Жанашар,Жаңашар а.
194047200,NK RK 11-2025,settlement,2,с.Базаркельды,Базаркелді а.
194047300,NK RK 11-2025,settlement,2,с.Космос,Космос а.
194049000,NK RK 11-2025,sub_district,2,Коктобинский с.о.,Көктөбе а.о.
194049100,NK RK 11-2025,settlement,2,с.Кызылжар,Қызылжар а.
194049200,NK RK 11-2025,settlement,2,с.Алмалы,Алмалы а.
194049300,NK RK 11-2025,settlement,2,с.Коктобе,Көктөбе а.
194049400,NK RK 11-2025,settlement,2,с.Толе би,Төле би а.
194051000,NK RK 11-2025,sub_district,2,Казахстанский с.о.,Қазақстан а.о.
194051100,NK RK 11-2025,settlement,2,с.Казахстан,Қазақстан а.
194051200,NK RK 11-2025,settlement,2,с.Ащибулак,Ащыбұлақ а.
194051300,NK RK 11-2025,settlement,2,с.им.Ж.Кайыпова,Ж.Қайыпов атын.а.
194053000,NK RK 11-2025,sub_district,2,Каражотинский с.о.,Қаражота а.о.
194053100,NK RK 11-2025,settlement,2,с.Каражота,Қаражота а.
194053102,NK RK 11-2025,settlement,2,уч.Бабатоган,Бабатоган уч.
194053103,NK RK 11-2025,settlement,2,уч.Актума,Ақтұма уч.
194053200,NK RK 11-2025,settlement,2,с.Актоган,Ақтоған а.
194053300,NK RK 11-2025,settlement,2,с.Сарыбулак,Сарыбұлақ а.
194053303,NK RK 11-2025,settlement,2,уч.Бесбаз,Бесбаз уч.
194053304,NK RK 11-2025,settlement,2,уч.Дирменбаз,Диірменбаз уч.
194055000,NK RK 11-2025,sub_district,2,Каракемерский с.о.,Қаракемер а.о.
194055100,NK RK 11-2025,settlement,2,с.Каракемер,Қаракемер а.
194055200,NK RK 11-2025,settlement,2,с.Сатай,Сатай а.
194055300,NK RK 11-2025,settlement,2,с.Талдыбулак,Талдыбұлақ а.
194057000,NK RK 11-2025,sub_district,2,Каратурыкский с.о.,Қаратұрық а.о.
194057100,NK RK 11-2025,settlement,2,с.Каратурык,Қаратұрық а.
194057200,NK RK 11-2025,settlement,2,с.Ащисай,Ащысай а.
194057300,NK RK 11-2025,settlement,2,с.Достык,Достық а.
194057400,NK RK 11-2025,settlement,2,с.Лавар,Лавар а.
194057500,NK RK 11-2025,settlement,2,с.Арна,Арна а.
194057600,NK RK 11-2025,settlement,2,с.Таукаратурык,Тауқаратұрық а.
194057603,NK RK 11-2025,settlement,2,уч.Бурандасу,Бұрандасу уч.
194057604,NK RK 11-2025,settlement,2,уч.Сарыбулак,Сарыбұлақ уч.
194059000,NK RK 11-2025,sub_district,2,Корамский с.о.,Қорам а.о.
194059100,NK RK 11-2025,settlement,2,с.Корам,Қорам а.
194063000,NK RK 11-2025,sub_district,2,Кырбалтабайский с.о.,Қырбалтабай а.о.
194063100,NK RK 11-2025,settlement,2,с.Кырбалтабай,Қырбалтабай а.
194063200,NK RK 11-2025,settlement,2,с.Акжал,Ақжал а.
194063300,NK RK 11-2025,settlement,2,с.Екпинди,Екпінді а.
194063400,NK RK 11-2025,settlement,2,с.Кайнар,Қайнар а.
194063500,NK RK 11-2025,settlement,2,с.Шалкар,Шалқар а.
194064000,NK RK 11-2025,sub_district,2,Малыбайский с.о.,Малыбай а.о.
194064100,NK RK 11-2025,settlement,2,с.Малыбай,Малыбай а.
194065000,NK RK 11-2025,sub_district,2,Масакский с.о.,Масақ а.о.
194065100,NK RK 11-2025,settlement,2,с.Казтая Ултаракова,Қазтай Ұлтарақов а.
194065200,NK RK 11-2025,settlement,2,с.Нурлы,Нұрлы а.
194067000,NK RK 11-2025,sub_district,2,Байтерекский с.о.,Бәйтерек а.о.
194067100,NK RK 11-2025,settlement,2,с.Байтерек,Бәйтерек а.
194067200,NK RK 11-2025,settlement,2,с.Алга,Алға а.
194067300,NK RK 11-2025,settlement,2,с.Койшибек,Қойшыбек а.
194069000,NK RK 11-2025,sub_district,2,с.о.Согеты,Сөгеті а.о.
194069100,NK RK 11-2025,settlement,2,с.Нура,Нұра а.
194069200,NK RK 11-2025,settlement,2,с.Кокпек,Көкпек а.
194071000,NK RK 11-2025,sub_district,2,с.о.Бартогай,Бартоғай а.о.
194071100,NK RK 11-2025,settlement,2,с.Хусаина Бижанова,Хұсайын Бижанов а.
194071200,NK RK 11-2025,settlement,2,с.Байсеит,Байсейіт а.
194073000,NK RK 11-2025,sub_district,2,Рахатский с.о.,Рахат а.о.
194073100,NK RK 11-2025,settlement,2,с.Кайназар,Қайназар а.
194073200,NK RK 11-2025,settlement,2,с.Азат,Азат а.
194073300,NK RK 11-2025,settlement,2,с.Орикти,Өрікті а.
194073400,NK RK 11-2025,settlement,2,с.Рахат,Рахат а.
194075000,NK RK 11-2025,sub_district,2,Саймасайский с.о.,Саймасай а.о.
194075100,NK RK 11-2025,settlement,2,с.Саймасай,Саймасай а.
194075200,NK RK 11-2025,settlement,2,с.Амангельды,Амангелді а.
194077000,NK RK 11-2025,sub_district,2,Ташкенсазский с.о.,Ташкенсаз а.о.
194077100,NK RK 11-2025,settlement,2,с.Ташкенсаз,Ташкенсаз а.
194077200,NK RK 11-2025,settlement,2,с.Баяндай,Баяндай а.
194077300,NK RK 11-2025,settlement,2,с.Кульжинское,Құлжа а.
194079000,NK RK 11-2025,sub_district,2,Тескенсуский с.о.,Тескенсу а.о.
194079100,NK RK 11-2025,settlement,2,с.Тескенсу,Тескенсу а.
194079200,NK RK 11-2025,settlement,2,с.Кольди,Көлді а.
194079300,NK RK 11-2025,settlement,2,с.Толкын,Толқын а.
194081000,NK RK 11-2025,sub_district,2,Тургенский с.о.,Түрген а.о.
194081100,NK RK 11-2025,settlement,2,с.Тургень,Түрген а.
194081104,NK RK 11-2025,settlement,2,Форелевое хозяйство,Форель шаруашылығы
194081200,NK RK 11-2025,settlement,2,с.Таутургень,Таутүрген а.
194083000,NK RK 11-2025,sub_district,2,Шелекский с.о.,Шелек а.о.
194083100,NK RK 11-2025,settlement,2,с.Шелек,Шелек а.
194083200,NK RK 11-2025,settlement,2,с.Майское,Майское а.
194083300,NK RK 11-2025,settlement,2,с.Тургайбаза,Торғайбаза а.
194200000,NK RK 11-2025,district,2,Жамбылский район,Жамбыл ауданы
194230000,NK RK 11-2025,sub_district,2,Узынагашский с.о.,Ұзынағаш а.о.
194230100,NK RK 11-2025,settlement,2,с.Узынагаш,Ұзынағаш а.
194230200,NK RK 11-2025,settlement,2,с.Жанакурылыс,Жаңақұрылыс а.
194230300,NK RK 11-2025,settlement,2,с.Ынтымак,Ынтымақ а.
194233000,NK RK 11-2025,sub_district,2,Айдарлинский с.о.,Айдарлы а.о.
194233100,NK RK 11-2025,settlement,2,с.Айдарлы,Айдарлы а.
194235000,NK RK 11-2025,sub_district,2,Аккайнарский с.о.,Аққайнар а.о.
194235100,NK RK 11-2025,settlement,2,с.Аккайнар,Аққайнар а.
194237000,NK RK 11-2025,sub_district,2,Аксенгирский с.о.,Ақсеңгір а.о.
194237100,NK RK 11-2025,settlement,2,с.Аксенгир,Ақсеңгір а.
194237200,NK RK 11-2025,settlement,2,с.Жайсан,Жайсаң а.
194237300,NK RK 11-2025,settlement,2,с.Жиренайгыр,Жиренайғыр а.
194237400,NK RK 11-2025,settlement,2,с.Кокдала,Көкдала а.
194239000,NK RK 11-2025,sub_district,2,Актерекский с.о.,Ақтерек а.о.
194239100,NK RK 11-2025,settlement,2,с.Актерек,Ақтерек а.
194239200,NK RK 11-2025,settlement,2,с.Архарлы,Арқарлы а.
194241000,NK RK 11-2025,sub_district,2,Бериктасский с.о.,Беріктас а.о.
194241100,NK RK 11-2025,settlement,2,с.Бериктас,Беріктас а.
194243000,NK RK 11-2025,sub_district,2,Бозойский с.о.,Бозой а.о.
194243100,NK RK 11-2025,settlement,2,с.Бозой,Бозой а.
194245000,NK RK 11-2025,sub_district,2,Дегересский с.о.,Дегерес а.о.
194245100,NK RK 11-2025,settlement,2,с.Дегерес,Дегерес а.
194245200,NK RK 11-2025,settlement,2,с.Бесмойнак,Бесмойнақ а.
194245300,NK RK 11-2025,settlement,2,с.Булак,Бұлақ а.
194245400,NK RK 11-2025,settlement,2,с.Караарша,Қараарша а.
194245500,NK RK 11-2025,settlement,2,с.Сункар,Сұңқар а.
194247000,NK RK 11-2025,sub_district,2,Жамбылский с.о.,Жамбыл а.о.
194247100,NK RK 11-2025,settlement,2,с.Жамбыл,Жамбыл а.
194247200,NK RK 11-2025,settlement,2,с.Бирлик,Бірлік а.
194247300,NK RK 11-2025,settlement,2,с.Сауырык батыра,Сауырық батыр а.
194247400,NK RK 11-2025,settlement,2,с.Кызыласкер,Қызыләскер а.
194251000,NK RK 11-2025,sub_district,2,Каракастекский с.о.,Қарақастек а.о.
194251100,NK RK 11-2025,settlement,2,с.Каракастек,Қарақастек а.
194251200,NK RK 11-2025,settlement,2,с.Бурган,Бұрған а.
194251300,NK RK 11-2025,settlement,2,с.Ушбулак,Үшбұлақ а.
194253000,NK RK 11-2025,sub_district,2,Карасуский с.о.,Қарасу а.о.
194253100,NK RK 11-2025,settlement,2,с.Сарыбай би,Сарыбай би а.
194253200,NK RK 11-2025,settlement,2,с.Енбекшиарал,Еңбекшіарал а.
194253300,NK RK 11-2025,settlement,2,с.Кайназар,Қайназар а.
194253400,NK RK 11-2025,settlement,2,с.Карасай,Қарасай а.
194253500,NK RK 11-2025,settlement,2,с.Кызылсок,Қызылсоқ а.
194255000,NK RK 11-2025,sub_district,2,с.о. Матибулак,Мәтібұлақ а.о.
194255100,NK RK 11-2025,settlement,2,с.Матибулак,Мәтібұлақ а.
194255200,NK RK 11-2025,settlement,2,с.Танбалытас,Таңбалытас а.
194255300,NK RK 11-2025,settlement,2,с.Еспе,Еспе а.
194255400,NK RK 11-2025,settlement,2,с.Жайлау,Жайлау а.
194255500,NK RK 11-2025,settlement,2,с.Жартас,Жартас а.
194255600,NK RK 11-2025,settlement,2,с.Карабастау,Қарабастау а.
194255700,NK RK 11-2025,settlement,2,с.Кызылтан,Қызылтаң а.
194255800,NK RK 11-2025,settlement,2,с.Шилибастау,Шилібастау а.
194257000,NK RK 11-2025,sub_district,2,Мынбаевский с.о.,Мыңбаев а.о.
194257100,NK RK 11-2025,settlement,2,с.Мынбаево,Мыңбаев а.
194259000,NK RK 11-2025,sub_district,2,Самсинский с.о.,Самсы а.о.
194259100,NK RK 11-2025,settlement,2,с.Самсы,Самсы а.
194259200,NK RK 11-2025,settlement,2,с.Копа,Қопа а.
194259300,NK RK 11-2025,settlement,2,с.Таргап,Тарғап а.
194261000,NK RK 11-2025,sub_district,2,Сарытаукумский с.о.,Сарытауқұм а.о.
194261100,NK RK 11-2025,settlement,2,с.Ащису,Ащысу а.
194263000,NK RK 11-2025,sub_district,2,Талапский с.о.,Талап а.о.
194263100,NK RK 11-2025,settlement,2,с.Суранши батыр,Сұраншы батыр а.
194263200,NK RK 11-2025,settlement,2,с.Кастек,Қастек а.
194265000,NK RK 11-2025,sub_district,2,Таранский с.о.,Таран а.о.
194265100,NK RK 11-2025,settlement,2,с.им.Балгабека Кыдырбекулы,Балғабек Қыдырбекұлы а.
194267000,NK RK 11-2025,sub_district,2,Темиржолский с.о.,Теміржол а.о.
194267100,NK RK 11-2025,settlement,2,ст.Казыбек бека,Қазыбек бек ст.
194273000,NK RK 11-2025,sub_district,2,Ульгулинский с.о.,Үлгілі а.о.
194273100,NK RK 11-2025,settlement,2,с.Ульгили,Үлгілі а.
194273300,NK RK 11-2025,settlement,2,с.Каншенгель,Қаншеңгел а.
194273400,NK RK 11-2025,settlement,2,ст.Саз,Саз ст.
194275000,NK RK 11-2025,sub_district,2,Улькенский с.о.,Үлкен а.о.
194275100,NK RK 11-2025,settlement,2,с.Улькен,Үлкен а.
194277000,NK RK 11-2025,sub_district,2,Унгуртасский с.о.,Үңгіртас а.о.
194277100,NK RK 11-2025,settlement,2,с.Унгуртас,Үңгіртас а.
194277200,NK RK 11-2025,settlement,2,с.Акдала,Ақдала а.
194277300,NK RK 11-2025,settlement,2,с.Коккайнар,Көкқайнар а.
194277400,NK RK 11-2025,settlement,2,с.Сарыбастау,Сарыбастау а.
194279000,NK RK 11-2025,sub_district,2,Каргалинский с.о.,Қарғалы а.о.
194279100,NK RK 11-2025,settlement,2,с.Каргалы,Қарғалы а.
194281000,NK RK 11-2025,sub_district,2,Шиенский с.о.,Шиен а.о.
194281100,NK RK 11-2025,settlement,2,с.Шиен,Шиен а.
194281200,NK RK 11-2025,settlement,2,с.Когамшыл,Қоғамшыл а.
194283000,NK RK 11-2025,sub_district,2,Шолаккаргалинский с.о.,Шолаққарғалы а.о.
194283100,NK RK 11-2025,settlement,2,с.Умбеталы Карибаева,Үмбетәлі Кәрібаев а.
194283200,NK RK 11-2025,settlement,2,с.Касымбек,Қасымбек а.
194283300,NK RK 11-2025,settlement,2,с.Шолаккаргалы,Шолаққарғалы а.
194400000,NK RK 11-2025,district,2,Кегенский район,Кеген ауданы
194430000,NK RK 11-2025,sub_district,2,Кегенский с.о.,Кеген а.о.
194430100,NK RK 11-2025,settlement,2,с.Кеген,Кеген а.
194430300,NK RK 11-2025,settlement,2,с.Темирлик,Темірлік а.
194430302,NK RK 11-2025,settlement,2,уч.Темирлик,Темірлік уч.
194430400,NK RK 11-2025,settlement,2,с.Туменбай,Түменбай а.
194433000,NK RK 11-2025,sub_district,2,Алгабасский с.о.,Алғабас а.о.
194433100,NK RK 11-2025,settlement,2,с.Жанаталап,Жаңаталап а.
194433102,NK RK 11-2025,settlement,2,уч.Болекжар,Бөлекжар уч.
194433200,NK RK 11-2025,settlement,2,с.Алгабас,Алғабас а.
194433300,NK RK 11-2025,settlement,2,с.Жинишке,Жіңішке а.
194435000,NK RK 11-2025,sub_district,2,Болексазский с.о.,Бөлексаз а.о.
194435100,NK RK 11-2025,settlement,2,с.Болексаз,Бөлексаз а.
194435102,NK RK 11-2025,settlement,2,Подстанция,Қосалқыстанса
194435103,NK RK 11-2025,settlement,2,уч.Тышканбаз,Тышқанбаз уч.
194437000,NK RK 11-2025,sub_district,2,с.о.Жалағаш,Жалағаш а.о.
194437100,NK RK 11-2025,settlement,2,с.Жалағаш,Жалағаш а.
194437102,NK RK 11-2025,settlement,2,уч.Аганас,Ағанас уч.
194437103,NK RK 11-2025,settlement,2,уч.Тасбаз,Тасбаз уч.
194437200,NK RK 11-2025,settlement,2,с.Жайдакбулак,Жайдақбұлақ а.
194437202,NK RK 11-2025,settlement,2,уч.Ортамерке,Ортамерке уч.
194437300,NK RK 11-2025,settlement,2,с.Тогызбулак,Тоғызбұлақ а.
194437302,NK RK 11-2025,settlement,2,уч.Актогай,Ақтоғай уч.
194437303,NK RK 11-2025,settlement,2,уч.Арал,Арал уч.
194437304,NK RK 11-2025,settlement,2,уч.Жуантобе,Жуантөбе уч.
194437305,NK RK 11-2025,settlement,2,уч.Ортабаз,Ортабаз уч.
194437306,NK RK 11-2025,settlement,2,уч.Тасбаз,Тасбаз уч.
194437307,NK RK 11-2025,settlement,2,уч.Шетмерке,Шетмерке уч.
194441000,NK RK 11-2025,sub_district,2,Жылысайский с.о.,Жылысай а.о.
194441100,NK RK 11-2025,settlement,2,с.Жылысай,Жылысай а.
194441102,NK RK 11-2025,settlement,2,отг.Жылысай,Жылысай ж.
194441200,NK RK 11-2025,settlement,2,с.Мойнак,Мойнақ а.
194441202,NK RK 11-2025,settlement,2,отг.Колтыкбастау,Қолтықбастау ж.
194441300,NK RK 11-2025,settlement,2,с.Шыбышы,Шыбышы а.
194441302,NK RK 11-2025,settlement,2,отг.Шыбышы,Шыбышы ж.
194449000,NK RK 11-2025,sub_district,2,Карабулакский с.о.,Қарабұлақ а.о.
194449100,NK RK 11-2025,settlement,2,с.Акай Нусипбекова,Ақай Нүсіпбеков а.
194449300,NK RK 11-2025,settlement,2,с.Карабулак,Қарабұлақ а.
194453000,NK RK 11-2025,sub_district,2,Каркаринский с.о.,Қарқара а.о.
194453100,NK RK 11-2025,settlement,2,с.Каркара,Қарқара а.
194453102,NK RK 11-2025,settlement,2,Отгоны,Жайылымдар
194453300,NK RK 11-2025,settlement,2,с.Ереул,Ереуіл а.
194453500,NK RK 11-2025,settlement,2,с.Мынжылкы,Мыңжылқы а.
194461000,NK RK 11-2025,sub_district,2,Сатинский с.о.,Саты а.о.
194461100,NK RK 11-2025,settlement,2,с.Саты,Саты а.
194461102,NK RK 11-2025,settlement,2,уч.Аржак,Аржақ уч.
194461103,NK RK 11-2025,settlement,2,уч.Кольсай,Көлсай уч.
194461104,NK RK 11-2025,settlement,2,уч.Сатынакиши,Сатынакіші уч.
194461200,NK RK 11-2025,settlement,2,с.Курмети,Құрметі а.
194461202,NK RK 11-2025,settlement,2,уч.Майбулак,Майбұлақ уч.
194461203,NK RK 11-2025,settlement,2,уч.Сейсмостанция,Сейсмостанция уч.
194465000,NK RK 11-2025,sub_district,2,Тасашинский с.о.,Тасашы а.о.
194465100,NK RK 11-2025,settlement,2,с.Жанатасашы,Жаңатасашы а.
194465200,NK RK 11-2025,settlement,2,с.Актасты,Ақтасты а.
194465300,NK RK 11-2025,settlement,2,с.Тасашы,Тасашы а.
194465400,NK RK 11-2025,settlement,2,с.Сарыколь,Сарыкөл а.
194471000,NK RK 11-2025,sub_district,2,Туюкский с.о.,Тұйық а.о.
194471100,NK RK 11-2025,settlement,2,с.Туюк,Тұйық а.
194471102,NK RK 11-2025,settlement,2,Кордон 1 Коктас,Көктас 1 шекарасы
194471103,NK RK 11-2025,settlement,2,Кордон 2,Шекара 2
194471104,NK RK 11-2025,settlement,2,Кордон 3,Шекара 3
194471105,NK RK 11-2025,settlement,2,Кордон 4,Шекара 4
194473000,NK RK 11-2025,sub_district,2,Узынбулакский с.о.,Ұзынбұлақ а.о
194473100,NK RK 11-2025,settlement,2,с.Узынбулак,Ұзынбұлақ а.
194473102,NK RK 11-2025,settlement,2,уч.Аласа,Аласа уч.
194473103,NK RK 11-2025,settlement,2,уч.Кортогай,Көртоғай уч.
194473104,NK RK 11-2025,settlement,2,уч.Шопкоймасы,Шөпқоймасы уч.
194473200,NK RK 11-2025,settlement,2,с.Аксай,Ақсай а.
194473202,NK RK 11-2025,settlement,2,уч.Аласа,Аласа уч.
194473203,NK RK 11-2025,settlement,2,уч.Кайкы,Қайқы уч.
194473204,NK RK 11-2025,settlement,2,уч.Темирлик,Темірлік уч.
194473300,NK RK 11-2025,settlement,2,с.Жалаулы,Жалаулы а.
194473302,NK RK 11-2025,settlement,2,уч.Аккамба,Аққамба уч.
194473303,NK RK 11-2025,settlement,2,уч.Мал отарлары,Мал отарлары уч.
194473304,NK RK 11-2025,settlement,2,уч.Шопкоймасы,Шөпқоймасы уч.
194477000,NK RK 11-2025,sub_district,2,Шырганакский с.о.,Шырғанақ а.о
194477100,NK RK 11-2025,settlement,2,с.Шырганак,Шырғанақ а.
194477200,NK RK 11-2025,settlement,2,с.Кенсу,Кеңсу а.
194477300,NK RK 11-2025,settlement,2,с.Кокпияз,Көкпияз а.
194477400,NK RK 11-2025,settlement,2,с.Каркара,Қарқара а.
194477500,NK RK 11-2025,settlement,2,с.Кызылжар,Қызылжар а.
194477600,NK RK 11-2025,settlement,2,с.Талды,Талды а.
195200000,NK RK 11-2025,district,4,Карасайский район,Қарасай ауданы
195220000,NK RK 11-2025,sub_district,3,Каскеленская г.а.,Қаскелең қ.ә.
195220100,NK RK 11-2025,settlement,1,г.Каскелен,Қаскелең қ.
195220300,NK RK 11-2025,settlement,2,с.Коктобе,Көктөбе а.
195231000,NK RK 11-2025,sub_district,2,Айтейский с.о.,Әйтей а.о.
195231100,NK RK 11-2025,settlement,2,с.Айтей,Әйтей а.
195231102,NK RK 11-2025,settlement,2,Лесхоз,Орманшар
195231300,NK RK 11-2025,settlement,2,с.Енбекши,Еңбекші а.
195231400,NK RK 11-2025,settlement,2,с.Кумарал,Құмарал а.
195231600,NK RK 11-2025,settlement,2,с.Сауыншы,Сауыншы а.
195231700,NK RK 11-2025,settlement,2,с.Уштерек,Үштерек а.
195233000,NK RK 11-2025,sub_district,2,Ельтайский с.о.,Елтай а.о.
195233100,NK RK 11-2025,settlement,2,с.Береке,Береке а.
195233180,NK RK 11-2025,settlement,2,с.Аксенгир,Ақсеңгір а.
195233200,NK RK 11-2025,settlement,2,с.Ельтай,Елтай а.
195233300,NK RK 11-2025,settlement,2,с.Жармухамбет,Жармұхамбет а.
195233400,NK RK 11-2025,settlement,2,с.Исаево,Исаево а.
195233500,NK RK 11-2025,settlement,2,с.Кокозек,Көкөзек а.
195233600,NK RK 11-2025,settlement,2,с.Каратобе,Қаратөбе а.
195233800,NK RK 11-2025,settlement,2,с.Коктоган,Көктоған а.
195233900,NK RK 11-2025,settlement,2,рзд.71,рзд.71
195234000,NK RK 11-2025,sub_district,2,Жамбылский с.о.,Жамбыл а.о.
195234100,NK RK 11-2025,settlement,2,с.Жамбыл,Жамбыл а.
195234300,NK RK 11-2025,settlement,2,с.Батан,Батан а.
195234400,NK RK 11-2025,settlement,2,с.Кошмамбет,Қошмәмбет а.
195234403,NK RK 11-2025,settlement,2,МТФ,МТФ
195234404,NK RK 11-2025,settlement,2,Пионерлагерь,Пионерлагер
195234405,NK RK 11-2025,settlement,2,Плотина УОС К-26,УОС бөгеті К-26
195234700,NK RK 11-2025,settlement,2,с.Улан,Ұлан а.
195235000,NK RK 11-2025,sub_district,2,Жандосовский с.о.,Жандосов а.о.
195235100,NK RK 11-2025,settlement,2,с.Жандосово,Жандосов а.
195235200,NK RK 11-2025,settlement,2,с.Кайрат,Қайрат а.
195235300,NK RK 11-2025,settlement,2,с.Шалкар,Шалқар а.
195237000,NK RK 11-2025,sub_district,2,с.о.Жибек жолы,Жібек жолы а.о.
195237100,NK RK 11-2025,settlement,2,с.Жибек жолы,Жібек жолы а.
195237103,NK RK 11-2025,settlement,2,Лесхоз Кордон,Шекара орманшар
195237200,NK RK 11-2025,settlement,2,с.Жынгылды,Жыңғылды а.
195237300,NK RK 11-2025,settlement,2,с.Кольащы,Көліащы а.
195237304,NK RK 11-2025,settlement,2,МТФ Кошмамбет,МТФ Қошмәмбет
195237500,NK RK 11-2025,settlement,2,с.Куркудык,Құрқұдық а.
195237700,NK RK 11-2025,settlement,2,с.Турар,Тұрар а.
195237702,NK RK 11-2025,settlement,2,МТФ Турар,МТФ Тұрар
195247000,NK RK 11-2025,sub_district,2,Иргелинский с.о.,Іргелі а.о.
195247100,NK RK 11-2025,settlement,2,с.Иргели,Іргелі а.
195247200,NK RK 11-2025,settlement,2,с.Кемертоган,Кемертоған а.
195247202,NK RK 11-2025,settlement,2,МТФ,МТФ
195247400,NK RK 11-2025,settlement,2,с.Коксай,Көксай а.
195249000,NK RK 11-2025,sub_district,2,Первомайский с.о.,Первомай а.о.
195249100,NK RK 11-2025,settlement,2,с.Бекболат Ашекеев,Бекболат Әшекеев а.
195249200,NK RK 11-2025,settlement,2,с.Кайнар,Қайнар а.
195249300,NK RK 11-2025,settlement,2,с.Сауыншы,Сауыншы а.
195253000,NK RK 11-2025,sub_district,2,Райымбекский с.о.,Райымбек а.о.
195253100,NK RK 11-2025,settlement,2,с.Райымбек,Райымбек а.
195253103,NK RK 11-2025,settlement,2,Молочный комплекс,Сүт кешені
195253200,NK RK 11-2025,settlement,2,с.Абай,Абай а.
195253300,NK RK 11-2025,settlement,2,с.Долан,Долан а.
195253302,NK RK 11-2025,settlement,2,МТФ-2-7,МТФ-2-7
195253400,NK RK 11-2025,settlement,2,с.Кумтоган,Құмтоған а.
195253500,NK RK 11-2025,settlement,2,с.Кыргауылды,Қырғауылды а.
195253600,NK RK 11-2025,settlement,2,с. Булакты,Бұлақты а.
195253700,NK RK 11-2025,settlement,2,с.Жанатурмыс,Жаңатұрмыс а.
195255000,NK RK 11-2025,sub_district,2,Умтылский с.о.,Ұмтыл а.о.
195255100,NK RK 11-2025,settlement,2,с.Жалпаксай,Жалпақсай а.
195255103,NK RK 11-2025,settlement,2,МТФ-1,МТФ-1
195255105,NK RK 11-2025,settlement,2,Насосная бригада 1,Сорғы бригадасы 1
195255200,NK RK 11-2025,settlement,2,с.Алмалыбак,Алмалыбақ а.
195255400,NK RK 11-2025,settlement,2,с.Кольди,Көлді а.
195255500,NK RK 11-2025,settlement,2,с.Мерей,Мерей а.
195259000,NK RK 11-2025,sub_district,2,Шамалганский с.о.,Шамалған а.о.
195259100,NK RK 11-2025,settlement,2,с.Шамалган,Шамалған а.
195259200,NK RK 11-2025,settlement,2,с.Айкым,Айқым а.
195800000,NK RK 11-2025,district,2,Райымбекский район,Райымбек ауданы
195830000,NK RK 11-2025,sub_district,2,Нарынкольский с.о.,Нарынқол а.о.
195830100,NK RK 11-2025,settlement,2,с.Нарынкол,Нарынқол а.
195830102,NK RK 11-2025,settlement,2,уч.Кызылуш,Қызылүш уч.
195830103,NK RK 11-2025,settlement,2,уч.Молкокпек,Молкөкпек уч.
195830104,NK RK 11-2025,settlement,2,уч.Турбаза,Турбаза уч.
195830200,NK RK 11-2025,settlement,2,с.Костобе,Қостөбе а.
195839000,NK RK 11-2025,sub_district,2,Жамбылский с.о.,Жамбыл а.о.
195839100,NK RK 11-2025,settlement,2,с.Жамбыл,Жамбыл а.
195839200,NK RK 11-2025,settlement,2,с.Каратоган,Қаратоған а.
195845000,NK RK 11-2025,sub_district,2,Кайнарский с.о.,Қайнар а.о.
195845100,NK RK 11-2025,settlement,2,с.Кайнар,Қайнар а.
195845102,NK RK 11-2025,settlement,2,уч.ЛСП,ЛСП уч.
195845103,NK RK 11-2025,settlement,2,Водхоз,Сушаруашылығы
195845104,NK RK 11-2025,settlement,2,уч.Тауыкбаз,Тауықбаз уч.
195847000,NK RK 11-2025,sub_district,2,Какпакский с.о.,Қақпақ а.о.
195847100,NK RK 11-2025,settlement,2,с.Какпак,Қақпақ а.
195847102,NK RK 11-2025,settlement,2,Бригада 3,Бригада 3
195847200,NK RK 11-2025,settlement,2,с.Кокбел,Көкбел а.
195851000,NK RK 11-2025,sub_district,2,Карасазский с.о.,Қарасаз а.о.
195851100,NK RK 11-2025,settlement,2,с.Карасаз,Қарасаз а.
195851200,NK RK 11-2025,settlement,2,с.Тузкол,Тұзкөл а.
195857000,NK RK 11-2025,sub_district,2,Узак батырский с.о.,Ұзақ батыр а.о.
195857100,NK RK 11-2025,settlement,2,с.Сарыбастау,Сарыбастау а.
195859000,NK RK 11-2025,sub_district,2,Сарыжазский с.о.,Сарыжаз а.о.
195859100,NK RK 11-2025,settlement,2,с.Сарыжаз,Сарыжаз а.
195859200,NK RK 11-2025,settlement,2,с.Акбеит,Ақбейіт а.
195859300,NK RK 11-2025,settlement,2,с.Комирши,Көмірші а.
195863000,NK RK 11-2025,sub_district,2,Сумбинский с.о.,Сүмбе а.о.
195863100,NK RK 11-2025,settlement,2,с.Сумбе,Сүмбе а.
195863102,NK RK 11-2025,settlement,2,уч.Жартас,Жартас уч.
195863103,NK RK 11-2025,settlement,2,уч.Куркулдек,Күркүлдек уч.
195863104,NK RK 11-2025,settlement,2,уч.Ойкарагай,Ойқарағай уч.
195863200,NK RK 11-2025,settlement,2,с.Кызылшекара,Қызылшекара а.
195867000,NK RK 11-2025,sub_district,2,Тегистикский с.о.,Тегістік а.о.
195867100,NK RK 11-2025,settlement,2,с.Тегистик,Тегістік а.
195867102,NK RK 11-2025,settlement,2,уч.Боктер,Бөктер уч.
195867103,NK RK 11-2025,settlement,2,уч.Комсомол,Комсомол уч.
195867104,NK RK 11-2025,settlement,2,уч.Какпак,Қақпақ уч.
195867105,NK RK 11-2025,settlement,2,уч.Лайлы,Лайлы уч.
195867106,NK RK 11-2025,settlement,2,уч.Талдысай,Талдысай уч.
195869000,NK RK 11-2025,sub_district,2,Текесский с.о.,Текес а.о.
195869100,NK RK 11-2025,settlement,2,с.Текес,Текес а.
195869200,NK RK 11-2025,settlement,2,с.Жанатекес,Жаңатекес а.
195875000,NK RK 11-2025,sub_district,2,Шалкодинский с.о.,Шалкөде а.о
195875100,NK RK 11-2025,settlement,2,с.Шалкоде,Шалкөде а.
195875102,NK RK 11-2025,settlement,2,Дом чабанов,Шопандар үйі
195875200,NK RK 11-2025,settlement,2,с.Талас,Талас а.
196200000,NK RK 11-2025,district,4,Талгарский район,Талғар ауданы
196220000,NK RK 11-2025,sub_district,1,Талгарская г.а.,Талғар қ.ә.
196220100,NK RK 11-2025,settlement,1,г.Талгар,Талғар қ.
196233000,NK RK 11-2025,sub_district,2,Алатауский с.о.,Алатау а.о.
196233100,NK RK 11-2025,settlement,2,с.Кызылкайрат,Қызылқайрат а.
196233200,NK RK 11-2025,settlement,2,с.Алмалык,Алмалық а.
196233300,NK RK 11-2025,settlement,2,с.Алтындан,Алтындән а.
196233400,NK RK 11-2025,settlement,2,с.Амангельды,Амангелді а.
196233500,NK RK 11-2025,settlement,2,с.Байбулак,Байбұлақ а.
196233680,NK RK 11-2025,settlement,2,с.Береке,Береке а.
196233700,NK RK 11-2025,settlement,2,с.Орман,Орман а.
196233800,NK RK 11-2025,settlement,2,с.Рыскулово,Рысқұлов а.
196233900,NK RK 11-2025,settlement,2,с.Чимбулак,Шымбұлақ а.
196235000,NK RK 11-2025,sub_district,2,Бельбулакский с.о.,Белбұлақ а.о.
196235100,NK RK 11-2025,settlement,2,с.Белбулак,Белбұлақ а.
196235200,NK RK 11-2025,settlement,2,с.Бирлик,Бірлік а.
196235300,NK RK 11-2025,settlement,2,с.Талдыбулак,Талдыбұлақ а.
196239000,NK RK 11-2025,sub_district,2,Бескайнарский с.о.,Бесқайнар а.о.
196239100,NK RK 11-2025,settlement,2,с.Бескайнар,Бесқайнар а.
196239300,NK RK 11-2025,settlement,2,с.Котырбулак,Қотырбұлақ а.
196243000,NK RK 11-2025,sub_district,2,Бесагашский с.о.,Бесағаш а.о.
196243100,NK RK 11-2025,settlement,2,с.Бесагаш,Бесағаш а.
196243200,NK RK 11-2025,settlement,2,с.Акбулак,Ақбұлақ а.
196245000,NK RK 11-2025,sub_district,2,Туздыбастауский с.о.,Тұздыбастау а.о.
196245100,NK RK 11-2025,settlement,2,с.Туздыбастау,Тұздыбастау а.
196247000,NK RK 11-2025,sub_district,2,Кайнарский с.о.,Қайнар а.о.
196247100,NK RK 11-2025,settlement,2,с.Еркин,Еркін а.
196247300,NK RK 11-2025,settlement,2,с.Достык,Достық а.
196247380,NK RK 11-2025,settlement,2,с.Еламан,Еламан а.
196247400,NK RK 11-2025,settlement,2,с.Жалкамыс,Жалқамыс а.
196247480,NK RK 11-2025,settlement,2,с.Жанаарна,Жаңаарна а.
196247500,NK RK 11-2025,settlement,2,с.Жаналык,Жаңалық а.
196247580,NK RK 11-2025,settlement,2,с.Коктал,Көктал а.
196247600,NK RK 11-2025,settlement,2,с.Кайнар,Қайнар а.
196247780,NK RK 11-2025,settlement,2,с.Сактан,Сақтан а.
196247800,NK RK 11-2025,settlement,2,с.Теренкара,Тереңқара а.
196249000,NK RK 11-2025,sub_district,2,Гульдалинский с.о.,Гүлдала а.о.
196249100,NK RK 11-2025,settlement,2,с.Гульдала,Гүлдала а.
196249500,NK RK 11-2025,settlement,2,с.Киши Байсерке,Кіші Байсерке а.
196249600,NK RK 11-2025,settlement,2,с.Жана куат,Жаңа қуат а.
196253000,NK RK 11-2025,sub_district,2,Панфиловский с.о.,Панфилов а.о.
196253100,NK RK 11-2025,settlement,2,с.Панфилово,Панфилово а.
196253200,NK RK 11-2025,settlement,2,с.Аркабай,Арқабай а.
196253300,NK RK 11-2025,settlement,2,с.Каменское плато,Каменское плато а.
196253400,NK RK 11-2025,settlement,2,с.Карабулак,Қарабұлақ а.
196253500,NK RK 11-2025,settlement,2,с.Жібек жолы,Жібек жолы а.
196253600,NK RK 11-2025,settlement,2,с.Тонкерис,Төңкеріс а.
196253700,NK RK 11-2025,settlement,2,с.Тузусай,Түзусай а.
196255000,NK RK 11-2025,sub_district,2,Кендалинский с.о.,Кеңдала а.о.
196255100,NK RK 11-2025,settlement,2,с.Кендала,Кеңдала а.
196255200,NK RK 11-2025,settlement,2,с.Акдала,Ақдала а.
196255300,NK RK 11-2025,settlement,2,с.Актас,Ақтас а.
196255400,NK RK 11-2025,settlement,2,с.Енбекши,Еңбекші а.
196257000,NK RK 11-2025,sub_district,2,Нуринский с.о.,Нұра а.о.
196257100,NK RK 11-2025,settlement,2,с.Нура,Нұра а.
196257300,NK RK 11-2025,settlement,2,с.Каратоган,Қаратоған а.
196257400,NK RK 11-2025,settlement,2,с.Остемир,Өстемір а.
196257600,NK RK 11-2025,settlement,2,с.Туганбай,Туғанбай а.
196600000,NK RK 11-2025,district,2,Уйгурский район,Ұйғыр ауданы
196630000,NK RK 11-2025,sub_district,2,Чунджинский с.о.,Шонжа а.о.
196630100,NK RK 11-2025,settlement,2,с.Чунджа,Шонжа а.
196630102,NK RK 11-2025,settlement,2,уч.Калгантам,Қалғантам уч.
196633000,NK RK 11-2025,sub_district,2,Аватский с.о.,Ават а.о.
196633100,NK RK 11-2025,settlement,2,с.Ават,Ават а.
196635000,NK RK 11-2025,sub_district,2,Аксуский с.о.,Ақсу а.о.
196635100,NK RK 11-2025,settlement,2,с.Большой Аксу,Үлкен Ақсу а.
196635102,NK RK 11-2025,settlement,2,уч.Канал,Канал уч.
196635103,NK RK 11-2025,settlement,2,уч.Тогузбулак,Тоғызбұлақ уч.
196635200,NK RK 11-2025,settlement,2,с.Долайты,Долайты а.
196635300,NK RK 11-2025,settlement,2,с.Малый Аксу,Кіші Ақсу а.
196637000,NK RK 11-2025,sub_district,2,Актамский с.о.,Ақтам а.о.
196637100,NK RK 11-2025,settlement,2,с.Актам,Ақтам а.
196639000,NK RK 11-2025,sub_district,2,Бахарский с.о.,Бахар а.о.
196639100,NK RK 11-2025,settlement,2,с.Бахар,Бахар а.
196639200,NK RK 11-2025,settlement,2,с.Ширин,Шырын а.
196643000,NK RK 11-2025,sub_district,2,Дардамтинский с.о.,Дардамты а.о.
196643100,NK RK 11-2025,settlement,2,с.Дардамты,Дардамты а.
196643102,NK RK 11-2025,settlement,2,уч.Арасан,Арасан уч.
196643103,NK RK 11-2025,settlement,2,уч.Гомбы,Гомбы уч.
196643200,NK RK 11-2025,settlement,2,с.Ардолайты,Ардолайты а.
196643300,NK RK 11-2025,settlement,2,с.Добын,Добын а.
196643400,NK RK 11-2025,settlement,2,с.Сункар,Сұңқар а.
196645000,NK RK 11-2025,sub_district,2,Кетменский с.о.,Кетпен а.о.
196645100,NK RK 11-2025,settlement,2,с.Кетмень,Кетпен а.
196645102,NK RK 11-2025,settlement,2,Пристань Добын,Добын стансасы
196645200,NK RK 11-2025,settlement,2,с.Кепебулак,Кепебұлақ а.
196647000,NK RK 11-2025,sub_district,2,Малодеханский с.о.,Кіші Диқан а.о.
196647100,NK RK 11-2025,settlement,2,с.Малый Дехан,Кіші Диқан а.
196647200,NK RK 11-2025,settlement,2,с.Большой Дехан,Үлкен Диқан а.
196649000,NK RK 11-2025,sub_district,2,Кольжатский с.о.,Қолжат а.о.
196649100,NK RK 11-2025,settlement,2,с.Кольжат,Қолжат а.
196653000,NK RK 11-2025,sub_district,2,Кыргызсайский с.о.,Қырғызсай а.о.
196653100,NK RK 11-2025,settlement,2,с.Кыргызсай,Қырғызсай а.
196653200,NK RK 11-2025,settlement,2,с.Рахат,Рахат а.
196655000,NK RK 11-2025,sub_district,2,Сумбинский с.о.,Сүмбе а.о.
196655100,NK RK 11-2025,settlement,2,с.Сумба,Сүмбе а.
196655102,NK RK 11-2025,settlement,2,уч.Бактыкурай,Бақтықұрай уч.
196655200,NK RK 11-2025,settlement,2,с.Шошанай,Шошанай а.
196657000,NK RK 11-2025,sub_district,2,Таскарасуский с.о.,Тасқарасу а.о.
196657100,NK RK 11-2025,settlement,2,с.Таскарасу,Тасқарасу а.
196659000,NK RK 11-2025,sub_district,2,Тигерменский с.о.,Тегермен а.о.
196659100,NK RK 11-2025,settlement,2,с.Тигермень,Тегермен а.
196659102,NK RK 11-2025,settlement,2,уч.Канал,Канал уч.
196659104,NK RK 11-2025,settlement,2,уч.Или,Іле уч.
196659200,NK RK 11-2025,settlement,2,с.Узынтам,Ұзынтам а.
196663000,NK RK 11-2025,sub_district,2,Чарынский с.о.,Шарын а.о.
196663100,NK RK 11-2025,settlement,2,с.Чарын,Шарын а.
196800000,NK RK 11-2025,district,2,Илийский район,Іле ауданы
196830000,NK RK 11-2025,sub_district,2,с.о.Өтеген батыр,Өтеген батыр а.о.
196830100,NK RK 11-2025,settlement,2,с.Отеген батыра,Өтеген батыр а.
196830200,NK RK 11-2025,settlement,2,с.Кенен Әзірбаев,Кенен Әзірбаев а.
196830300,NK RK 11-2025,settlement,2,с.Карасу,Қарасу а.
196833000,NK RK 11-2025,sub_district,2,Ащибулакский с.о.,Ащыбұлақ а.о.
196833100,NK RK 11-2025,settlement,2,с.Мухаметжан Туймебаева,Мұхаметжан Түймебаев а.
196833200,NK RK 11-2025,settlement,2,с.Жапек батыра,Жапек батыр а.
196833300,NK RK 11-2025,settlement,2,с.Коккайнар,Көкқайнар а.
196833600,NK RK 11-2025,settlement,2,с.Толе би,Төле би а.
196835000,NK RK 11-2025,sub_district,2,Боралдайская п.а.,Боралдай к.ә.
196835100,NK RK 11-2025,settlement,2,п.Боралдай,Боралдай к.
196839000,NK RK 11-2025,sub_district,2,с.о.Асқар Тоқпанов,Асқар Тоқпанов а.о.
196839100,NK RK 11-2025,settlement,2,с.Асқар Тоқпанов,Асқар Тоқпанов а.
196839200,NK RK 11-2025,settlement,2,с.Жайнақ,Жайнақ а.
196843000,NK RK 11-2025,sub_district,2,Караойский с.о.,Қараой а.о.
196843100,NK RK 11-2025,settlement,2,с.Караой,Қараой а.
196843103,NK RK 11-2025,settlement,2,Подхоз Монтажник,Монтажник қосшар
196843104,NK RK 11-2025,settlement,2,Бригада 1-14,Бригада 1-14
196843200,NK RK 11-2025,settlement,2,с.Косозен,Қосөзен а.
196843202,NK RK 11-2025,settlement,2,уч.Малый Караой,Кіші Қараой уч.
196843300,NK RK 11-2025,settlement,2,с.Нургиса Тлендиев,Нұрғиса Тілендиев а.
196845000,NK RK 11-2025,sub_district,2,Куртинский с.о.,Қүрті а.о.
196845100,NK RK 11-2025,settlement,2,с.Акши,Ақши а.
196845200,NK RK 11-2025,settlement,2,с.Курты,Күрті а.
196847000,NK RK 11-2025,sub_district,2,Байсеркенский с.о.,Байсерке а.о.
196847100,NK RK 11-2025,settlement,2,с.Байсерке,Байсерке а.
196847200,NK RK 11-2025,settlement,2,с.Али,Әлі а.
196847500,NK RK 11-2025,settlement,2,с.Коктерек,Көктерек а.
196849000,NK RK 11-2025,sub_district,2,с.о.Ақсай,Ақсай а.о.
196849100,NK RK 11-2025,settlement,2,с.Ақсай,Ақсай а.
196849102,NK RK 11-2025,settlement,2,Подстанция,Қосалқыстанса
196849104,NK RK 11-2025,settlement,2,МТФ 1,МТФ 1
196849105,NK RK 11-2025,settlement,2,РСУ,РСУ
196849107,NK RK 11-2025,settlement,2,Плотина,Бөгет
196849109,NK RK 11-2025,settlement,2,Бригада 1,Бригада 1
196849111,NK RK 11-2025,settlement,2,Бригада 2,Бригада 2
196849121,NK RK 11-2025,settlement,2,Бригада 11,Бригада 11
196849200,NK RK 11-2025,settlement,2,с.Екпинды,Екпінді а.
196849300,NK RK 11-2025,settlement,2,с.Жаугашты,Жауғашты а.
196855000,NK RK 11-2025,sub_district,2,с.о.Байкент,Байкент а.о.
196855100,NK RK 11-2025,settlement,2,с.Байкент,Байкент а.
230000000,NK RK 11-2025,oblast,0,Атырауская область,Атырау облысы
231000000,NK RK 11-2025,district,3,Атырау Г.А.,Атырау Қ.Ә.
231010000,NK RK 11-2025,sub_district,1,г.Атырау,Атырау қ.
231035000,NK RK 11-2025,sub_district,2,Атырауский с.о.,Атырау а.о.
231035100,NK RK 11-2025,settlement,2,с.Қызыл балық,Қызыл балық а.
231035102,NK RK 11-2025,settlement,2,с.Золотенок,Золотенок а.
231035103,NK RK 11-2025,settlement,2,Ферма,Ферма
231035200,NK RK 11-2025,settlement,2,с.Жанаталап,Жаңаталап а.
231035202,NK RK 11-2025,settlement,2,с.Зарослый,Зарослый а.
231035203,NK RK 11-2025,settlement,2,Ферма,Ферма
231035300,NK RK 11-2025,settlement,2,с.Курмангазы,Құрманғазы а.
231035302,NK RK 11-2025,settlement,2,Ферма,Ферма
231036000,NK RK 11-2025,sub_district,2,Алмалинский с.о.,Алмалы а.о.
231036100,NK RK 11-2025,settlement,2,с.Алмалы,Алмалы а.
231036200,NK RK 11-2025,settlement,2,с.Береке,Береке а.
231043000,NK RK 11-2025,sub_district,2,Дамбинский с.о.,Дамбы а.о.
231043100,NK RK 11-2025,settlement,2,с.Дамба,Дамба а.
231043300,NK RK 11-2025,settlement,2,с.Амангельды,Амангелді а.
231045000,NK RK 11-2025,sub_district,2,Еркинкалинский с.о.,Еркінқала а.о.
231045100,NK RK 11-2025,settlement,2,с.Еркинкала,Еркінқала а.
231045200,NK RK 11-2025,settlement,2,с.Ракуша,Ракуша а.
231045202,NK RK 11-2025,settlement,2,с.Сарыузек,Сарыөзек а.
231049000,NK RK 11-2025,sub_district,2,Кенузекский с.о.,Кеңөзек а.о.
231049100,NK RK 11-2025,settlement,2,с.Таскала,Тасқала а.
231053000,NK RK 11-2025,sub_district,2,Каиршахтинский с.о.,Қайыршақты а.о.
231053100,NK RK 11-2025,settlement,2,с.Томарлы,Томарлы а.
231053102,NK RK 11-2025,settlement,2,с.Алменкайыр,Әлменқайыр а.
231053103,NK RK 11-2025,settlement,2,с.Грека,Грека а.
231053104,NK RK 11-2025,settlement,2,с.Карталы,Қарталы а.
231053105,NK RK 11-2025,settlement,2,с.Стандарт,Стандарт а.
231053106,NK RK 11-2025,settlement,2,с.Талиши,Таліші а.
231053107,NK RK 11-2025,settlement,2,с.Тукей,Түкей а.
231053108,NK RK 11-2025,settlement,2,с.Шагырлы,Шағырлы а.
231053200,NK RK 11-2025,settlement,2,с.Бесикты,Бесікті а.
231053202,NK RK 11-2025,settlement,2,с.Аспа,Аспа а.
231053203,NK RK 11-2025,settlement,2,с.Калмаккора,Қалмаққора а.
231053204,NK RK 11-2025,settlement,2,Пионерлагерь,Пионерлагер
231053205,NK RK 11-2025,settlement,2,с.Сокол,Сокол а.
231053300,NK RK 11-2025,settlement,2,с.Талкайран,Талқайран а.
231053400,NK RK 11-2025,settlement,2,с.Аксай,Ақсай а.
231053500,NK RK 11-2025,settlement,2,с.Акжар,Ақжар а.
233600000,NK RK 11-2025,district,4,Жылыойский район,Жылыой ауданы
233620000,NK RK 11-2025,sub_district,1,Кульсаринская г.а.,Құлсары қ.ә.
233620100,NK RK 11-2025,settlement,1,г.Кульсары,Құлсары қ.
233633000,NK RK 11-2025,sub_district,2,Аккизтогайский с.о.,Ақкиізтоғай а.о.
233633100,NK RK 11-2025,settlement,2,с.Аккизтогай,Ақкиізтоғай а.
233635000,NK RK 11-2025,sub_district,2,Жемский с.о.,Жем а.о.
233635100,NK RK 11-2025,settlement,2,с.Тургызба,Тұрғызба а.
233635109,NK RK 11-2025,settlement,2,с.Тасшагил,Тасшағыл а.
233635300,NK RK 11-2025,settlement,2,с.Караша,Қараша а.
233635304,NK RK 11-2025,settlement,2,с.Бейбит,Бейбіт а.
233635305,NK RK 11-2025,settlement,2,с.Естекбай,Естекбай а.
233635306,NK RK 11-2025,settlement,2,с.Кызылини,Қызылиін а.
233635307,NK RK 11-2025,settlement,2,с.Сарышагыл,Сарышағыл а.
233635309,NK RK 11-2025,settlement,2,с.Шынтемир,Шынтемір а.
233635400,NK RK 11-2025,settlement,2,с.Койсары,Қойсары а.
233637000,NK RK 11-2025,sub_district,2,Караарнинский с.о.,Қараарна а.о.
233637100,NK RK 11-2025,settlement,2,с.Шокпартогай,Шоқпартоғай а.
233639000,NK RK 11-2025,sub_district,2,Жана Каратонская п.а.,Жаңа Қаратон к.ә.
233639100,NK RK 11-2025,settlement,2,п.Жана Каратон,Жаңа Қаратон к.
233643000,NK RK 11-2025,sub_district,2,Косчагилский с.о.,Қосшағыл а.о.
233643100,NK RK 11-2025,settlement,2,с.Косчагил,Қосшағыл а.
233643102,NK RK 11-2025,settlement,2,с.Акинген,Ақінген а.
233643105,NK RK 11-2025,settlement,2,с.Жартышеке,Жартышеке а.
233643107,NK RK 11-2025,settlement,2,с.Толес,Төлес а.
233643300,NK RK 11-2025,settlement,2,с.Карагай,Қарағай а.
233643302,NK RK 11-2025,settlement,2,с.Ушкан,Ұшқан а.
233645000,NK RK 11-2025,sub_district,2,Майкомгенский с.о.,Майкомген а.о.
233645100,NK RK 11-2025,settlement,2,с.Майкомген,Майкомген а.
233645102,NK RK 11-2025,settlement,2,с.Акинген,Ақінген а.
233645104,NK RK 11-2025,settlement,2,с.Азнакул,Азнақұл а.
233645105,NK RK 11-2025,settlement,2,с.Дарибай,Дәрібай а.
233645106,NK RK 11-2025,settlement,2,Сарай Дуйшикова,Дүйшіков қорасы
233645107,NK RK 11-2025,settlement,2,с.Байнияз,Байнияз а.
233645108,NK RK 11-2025,settlement,2,с.Досжаншагыл,Досжаншағыл а.
233645109,NK RK 11-2025,settlement,2,с.Жаманшабай,Жаманшабай а.
233645111,NK RK 11-2025,settlement,2,с.Коныркудык,Қоңырқұдық а.
233645112,NK RK 11-2025,settlement,2,с.Койкын,Қойқын а.
233645113,NK RK 11-2025,settlement,2,с.Куракбаев,Құрақбаев а.
233645114,NK RK 11-2025,settlement,2,Сарай Сахаба,Сахаба қорасы
233645115,NK RK 11-2025,settlement,2,Железнодорожная ст.465,Теміржол ст.465
233645118,NK RK 11-2025,settlement,2,с.Шагырлы 1,Шағырлы 1 а.
233645121,NK RK 11-2025,settlement,2,Сарай Юханова,Юханов қорасы
233645123,NK RK 11-2025,settlement,2,с.Камыскора,Қамысқора а.
233645125,NK RK 11-2025,settlement,2,с.Каует,Кәует а.
233645127,NK RK 11-2025,settlement,2,с.Косекти,Қосекті а.
233645129,NK RK 11-2025,settlement,2,с.Надиркул,Нәдіркөл а.
233645131,NK RK 11-2025,settlement,2,с.Отеген,Өтеген а.
233645135,NK RK 11-2025,settlement,2,с.Таскудык,Тасқұдық а.
234000000,NK RK 11-2025,district,2,Индерский район,Индер ауданы
234030000,NK RK 11-2025,sub_district,2,Индерборская п.а.,Индербор к.ә.
234030100,NK RK 11-2025,settlement,2,п.Индерборский,Индербор к.
234033000,NK RK 11-2025,sub_district,2,Боденевский с.о.,Бөдене а.о.
234033100,NK RK 11-2025,settlement,2,с.Бодене,Бөдене а.
234033102,NK RK 11-2025,settlement,2,с.Алгабас,Алғабас а.
234033103,NK RK 11-2025,settlement,2,уч.Жакесбай,Жакесбай уч.
234033105,NK RK 11-2025,settlement,2,с.Кособа,Кособа а.
234033107,NK RK 11-2025,settlement,2,Дом лесника,Орманшы үйі
234035000,NK RK 11-2025,sub_district,2,с.о. Елтай,Елтай а.о.
234035100,NK RK 11-2025,settlement,2,с.Елтай,Елтай а.
234035102,NK RK 11-2025,settlement,2,с.Асиреп,Әсіреп а.
234035103,NK RK 11-2025,settlement,2,с.Алимкызыл,Әлімқызыл а.
234035104,NK RK 11-2025,settlement,2,с.Айсакызыл,Айсақызыл а.
234035105,NK RK 11-2025,settlement,2,с.Аленсоры,Аленсоры а.
234035106,NK RK 11-2025,settlement,2,с.Алатобе,Алатөбе а.
234035107,NK RK 11-2025,settlement,2,с.Алмаагаш,Алмаағаш а.
234035109,NK RK 11-2025,settlement,2,с.Байбоз,Байбоз а.
234035111,NK RK 11-2025,settlement,2,с.Багырлай,Бағырлай а.
234035112,NK RK 11-2025,settlement,2,с.Басшыккан,Басшыққан а.
234035113,NK RK 11-2025,settlement,2,уч.Бозтобе 1,Бозтөбе 1 уч.
234035114,NK RK 11-2025,settlement,2,уч.Бозтобе 2,Бозтөбе 2 уч.
234035115,NK RK 11-2025,settlement,2,уч.Дамба 1,Дамба 1 уч.
234035116,NK RK 11-2025,settlement,2,уч.Дамба 2,Дамба 2 уч.
234035118,NK RK 11-2025,settlement,2,уч.Донга,Донға уч.
234035119,NK RK 11-2025,settlement,2,Лечебно-оздоровительное,Емдеу-сауықтыру орны
234035121,NK RK 11-2025,settlement,2,уч.Елши 1,Елші 1 уч.
234035122,NK RK 11-2025,settlement,2,уч.Елши 2,Елші 2уч.
234035123,NK RK 11-2025,settlement,2,уч.Елши 3,Елші 3 уч.
234035124,NK RK 11-2025,settlement,2,уч.Елши 4,Елші 4 уч.
234035126,NK RK 11-2025,settlement,2,уч.Жалгызагаш,Жалғызағаш уч.
234035127,NK RK 11-2025,settlement,2,с.Жаманкора 1,Жаманқора 1 а.
234035128,NK RK 11-2025,settlement,2,с.Жаманкора 2,Жаманқора 2 а.
234035129,NK RK 11-2025,settlement,2,с.Жанаман,Жанаман а.
234035131,NK RK 11-2025,settlement,2,с.Жаксынынаягысынган,Жақсыныңаяғысынған а.
234035132,NK RK 11-2025,settlement,2,с.Жыбырлак,Жыбырлақ а.
234035133,NK RK 11-2025,settlement,2,уч.Жыракудык 1,Жырақұдық 1 уч.
234035134,NK RK 11-2025,settlement,2,уч.Жыракудык 2,Жырақұдық 2 уч.
234035135,NK RK 11-2025,settlement,2,с.Кабденкудык,Қабденқұдық а.
234035136,NK RK 11-2025,settlement,2,уч.Калыбай 1,Қалыбай 1 уч.
234035137,NK RK 11-2025,settlement,2,уч.Карсакбай,Қарсақбай уч.
234035139,NK RK 11-2025,settlement,2,уч.Кызылтобе 1,Қызылтөбе 1 уч.
234035141,NK RK 11-2025,settlement,2,уч.Кызылтобе 2,Қызылтөбе 2 уч.
234035142,NK RK 11-2025,settlement,2,уч.Кызылтобе 3,Қызылтөбе 3 уч.
234035143,NK RK 11-2025,settlement,2,уч.Козбагар,Қозыбағар уч.
234035144,NK RK 11-2025,settlement,2,уч.Коктобе,Көктөбе уч.
234035145,NK RK 11-2025,settlement,2,уч.Костан 1,Қостан 1 уч.
234035148,NK RK 11-2025,settlement,2,уч.Кобданкызыл,Қобданқызыл уч.
234035152,NK RK 11-2025,settlement,2,ст.Нефтекачки,Мұнайайдау ст.
234035154,NK RK 11-2025,settlement,2,уч.Сазды,Сазды уч.
234035155,NK RK 11-2025,settlement,2,с.Сарыкабак 1,Сарықабақ 1 а.
234035156,NK RK 11-2025,settlement,2,с.Сарыкабак 2,Сарықабақ 2 а.
234035157,NK RK 11-2025,settlement,2,с.Сейт,Сейіт а.
234035162,NK RK 11-2025,settlement,2,с.Отек,Өтек а.
234035163,NK RK 11-2025,settlement,2,уч.Уштобе,Үштөбе уч.
234035164,NK RK 11-2025,settlement,2,с.Шалпак,Шалпақ а.
234035165,NK RK 11-2025,settlement,2,с.Шубалан,Шұбалаң а.
234035166,NK RK 11-2025,settlement,2,с.Шайбас 1,Шайбас 1 а.
234035167,NK RK 11-2025,settlement,2,с.Шайбас 2,Шайбас 2 а.
234035169,NK RK 11-2025,settlement,2,Каменный цех,Тас цехы
234035200,NK RK 11-2025,settlement,2,с. Аккала,Аққала а.
234035202,NK RK 11-2025,settlement,2,Дача,Саябақ
234035203,NK RK 11-2025,settlement,2,с.Кызылтумсык,Қызылтұмсық а.
234037000,NK RK 11-2025,sub_district,2,Жарсуатский с.о.,Жарсуат а.о.
234037100,NK RK 11-2025,settlement,2,с. Жарсуат,Жарсуат а.
234037102,NK RK 11-2025,settlement,2,уч.Бозым,Бозым уч.
234037200,NK RK 11-2025,settlement,2,с.Актан,Ақтаң а.
234037202,NK RK 11-2025,settlement,2,уч.Баймаганбет,Баймағанбет уч.
234037500,NK RK 11-2025,settlement,2,с.Кетебай,Кетебай а.
234037505,NK RK 11-2025,settlement,2,уч.Жамансай,Жамансай уч.
234037506,NK RK 11-2025,settlement,2,уч.Жорык,Жорық уч.
234037507,NK RK 11-2025,settlement,2,уч.Кырыккудык,Қырыққұдық уч.
234037508,NK RK 11-2025,settlement,2,уч.Кусай,Қусай уч.
234037509,NK RK 11-2025,settlement,2,уч.Куат,Қуат уч.
234037511,NK RK 11-2025,settlement,2,уч.Мыктыбай,Мықтыбай уч.
234037512,NK RK 11-2025,settlement,2,уч.Мита,Мита уч.
234037514,NK RK 11-2025,settlement,2,уч.Орлай,Орлай уч.
234037515,NK RK 11-2025,settlement,2,уч.Таскудык 1,Тасқұдық 1 уч.
234037600,NK RK 11-2025,settlement,2,с.Курылыс,Құрылыс а.
234037602,NK RK 11-2025,settlement,2,уч.Жаманкудык 1,Жаманқұдық 1 уч.
234037603,NK RK 11-2025,settlement,2,уч.Жаманкудык 2,Жаманқұдық 2 уч.
234037604,NK RK 11-2025,settlement,2,уч.Ескиматеш,Ескімәтеш уч.
234037606,NK RK 11-2025,settlement,2,уч.Кетебай,Кетебай уч.
234037607,NK RK 11-2025,settlement,2,уч.Молымбет 1,Молымбет 1 уч.
234037608,NK RK 11-2025,settlement,2,уч.Сансыз,Сансыз уч.
234037700,NK RK 11-2025,settlement,2,с.Кызылжар,Қызылжар а.
234037703,NK RK 11-2025,settlement,2,уч.Молымбет 2,Молымбет 2 уч.
234043000,NK RK 11-2025,sub_district,2,Коктогайский с.о.,Көктоғай а.о.
234043100,NK RK 11-2025,settlement,2,с.Коктогай,Көктоғай а.
234043103,NK RK 11-2025,settlement,2,с.Актобе,Ақтөбе а.
234043104,NK RK 11-2025,settlement,2,с.Бескорпус,Бескорпус а.
234043106,NK RK 11-2025,settlement,2,с.Избас,Ізбас а.
234043107,NK RK 11-2025,settlement,2,уч.Муханали,Мұқанәлі уч.
234043109,NK RK 11-2025,settlement,2,с.Абугали,Әбуғали а.
234043111,NK RK 11-2025,settlement,2,с.Аман,Аман а.
234043116,NK RK 11-2025,settlement,2,с.Багит,Бағит а.
234043121,NK RK 11-2025,settlement,2,с.Габит,Ғабит а.
234043123,NK RK 11-2025,settlement,2,с.Елемес,Елемес а.
234043124,NK RK 11-2025,settlement,2,с.Ертилеу,Ертілеу а.
234043126,NK RK 11-2025,settlement,2,с.Зайденен,Зайденен а.
234043128,NK RK 11-2025,settlement,2,с.Камзат,Кәмзат а.
234043132,NK RK 11-2025,settlement,2,с.Куангали,Қуанғали а.
234043134,NK RK 11-2025,settlement,2,с.Курмангали,Құрманғали а.
234043135,NK RK 11-2025,settlement,2,с.Максат 1,Мақсат 1 а.
234043137,NK RK 11-2025,settlement,2,с.Мамбет,Мәмбет а.
234043138,NK RK 11-2025,settlement,2,с.Макум,Мақұм а.
234043139,NK RK 11-2025,settlement,2,с.Мейрам,Мейрам а.
234043141,NK RK 11-2025,settlement,2,с.Мугал,Мұғал а.
234043142,NK RK 11-2025,settlement,2,уч.Курмет,Құрмет уч.
234043143,NK RK 11-2025,settlement,2,с.Мухит,Мұхит а.
234043146,NK RK 11-2025,settlement,2,уч.Айбат,Айбат уч.
234043148,NK RK 11-2025,settlement,2,уч.Узакбай,Ұзақбай уч.
234043149,NK RK 11-2025,settlement,2,с.Тарих,Тарих а.
234043151,NK RK 11-2025,settlement,2,с.Тилеш 1,Тілеш 1 а.
234043154,NK RK 11-2025,settlement,2,с.Тулеуиш,Түлеліш а.
234045000,NK RK 11-2025,sub_district,2,с.о. Есбол,Есбол а.о.
234045100,NK RK 11-2025,settlement,2,с.Есбол,Есбол а.
234045102,NK RK 11-2025,settlement,2,уч.Маринка,Маринка уч.
234045103,NK RK 11-2025,settlement,2,уч.Умирали,Өмірәлі уч.
234045109,NK RK 11-2025,settlement,2,уч.Аленсоры,Аленсоры уч.
234045111,NK RK 11-2025,settlement,2,уч.Акселеули 1,Ақселеулі 1 уч.
234045112,NK RK 11-2025,settlement,2,уч.Акселеули 2,Ақселеулі 2 уч.
234045113,NK RK 11-2025,settlement,2,уч.Бесбау,Бесбау уч.
234045115,NK RK 11-2025,settlement,2,уч.Бекайдар,Бекайдар уч.
234045117,NK RK 11-2025,settlement,2,уч.Елеусин,Елеусін уч.
234045125,NK RK 11-2025,settlement,2,уч.Жалпак,Жалпақ уч.
234045126,NK RK 11-2025,settlement,2,уч.Кырошагы,Қырошағы уч.
234045129,NK RK 11-2025,settlement,2,уч.Кармыс,Қармыс уч.
234045131,NK RK 11-2025,settlement,2,уч.Караоба,Қараоба уч.
234045132,NK RK 11-2025,settlement,2,уч.Кайсагали,Қайсағали уч.
234045137,NK RK 11-2025,settlement,2,уч.Мукангазы,Мұқанғазы уч.
234045139,NK RK 11-2025,settlement,2,уч.Салимшолак,Сәлімшолақ уч.
234045141,NK RK 11-2025,settlement,2,уч.Теренкызым,Тереңқызым уч.
234045142,NK RK 11-2025,settlement,2,уч.Токпай 1,Тоқпай 1 уч.
234045143,NK RK 11-2025,settlement,2,уч.Токпай 2,Тоқпай 2 уч.
234045144,NK RK 11-2025,settlement,2,уч.Тума,Тума уч.
234045145,NK RK 11-2025,settlement,2,уч.Шегенди,Шегенді уч.
234045147,NK RK 11-2025,settlement,2,уч.Учаша,Үшаша уч.
234045200,NK RK 11-2025,settlement,2,с.Ынтымак,Ынтымақ а.
234047000,NK RK 11-2025,sub_district,2,Орликовский с.о.,Өрлік а.о.
234047100,NK RK 11-2025,settlement,2,с.Орлик,Өрлік а.
234047102,NK RK 11-2025,settlement,2,уч.Абдрахман,Әбдірахман уч.
234047103,NK RK 11-2025,settlement,2,уч.Айтурган,Айтұрған уч.
234047104,NK RK 11-2025,settlement,2,уч.Амангали,Аманғали уч.
234047105,NK RK 11-2025,settlement,2,уч.Жарыкбас,Жарықбас уч.
234047106,NK RK 11-2025,settlement,2,уч.Егинди,Егінді уч.
234047107,NK RK 11-2025,settlement,2,уч.Кабекенкызыл,Қабекенқызыл уч.
234047108,NK RK 11-2025,settlement,2,уч.Кызылуй,Қызылүй уч.
234047109,NK RK 11-2025,settlement,2,уч.Топалан 1,Топалаң 1 уч.
234047111,NK RK 11-2025,settlement,2,уч.Топалан 2,Топалаң 2 уч.
234047112,NK RK 11-2025,settlement,2,уч.Таскудык,Тасқұдық уч.
234047113,NK RK 11-2025,settlement,2,уч.Тулкили,Түлкілі уч.
234047114,NK RK 11-2025,settlement,2,уч.Ушкызыл,Үшқызыл уч.
234047115,NK RK 11-2025,settlement,2,с.Буганай,Бұғанай а.
234047116,NK RK 11-2025,settlement,2,с.Жанали,Жанәлі а.
234047117,NK RK 11-2025,settlement,2,с.Жулдыз,Жұлдыз а.
234047118,NK RK 11-2025,settlement,2,с.Кабдолла,Қабдолла а.
234047119,NK RK 11-2025,settlement,2,с.Каражал,Қаражал а.
234047121,NK RK 11-2025,settlement,2,с.Кашкын,Қашқын а.
234047122,NK RK 11-2025,settlement,2,с.Кекши,Кекші а.
234047123,NK RK 11-2025,settlement,2,с.Кызылкабак,Қызылқабақ а.
234047124,NK RK 11-2025,settlement,2,с.Сыралы,Сырәлі а.
234047126,NK RK 11-2025,settlement,2,с.Теренкудык,Тереңқұдық а.
234047127,NK RK 11-2025,settlement,2,с.Тума,Тума а.
234047128,NK RK 11-2025,settlement,2,с.Шашакбосага,Шашақбосаға а.
234047129,NK RK 11-2025,settlement,2,с.Жиек,Жиек а.
234047131,NK RK 11-2025,settlement,2,уч.5,Бесінші уч.
234200000,NK RK 11-2025,district,2,Исатайский район,Исатай ауданы
234230000,NK RK 11-2025,sub_district,2,Аккистауский с.о.,Аққыстау а.о.
234230100,NK RK 11-2025,settlement,2,с.Аккистау,Аққыстау а.
234230105,NK RK 11-2025,settlement,2,с.Есиркеп,Есіркеп а.
234230108,NK RK 11-2025,settlement,2,с.Шыныбек,Шыныбек а.
234230200,NK RK 11-2025,settlement,2,с.Оркен,Өркен а.
234230300,NK RK 11-2025,settlement,2,рзд.17,рзд.17
234235000,NK RK 11-2025,sub_district,2,Жанбайский с.о.,Жанбай а.о.
234235100,NK RK 11-2025,settlement,2,с.Жанбай,Жанбай а.
234235105,NK RK 11-2025,settlement,2,с.Манаш,Манаш а.
234237000,NK RK 11-2025,sub_district,2,Зинеденский с.о.,Зинеден а.о.
234237100,NK RK 11-2025,settlement,2,с.Зинеден,Зинеден а.
234237200,NK RK 11-2025,settlement,2,с.Амангельды,Амангелді а.
234239000,NK RK 11-2025,sub_district,2,Исатайский с.о.,Исатай а.о.
234239100,NK RK 11-2025,settlement,2,с.Исатай,Исатай а.
234239103,NK RK 11-2025,settlement,2,с.Байгожа,Байғожа а.
234239105,NK RK 11-2025,settlement,2,с.Досыгул,Досығұл а.
234239106,NK RK 11-2025,settlement,2,с.Жети аул,Жеті ауыл а.
234239107,NK RK 11-2025,settlement,2,с.Мусакай,Мұсақай а.
234239109,NK RK 11-2025,settlement,2,с.Ташентобе,Ташентөбе а.
234239111,NK RK 11-2025,settlement,2,с.Шегирбай,Шегірбай а.
234241000,NK RK 11-2025,sub_district,2,Нарынский с.о.,Нарын а.о.
234241100,NK RK 11-2025,settlement,2,с.Нарын,Нарын а.
234241300,NK RK 11-2025,settlement,2,с.Жана Жанбай,Жаңа Жанбай а.
234241600,NK RK 11-2025,settlement,2,с.Мынтобе,Мыңтөбе а.
234243000,NK RK 11-2025,sub_district,2,Камыскалинский с.о.,Қамысқала а.о.
234243100,NK RK 11-2025,settlement,2,с.Хамита Ергалиева,Хамит Ерғалиев а.
234243102,NK RK 11-2025,settlement,2,с.Аккутир,Аққұтыр а.
234243103,NK RK 11-2025,settlement,2,с.Жанкелди,Женкелді а.
234243104,NK RK 11-2025,settlement,2,с.Карашыганак,Карашығанақ а.
234243105,NK RK 11-2025,settlement,2,с.Тасоба,Тасоба а.
234243200,NK RK 11-2025,settlement,2,с.Аукайран,Ауқайран а.
234243202,NK RK 11-2025,settlement,2,с.Конысбай,Қонысбай а.
234243300,NK RK 11-2025,settlement,2,с.Жаскайрат,Жасқайрат а.
234243302,NK RK 11-2025,settlement,2,с.Аусен,Әусен а.
234243305,NK RK 11-2025,settlement,2,с.Кунтей,Күнтей а.
234243306,NK RK 11-2025,settlement,2,с.Куркиретти,Күркіретті а.
234245000,NK RK 11-2025,sub_district,2,Тущыкудыкский с.о.,Тұщыкұдық а.о.
234245100,NK RK 11-2025,settlement,2,с.Тущыкудык,Тұщықұдық а.
234245200,NK RK 11-2025,settlement,2,с.Айбас,Айбас а.
234245202,NK RK 11-2025,settlement,2,с.Ески Айбас,Ескі Айбас а.
234245203,NK RK 11-2025,settlement,2,с.Каражан,Қаражан а.
234245204,NK RK 11-2025,settlement,2,с.Кусконбас,Құсқонбас а.
234245205,NK RK 11-2025,settlement,2,с.Бекайдар,Бекайдар а.
234245206,NK RK 11-2025,settlement,2,с.Козшыл,Қозшыл а.
234245207,NK RK 11-2025,settlement,2,с.Мыстыбай,Мыстыбай а.
234245208,NK RK 11-2025,settlement,2,с.Сарытубе,Сарытөбе а.
234245209,NK RK 11-2025,settlement,2,с.Уш,Үш а.
234245500,NK RK 11-2025,settlement,2,с.Кызылуй,Қызылүй а.
234245502,NK RK 11-2025,settlement,2,с.Кабес,Қабес а.
234245503,NK RK 11-2025,settlement,2,с.Шабдар,Шабдар а.
234600000,NK RK 11-2025,district,2,Курмангазинский район,Құрманғазы ауданы
234630000,NK RK 11-2025,sub_district,2,с.о.Құрманғазы,Құрманғазы а.о.
234630100,NK RK 11-2025,settlement,2,с.Құрманғазы,Құрманғазы а.
234633000,NK RK 11-2025,sub_district,2,Азгирский с.о.,Азғыр а.о.
234633100,NK RK 11-2025,settlement,2,с.Балкудук,Балқұдық а.
234633200,NK RK 11-2025,settlement,2,с.Азгир,Азғыр а.
234633400,NK RK 11-2025,settlement,2,с.Коныртерек,Қоңыртерек а.
234635000,NK RK 11-2025,sub_district,2,Аккольский с.о.,Ақкөл а.о.
234635100,NK RK 11-2025,settlement,2,с.Акколь,Ақкөл а.
234636000,NK RK 11-2025,sub_district,2,Асанский с.о.,Асан а.о.
234636100,NK RK 11-2025,settlement,2,с.Асан,Асан а.
234636400,NK RK 11-2025,settlement,2,с.Уштаган,Ұштаған а.
234637000,NK RK 11-2025,sub_district,2,с.о.Бөкейхан,Бөкейхан а.о.
234637100,NK RK 11-2025,settlement,2,с.Бөкейхан,Бөкейхан а.
234639000,NK RK 11-2025,sub_district,2,Бирликский с.о.,Бірлік а.о.
234639100,NK RK 11-2025,settlement,2,с.Бирлик,Бірлік а.
234639200,NK RK 11-2025,settlement,2,с.Амангельды,Аманкелді а.
234645000,NK RK 11-2025,sub_district,2,Дынгызылский с.о.,Дыңқызыл а.о.
234645100,NK RK 11-2025,settlement,2,с.Жыланды,Жыланды а.
234645300,NK RK 11-2025,settlement,2,с.Гизата Алипова,Ғизат Әліпов а.
234647000,NK RK 11-2025,sub_district,2,Енбекшинский с.о.,Еңбекші а.о.
234647100,NK RK 11-2025,settlement,2,с.Жумекен,Жұмекен а.
234647200,NK RK 11-2025,settlement,2,с.Даулеткерей,Дәулеткерей а.
234647300,NK RK 11-2025,settlement,2,с.Кадырка,Қадырка а.
234647400,NK RK 11-2025,settlement,2,с.Кошалак,Қошалақ а.
234649000,NK RK 11-2025,sub_district,2,с.о. Орлы,Орлы а.о.
234649100,NK RK 11-2025,settlement,2,с.Орлы,Орлы а.
234649200,NK RK 11-2025,settlement,2,с.Каспий,Каспий а.
234649300,NK RK 11-2025,settlement,2,с.Шестой,Шестой а.
234651000,NK RK 11-2025,sub_district,2,Коптогайский с.о.,Көптоғай а.о.
234651100,NK RK 11-2025,settlement,2,с.Коптогай,Көптоғай а.
234651400,NK RK 11-2025,settlement,2,с.Балыкши,Балықшы а.
234653000,NK RK 11-2025,sub_district,2,с.о.Жаңаталап,Жаңаталап а.о.
234653100,NK RK 11-2025,settlement,2,с.Хиуаз,Хиуаз а.
234653200,NK RK 11-2025,settlement,2,с.Большой Куйген,Үлкенкүйген а.
234653300,NK RK 11-2025,settlement,2,с.Жасарал,Жасарал а.
234653400,NK RK 11-2025,settlement,2,с.Шагырлы,Шағырлы а.
234655000,NK RK 11-2025,sub_district,2,Кудряшовский с.о.,Кудряшов а.о.
234655100,NK RK 11-2025,settlement,2,с.Кудряшево,Кудряшев а.
234655200,NK RK 11-2025,settlement,2,с.Жанаауыл,Жаңаауыл а.
234655300,NK RK 11-2025,settlement,2,с. Арна,Арна а.
234656000,NK RK 11-2025,sub_district,2,Кигашский с.о.,Қиғаш а.о.
234656100,NK RK 11-2025,settlement,2,с.Кигач,Қиғаш а.
234656200,NK RK 11-2025,settlement,2,рзд.Нурпеисовой,рзд.Нұрпейісова
234657000,NK RK 11-2025,sub_district,2,Макашский с.о.,Мақаш а.о.
234657100,NK RK 11-2025,settlement,2,с.Алга,Алға а.
234657300,NK RK 11-2025,settlement,2,с.Алипова,Әліпов а.
234657400,NK RK 11-2025,settlement,2,с.Иманово,Иманов а.
234657500,NK RK 11-2025,settlement,2,с.Кокарна,Көкарна а.
234657600,NK RK 11-2025,settlement,2,с.Караколь,Қаракөл а.
234657900,NK RK 11-2025,settlement,2,рзд.Афанасьева,рзд.Афанфсьев
234659000,NK RK 11-2025,sub_district,2,Нуржауский с.о.,Нұржау а.о.
234659100,NK RK 11-2025,settlement,2,с.Нуржау,Нұржау а.
234659300,NK RK 11-2025,settlement,2,с.Жамбыл,Жамбыл а.
234663000,NK RK 11-2025,sub_district,2,Тенизский с.о.,Теңіз а.о.
234663100,NK RK 11-2025,settlement,2,с.Теңіз,Теңіз а.
234663200,NK RK 11-2025,settlement,2,с.Кумаргали,Құмарғали а.
234663300,NK RK 11-2025,settlement,2,с.Даулет,Дәулет а.
234663400,NK RK 11-2025,settlement,2,с.Шайхы,Шайхы а.
234665000,NK RK 11-2025,sub_district,2,Сафоновский с.о.,Сафонов а.о.
234665100,NK RK 11-2025,settlement,2,с.Сафоновка,Сафоновка а.
234667000,NK RK 11-2025,sub_district,2,Суюндукский с.о.,Сүйіндік а.о.
234667100,NK RK 11-2025,settlement,2,с.Суюндук,Сүйіндік а.
234667200,NK RK 11-2025,settlement,2,с.Батырбек,Батырбек а.
234667300,NK RK 11-2025,settlement,2,с.Егинкудук,Егінқұдық а.
234667400,NK RK 11-2025,settlement,2,с.Жалгызапан,Жалғызапан а.
234669000,NK RK 11-2025,sub_district,2,Шортанбайский с.о.,Шортанбай а.о.
234669100,NK RK 11-2025,settlement,2,с.Шортанбай,Шортанбай а.
234669200,NK RK 11-2025,settlement,2,с.Жасталап,Жасталап а.
234800000,NK RK 11-2025,district,2,Кзылкогинский район,Қызылқоға ауданы
234830000,NK RK 11-2025,sub_district,2,Миялинский с.о.,Миялы а.о.
234830100,NK RK 11-2025,settlement,2,с.Миялы,Миялы а.
234835000,NK RK 11-2025,sub_district,2,Жамбылский с.о.,Жамбыл а.о.
234835100,NK RK 11-2025,settlement,2,с.Караколь,Қаракөл а.
234835102,NK RK 11-2025,settlement,2,с.Байгонды,Байғонды а.
234835103,NK RK 11-2025,settlement,2,с.Бегей,Бегей а.
234835104,NK RK 11-2025,settlement,2,с.Досым,Досым а.
234835106,NK RK 11-2025,settlement,2,с.Кайсары,Қайсары а.
234835107,NK RK 11-2025,settlement,2,с.Кога,Қоға а.
234835108,NK RK 11-2025,settlement,2,с.Оразбай,Оразбай а.
234835109,NK RK 11-2025,settlement,2,с.Айжарык,Айжарық а.
234835111,NK RK 11-2025,settlement,2,с.Арыстангали,Арыстанғали а.
234835112,NK RK 11-2025,settlement,2,с.Байшуак,Байшуақ а.
234835200,NK RK 11-2025,settlement,2,с.Айдын,Айдын а.
234835202,NK RK 11-2025,settlement,2,с.Алабие,Алабие а.
234835203,NK RK 11-2025,settlement,2,с.Кызылмешит,Қызылмешіт а.
234837000,NK RK 11-2025,sub_district,2,Джангельдинский с.о.,Жангелдин а.о.
234837100,NK RK 11-2025,settlement,2,с.Жангельдино,Жангелдин а.
234837102,NK RK 11-2025,settlement,2,с.Болектобе,Бөлектөбе а.
234837103,NK RK 11-2025,settlement,2,с.Есмырза,Есмырза а.
234837104,NK RK 11-2025,settlement,2,с.Кабанкудык,Қабанқұдық а.
234837105,NK RK 11-2025,settlement,2,с.Кенен,Кенен а.
234837106,NK RK 11-2025,settlement,2,с.Колдеукудык,Көлдеуқұдық а.
234837107,NK RK 11-2025,settlement,2,с.Кобек,Көбек а.
234837108,NK RK 11-2025,settlement,2,с.Киндиксай,Кіндіксай а.
234837109,NK RK 11-2025,settlement,2,с.Салмен,Сәлмен а.
234837111,NK RK 11-2025,settlement,2,с.Танбай,Таңбай а.
234837112,NK RK 11-2025,settlement,2,с.Шиликудык,Шиліқұдық а.
234837114,NK RK 11-2025,settlement,2,с.Аксай,Ақсай а.
234837115,NK RK 11-2025,settlement,2,с.Аяпберген 1,Аяпберген 1 а.
234837116,NK RK 11-2025,settlement,2,с.Аяпберген 2,Аяпберген 2 а.
234837117,NK RK 11-2025,settlement,2,с.Байсеутобе,Бәйсеутөбе а.
234837118,NK RK 11-2025,settlement,2,с.Досан,Досан а.
234837119,NK RK 11-2025,settlement,2,с.Жага,Жаға а.
234837121,NK RK 11-2025,settlement,2,с.Кулпейс,Күлпейс а.
234837122,NK RK 11-2025,settlement,2,с.Курмангазы,Құрманғазы а.
234837123,NK RK 11-2025,settlement,2,с.Мосыагаш,Мосыағаш а.
234837124,NK RK 11-2025,settlement,2,с.Темирбай,Темірбай а.
234837125,NK RK 11-2025,settlement,2,с.Туяккали,Тұяққали а.
234837126,NK RK 11-2025,settlement,2,с.Уки,Үкі а.
234837127,NK RK 11-2025,settlement,2,с.Шыганколь,Шығанкөл а.
234839000,NK RK 11-2025,sub_district,2,Коздыгаринский с.о.,Көздіқара а.о.
234839100,NK RK 11-2025,settlement,2,с.Коныстану,Қоныстану а.
234839105,NK RK 11-2025,settlement,2,уч.Аккул,Аққұл уч.
234839106,NK RK 11-2025,settlement,2,уч.Жарма,Жарма уч.
234839107,NK RK 11-2025,settlement,2,уч.Кокузек,Көкөзек уч.
234839108,NK RK 11-2025,settlement,2,уч.Тумар,Тұмар уч.
234839109,NK RK 11-2025,settlement,2,уч.Тулкибай,Түлкібай уч.
234839111,NK RK 11-2025,settlement,2,уч.Шыгар,Шығар уч.
234839300,NK RK 11-2025,settlement,2,с.Буйрек,Бүйрек а.
234839302,NK RK 11-2025,settlement,2,с.Жайма,Жайма а.
234839303,NK RK 11-2025,settlement,2,с.Жаскайрат,Жасқайрат а.
234839304,NK RK 11-2025,settlement,2,с.Карасай,Қарасай а.
234839305,NK RK 11-2025,settlement,2,с.Кырыкошак,Қырықошақ а.
234839307,NK RK 11-2025,settlement,2,с.Идрис,Ыдырыс а.
234839308,NK RK 11-2025,settlement,2,с.Бектурган,Бектұрған а.
234839309,NK RK 11-2025,settlement,2,уч.Койтан,Қойтан уч.
234839311,NK RK 11-2025,settlement,2,уч.Табылды,Табылды уч.
234839312,NK RK 11-2025,settlement,2,уч.Идирдауит,Ідірдәуіт уч.
234839400,NK RK 11-2025,settlement,2,с.Коскулак,Қосқұлақ а.
234839402,NK RK 11-2025,settlement,2,с.Абдолкора,Абдолқора а.
234839404,NK RK 11-2025,settlement,2,с.Дауылбай,Дауылбай а.
234839405,NK RK 11-2025,settlement,2,с.Камбар 1,Қамбар 1 а.
234839406,NK RK 11-2025,settlement,2,с.Камбар 2,Қамбар 2 а.
234839407,NK RK 11-2025,settlement,2,с.Сырым,Сырым а.
234839409,NK RK 11-2025,settlement,2,уч.Тажыкен,Тажыкен уч.
234839411,NK RK 11-2025,settlement,2,уч.Токтабай,Тоқтабай уч.
234843000,NK RK 11-2025,sub_district,2,Кызылкогинский с.о.,Қызылқоға а.о.
234843100,NK RK 11-2025,settlement,2,с.Карабау,Қарабау а.
234843102,NK RK 11-2025,settlement,2,с.Акшкол,Ақшкол а.
234843103,NK RK 11-2025,settlement,2,с.Жанакудык,Жаңақұдық а.
234843105,NK RK 11-2025,settlement,2,с.Жубан,Жұбан а.
234843106,NK RK 11-2025,settlement,2,с.Кенебай,Кенебай а.
234843107,NK RK 11-2025,settlement,2,с.Омиркора,Өмірқора а.
234843108,NK RK 11-2025,settlement,2,с.Сандыбай,Сәндібай а.
234843109,NK RK 11-2025,settlement,2,с.Сарыколь,Сарыкөл а.
234843111,NK RK 11-2025,settlement,2,с.Торткудык,Төртқұдық а.
234843300,NK RK 11-2025,settlement,2,с.Бухар,Бұхар а.
234843303,NK RK 11-2025,settlement,2,уч.Акмола,Ақмола уч.
234847000,NK RK 11-2025,sub_district,2,Мукурский с.о.,Мұқыр а.о.
234847100,NK RK 11-2025,settlement,2,с.Мукур,Мұқыр а.
234847102,NK RK 11-2025,settlement,2,с.Аккудык,Аққұдық а.
234847104,NK RK 11-2025,settlement,2,с.Коянды,Қоянды а.
234847106,NK RK 11-2025,settlement,2,с.Камкудык,Қамқұдық а.
234847107,NK RK 11-2025,settlement,2,рзд.279,рзд.279
234847108,NK RK 11-2025,settlement,2,с.Талкудык,Талқұдық а.
234847200,NK RK 11-2025,settlement,2,с.Жамансор,Жамансор а.
234847300,NK RK 11-2025,settlement,2,с.Жантерек,Жантерек а.
234847400,NK RK 11-2025,settlement,2,с.Кенбай,Кенбай а.
234847500,NK RK 11-2025,settlement,2,с.Сарыкумак,Сарықұмақ а.
234847504,NK RK 11-2025,settlement,2,с.Кемерши,Кемерші а.
234847505,NK RK 11-2025,settlement,2,с.Кокбулак,Көкбұлақ а.
234847506,NK RK 11-2025,settlement,2,с.Кызылбулак 1,Қызылбұлақ 1 а.
234847507,NK RK 11-2025,settlement,2,с.Кызылбулак 2,Қызылбұлақ 2 а.
234847512,NK RK 11-2025,settlement,2,с.Сарыкумак,Сарықұмақ а.
234847514,NK RK 11-2025,settlement,2,уч.Торткудык,Төртқұдық уч.
234847600,NK RK 11-2025,settlement,2,с.Соркол,Соркөл а.
234847607,NK RK 11-2025,settlement,2,с.Курайлы,Құрайлы а.
234847609,NK RK 11-2025,settlement,2,с.Уры,Ұры а.
234847700,NK RK 11-2025,settlement,2,с.Таскудук,Тасқұдық а.
234849000,NK RK 11-2025,sub_district,2,Ойылский с.о.,Ойыл а.о.
234849100,NK RK 11-2025,settlement,2,с.Жаскайрат,Жасқайрат а.
234849105,NK RK 11-2025,settlement,2,с.Кожакым,Қожақым а.
234849106,NK RK 11-2025,settlement,2,с.Аскар,Асқар а.
234849107,NK RK 11-2025,settlement,2,с.Айнаш,Айнаш а.
234849108,NK RK 11-2025,settlement,2,с.Акшкол,Ақшкөл а.
234849109,NK RK 11-2025,settlement,2,с.Арыстангали,Арыстанғали а.
234849112,NK RK 11-2025,settlement,2,с.Бериштам,Беріштам а.
234849113,NK RK 11-2025,settlement,2,с.Даулетиман,Дәулетиман а.
234849114,NK RK 11-2025,settlement,2,с.Жаман,Жаман а.
234849115,NK RK 11-2025,settlement,2,с.Сарыкуыс,Сарықуыс а.
234849116,NK RK 11-2025,settlement,2,с.Кокалабие,Көкалабие а.
234849117,NK RK 11-2025,settlement,2,с.Когабай,Қоғабай а.
234849118,NK RK 11-2025,settlement,2,с.Кулынкеткен,Құлынкеткен а.
234849119,NK RK 11-2025,settlement,2,с.Мырзагали,Мырзағали а.
234849121,NK RK 11-2025,settlement,2,с.Нурпейыс,Нұрпейыс а.
234849122,NK RK 11-2025,settlement,2,с.Токтамыс,Тоқтамыс а.
234849123,NK RK 11-2025,settlement,2,с.Тургали,Тұрғали а.
234849124,NK RK 11-2025,settlement,2,уч.Бузаубак,Бұзаубақ уч.
234849125,NK RK 11-2025,settlement,2,уч.Жамибулак,Жәмибұлақ уч.
234849126,NK RK 11-2025,settlement,2,с.Шилиойтан,Шиеліойтаң а.
234849200,NK RK 11-2025,settlement,2,с.Аккора,Аққора а.
234849204,NK RK 11-2025,settlement,2,с.Кулымжан,Құлымжан а.
234849205,NK RK 11-2025,settlement,2,с.Сарыжал,Сарыжал а.
234849206,NK RK 11-2025,settlement,2,с.Сары,Сары а.
234849207,NK RK 11-2025,settlement,2,с.Мырзабайтубек,Мырзабайтүбек а.
234853000,NK RK 11-2025,sub_district,2,Сагизский с.о.,Сағыз а.о.
234853100,NK RK 11-2025,settlement,2,с.Сагиз,Сағыз а.
234853102,NK RK 11-2025,settlement,2,рзд.265,рзд.265
234853103,NK RK 11-2025,settlement,2,с.Сарытогай,Сарытоғай а.
234853105,NK RK 11-2025,settlement,2,уч.Алып-ана,Алып-ана уч.
234853107,NK RK 11-2025,settlement,2,уч.Сарыапан,Сарыапан уч.
234853109,NK RK 11-2025,settlement,2,с.Акжар,Ақжар а.
234853111,NK RK 11-2025,settlement,2,с.Балбулак,Балбұлақ а.
234853112,NK RK 11-2025,settlement,2,с.Жанакора,Жаңақора а.
234853113,NK RK 11-2025,settlement,2,с.Колдеукудык,Көлдеуқұдық а.
234853114,NK RK 11-2025,settlement,2,с.Кандыколь,Қандыкөл а.
234853115,NK RK 11-2025,settlement,2,с.Наршоккен,Наршөккен а.
234853116,NK RK 11-2025,settlement,2,с.Тосши,Төсши а.
234853300,NK RK 11-2025,settlement,2,с.Былкылдакты,Былқылдақты а.
234853303,NK RK 11-2025,settlement,2,с.Арменкора,Арменқора а.
234853400,NK RK 11-2025,settlement,2,с.Кенбай,Кенбай а.
234853402,NK RK 11-2025,settlement,2,с.Кызылсай,Қызылсай а.
234853409,NK RK 11-2025,settlement,2,уч.Килттогай,Кілттоғай уч.
234853500,NK RK 11-2025,settlement,2,с.Коныраулы,Қоңыраулы а.
234853502,NK RK 11-2025,settlement,2,с.Алау,Алау а.
234853504,NK RK 11-2025,settlement,2,с.Узынколь,Ұзынкөл а.
234855000,NK RK 11-2025,sub_district,2,Тасшагильский с.о.,Тасшағыл а.о.
234855100,NK RK 11-2025,settlement,2,с.Тасшагил,Тасшағыл а.
234855200,NK RK 11-2025,settlement,2,с.Когам,Қоғам а.
234855202,NK RK 11-2025,settlement,2,с.Актай,Ақтай а.
234855204,NK RK 11-2025,settlement,2,с.Жанакора 2,Жаңақора 2 а.
234855205,NK RK 11-2025,settlement,2,с.Нурмолда,Нұрмолда а.
234855206,NK RK 11-2025,settlement,2,с.Сарытабан,Сарытабан а.
234855207,NK RK 11-2025,settlement,2,с.64,Алпыстөрт а.
234855209,NK RK 11-2025,settlement,2,с.Шилиарал,Шиліарал а.
234855211,NK RK 11-2025,settlement,2,с.Шубарат,Шубарат а.
234855212,NK RK 11-2025,settlement,2,уч.Атабасы,Атабасы уч.
234855213,NK RK 11-2025,settlement,2,уч.Еркебай,Еркебай уч.
234855214,NK RK 11-2025,settlement,2,уч.Камиякора,Қамияқора уч.
234855215,NK RK 11-2025,settlement,2,уч.Нуржантобе,Нұржантөбе уч.
234855300,NK RK 11-2025,settlement,2,с.Коныстану,Қоныстану а.
234855302,NK RK 11-2025,settlement,2,с.Жондалы,Жондалы а.
234855303,NK RK 11-2025,settlement,2,с.Тасмола,Тасмола а.
234855304,NK RK 11-2025,settlement,2,уч.Акшкол,Ақшкол уч.
234855305,NK RK 11-2025,settlement,2,уч.Атамурат,Ата мұрат уч.
234855306,NK RK 11-2025,settlement,2,уч.Бургенди,Бүргенді уч.
234855307,NK RK 11-2025,settlement,2,уч.Даулетбай,Дәулетбай уч.
234855308,NK RK 11-2025,settlement,2,уч.Досан,Досан уч.
234855309,NK RK 11-2025,settlement,2,уч.Нумукан,Нумұқан уч.
234855311,NK RK 11-2025,settlement,2,уч.Утебай,Өтебай уч.
234855312,NK RK 11-2025,settlement,2,уч.Склад,Склад уч.
234855313,NK RK 11-2025,settlement,2,уч.Турекул,Төреқұл уч.
234859000,NK RK 11-2025,sub_district,2,Тайсойганский с.о.,Тайсойған а.о.
234859100,NK RK 11-2025,settlement,2,с.Тайсойган,Тайсойған а.
234859102,NK RK 11-2025,settlement,2,с.Акшкол 1,Ақшкол 1 а.
234859103,NK RK 11-2025,settlement,2,с.Алтыкулак,Алтықұлақ а.
234859104,NK RK 11-2025,settlement,2,с.Аяпберген 1,Аяпберген 1 а.
234859105,NK RK 11-2025,settlement,2,с.Аяпберген 2,Аяпберген 2 а.
234859106,NK RK 11-2025,settlement,2,с.Аяпберген 3,Аяпберген 3 а.
234859107,NK RK 11-2025,settlement,2,с.Бегенияз,Бегенияз а.
234859108,NK RK 11-2025,settlement,2,с.Бертилеу,Біртілеу а.
234859109,NK RK 11-2025,settlement,2,с.Динтуган,Дінтуған а.
234859111,NK RK 11-2025,settlement,2,с.Жанаис 1,Жаңаиіс 1 а.
234859112,NK RK 11-2025,settlement,2,с.Жанаис 2,Жаңаиіс 2 а.
234859113,NK RK 11-2025,settlement,2,с.Жарболсын,Жарболсын а.
234859114,NK RK 11-2025,settlement,2,с.Иманали,Иманәлі а.
234859115,NK RK 11-2025,settlement,2,с.Коктобе,Көктөбе а.
234859116,NK RK 11-2025,settlement,2,с.Каракожа 1,Қарақожа 1 а.
234859117,NK RK 11-2025,settlement,2,с.Каракожа 2,Қарақожа 2 а.
234859118,NK RK 11-2025,settlement,2,с.Коденбас,Көденбас а.
234859119,NK RK 11-2025,settlement,2,с.Кубаш 1,Құбаш 1 а.
234859121,NK RK 11-2025,settlement,2,с.Кубаш 2,Құбаш 2 а.
234859122,NK RK 11-2025,settlement,2,с.Мансур,Мансұр а.
234859123,NK RK 11-2025,settlement,2,с.Мукаш,Мұқаш а.
234859124,NK RK 11-2025,settlement,2,с.Ойтак,Ойтақ а.
234859125,NK RK 11-2025,settlement,2,с.Омар 1,Омар 1 а.
234859126,NK RK 11-2025,settlement,2,с.Омар 2,Омар 2 а.
234859127,NK RK 11-2025,settlement,2,с.Сарсенбай,Сәрсенбай а.
234859128,NK RK 11-2025,settlement,2,с.Сарыкожек,Сарыкөжек а.
234859129,NK RK 11-2025,settlement,2,с.Тайлакбай,Тайлақбай а.
234859131,NK RK 11-2025,settlement,2,с.Талдыкум,Талдықұм а.
234859132,NK RK 11-2025,settlement,2,с.Шолдербай,Шөлдербай а.
234859133,NK RK 11-2025,settlement,2,отг.Искак,Ысқақ ж.
235200000,NK RK 11-2025,district,2,Макатский район,Мақат ауданы
235230000,NK RK 11-2025,sub_district,2,Макатская п.а.,Мақат к.ә.
235230100,NK RK 11-2025,settlement,2,п.Макат,Мақат к.
235231000,NK RK 11-2025,sub_district,2,Байгетобинский с.о.,Бәйгетөбе а.о.
235231100,NK RK 11-2025,settlement,2,с.Байгетобе,Бәйгетөбе а.
235231200,NK RK 11-2025,settlement,2,с.Ескене,Ескене а.
235235000,NK RK 11-2025,sub_district,2,Доссорская п.а.,Доссор к.ә.
235235100,NK RK 11-2025,settlement,2,п.Доссор,Доссор к.
235600000,NK RK 11-2025,district,2,Махамбетский район,Махамбет ауданы
235630000,NK RK 11-2025,sub_district,2,Махамбетский с.о.,Махамбет а.о.
235630100,NK RK 11-2025,settlement,2,с.Махамбет,Махамбет а.
235630400,NK RK 11-2025,settlement,2,с.Сарытогай,Сарытоғай а.
235633000,NK RK 11-2025,sub_district,2,Акжаиыкский с.о.,Ақжайық а.о.
235633100,NK RK 11-2025,settlement,2,с.Акжайык,Ақжайық а.
235634000,NK RK 11-2025,sub_district,2,Актогайский с.о.,Ақтоғай а.о.
235634100,NK RK 11-2025,settlement,2,с.Актогай,Ақтоғай а.
235634200,NK RK 11-2025,settlement,2,с.Бала Ораза,Балаораза а.
235634300,NK RK 11-2025,settlement,2,с.Кенорис,Кеңөріс а.
235634500,NK RK 11-2025,settlement,2,с.Отешкали Атамбаева,Өтешқали Атамбаев а.
235635000,NK RK 11-2025,sub_district,2,Алгинский с.о.,Алға а.о.
235635100,NK RK 11-2025,settlement,2,с.Алга,Алға а.
235639000,NK RK 11-2025,sub_district,2,Баксайский с.о.,Бақсай а.о.
235639100,NK RK 11-2025,settlement,2,с.Тандай,Таңдай а.
235639200,NK RK 11-2025,settlement,2,с.Есмахан,Есмахан а.
235639300,NK RK 11-2025,settlement,2,с.Коздикора,Көздіқора а.
235639400,NK RK 11-2025,settlement,2,с.Томан,Томан а.
235643000,NK RK 11-2025,sub_district,2,Есбольский с.о.,Есбол а.о.
235643100,NK RK 11-2025,settlement,2,с.Ортакшыл,Ортақшыл а.
235643200,NK RK 11-2025,settlement,2,с.Енбекшил,Еңбекшіл а.
235643300,NK RK 11-2025,settlement,2,с.Есбол,Есбол а.
235645000,NK RK 11-2025,sub_district,2,Жалгансайский с.о.,Жалғансай а.о.
235645100,NK RK 11-2025,settlement,2,с.Жалгансай,Жалғансай а.
235649000,NK RK 11-2025,sub_district,2,Сарайчиковский с.о.,Сарыайшық а.о.
235649100,NK RK 11-2025,settlement,2,с.Сарайчик,Сарыайшық а.
235649200,NK RK 11-2025,settlement,2,с.Старый Сарайчик,Ескі Сарыайшық а.
235655000,NK RK 11-2025,sub_district,2,с.о. Бейбарыс,Бейбарыс а.о.
235655100,NK RK 11-2025,settlement,2,с.Бейбарыс,Бейбарыс а.
235655500,NK RK 11-2025,settlement,2,с.Талдыколь,Талдыкөл а.
235655600,NK RK 11-2025,settlement,2,с. Аккайын,Аққайың а.
270000000,NK RK 11-2025,oblast,0,Западно-Казахстанская область,Батыс Қазақстан облысы
271000000,NK RK 11-2025,district,3,Уральск Г.А.,Орал Қ.Ә.
271010000,NK RK 11-2025,sub_district,1,г.Уральск,Орал қ.
271033000,NK RK 11-2025,sub_district,3,Деркульская п.а.,Дерқұл к.ә.
271033100,NK RK 11-2025,settlement,1,п.Деркул,Дерқұл к.
271033800,NK RK 11-2025,settlement,2,с.Маштаково,Маштаково а.
271034000,NK RK 11-2025,sub_district,2,Желаевский с.о.,Желаево  а.о.
271034100,NK RK 11-2025,settlement,2,с.Желаево,Желаево а.
271035000,NK RK 11-2025,sub_district,3,Зачаганская п.а.,Зачаганск к.ә.
271035100,NK RK 11-2025,settlement,1,п.Зачаганск,Зачаганск к.
271035800,NK RK 11-2025,settlement,2,с.Меловые Горки,Меловые Горки а.
271039000,NK RK 11-2025,sub_district,3,Круглоозерновская п.а.,Круглоозерное к.ә.
271039100,NK RK 11-2025,settlement,1,п.Круглоозерное,Круглоозерное к.
271039900,NK RK 11-2025,settlement,2,с.Серебряково,Серебряков а.
273200000,NK RK 11-2025,district,2,Акжаикский район,Ақжайық ауданы
273230000,NK RK 11-2025,sub_district,2,Чапаевский с.о.,Чапаев а.о.
273230100,NK RK 11-2025,settlement,2,с.Чапаев,Чапаев а.
273230102,NK RK 11-2025,settlement,2,Медвежье лесничество,Аюлы орманшаруашылығы
273230103,NK RK 11-2025,settlement,2,Нефтебаза,Мұнайбазасы
273230400,NK RK 11-2025,settlement,2,с.Жайык,Жайық а.
273230402,NK RK 11-2025,settlement,2,с.Феофаново 2,Феофаново 2 а.
273233000,NK RK 11-2025,sub_district,2,Акжолский с.о.,Ақжол а.о.
273233100,NK RK 11-2025,settlement,2,с.Лбищенское,Ілбішін а.
273233102,NK RK 11-2025,settlement,2,с.Карша,Қарша а.
273233200,NK RK 11-2025,settlement,2,с.Битилеу,Битілеу а.
273233202,NK RK 11-2025,settlement,2,с.Жайлыбай,Жайлыбай а.
273233203,NK RK 11-2025,settlement,2,с.Жубаната,Жұбаната а.
273233205,NK RK 11-2025,settlement,2,с.Сапаргали,Сапарғали а.
273233300,NK RK 11-2025,settlement,2,с.Кабыл,Қабыл а.
273233303,NK RK 11-2025,settlement,2,с.Бикет 2,Бикет 2 а.
273233304,NK RK 11-2025,settlement,2,с.Кабдеш,Қәбдеш а.
273233306,NK RK 11-2025,settlement,2,с.Султанколь,Сұлтанкөл а.
273233307,NK RK 11-2025,settlement,2,с.Молкудык 1,Молқұдық 1 а.
273233308,NK RK 11-2025,settlement,2,с.Молкудык 2,Молқұдық 2 а.
273233309,NK RK 11-2025,settlement,2,с.Мурагер,Мұрагер а.
273233311,NK RK 11-2025,settlement,2,с.Темирастау,Темірастау а.
273233400,NK RK 11-2025,settlement,2,с.Тинали,Тінәлі а.
273233402,NK RK 11-2025,settlement,2,с.Акуй,Ақүй а.
273233403,NK RK 11-2025,settlement,2,с.Алкап,Алқап а.
273233404,NK RK 11-2025,settlement,2,с.Ашикудык,Ащықұдық а.
273233405,NK RK 11-2025,settlement,2,с.Битилеу,Битілеу а.
273233406,NK RK 11-2025,settlement,2,с.Нигмет,Нигмет а.
273233407,NK RK 11-2025,settlement,2,с.Имангали,Иманғали а.
273233408,NK RK 11-2025,settlement,2,с.Кентубек 1,Кеңтүбек 1 а.
273233409,NK RK 11-2025,settlement,2,с.Кентубек 2,Кеңтүбек 2 а.
273233411,NK RK 11-2025,settlement,2,отг.Кайыржан,Қайыржан ж.
273233412,NK RK 11-2025,settlement,2,с.Косауыз,Қосауыз а.
273233413,NK RK 11-2025,settlement,2,с.Мажит,Мәжит а.
273233415,NK RK 11-2025,settlement,2,с.Садык,Садық а.
273235000,NK RK 11-2025,sub_district,2,Аксуатский с.о,Ақсуат а.о
273235100,NK RK 11-2025,settlement,2,с.Аксуат,Ақсуат а.
273235102,NK RK 11-2025,settlement,2,с.Алтынбек,Алтынбек а.
273235103,NK RK 11-2025,settlement,2,с.Бакшакудук,Бақшақұдық а.
273235104,NK RK 11-2025,settlement,2,с.Грищенко,Грищенко а.
273235105,NK RK 11-2025,settlement,2,Сахарный алхат,Сахарный алхат
273235200,NK RK 11-2025,settlement,2,с.Акбулак,Ақбұлақ а.
273235203,NK RK 11-2025,settlement,2,с.Жагор,Жагөр а.
273235204,NK RK 11-2025,settlement,2,с.Найза,Найза а.
273237000,NK RK 11-2025,sub_district,2,Алгабасский с.о.,Алғабас а.о.
273237100,NK RK 11-2025,settlement,2,с.Алгабас,Алғабас а.
273237102,NK RK 11-2025,settlement,2,с.Бесоба,Бесоба а.
273237103,NK RK 11-2025,settlement,2,с.Железнов,Железнов а.
273237104,NK RK 11-2025,settlement,2,с.Мосагаш,Мосыағаш а.
273237105,NK RK 11-2025,settlement,2,с.Новый Пашкин,Новый Пашкин а.
273237106,NK RK 11-2025,settlement,2,с.Пашкин,Пашкин а.
273237108,NK RK 11-2025,settlement,2,с.Чукалин,Чукалин а.
273237300,NK RK 11-2025,settlement,2,с.Тегисжол,Тегісжол а.
273237302,NK RK 11-2025,settlement,2,с.Акшелек,Ақшелек а.
273237303,NK RK 11-2025,settlement,2,с.Алабайтал,Алабайтал а.
273237304,NK RK 11-2025,settlement,2,с.Жанаорын,Жаңаорын а.
273237305,NK RK 11-2025,settlement,2,с.Комсомольск,Комсомольск а.
273237306,NK RK 11-2025,settlement,2,с.Кызылуй,Қызылүй а.
273237307,NK RK 11-2025,settlement,2,с.Кызыливан,Қызыливан а.
273237308,NK RK 11-2025,settlement,2,с.Малый Горбунов,Малый Горбунов а.
273237309,NK RK 11-2025,settlement,2,с.Нагибин,Нагибин а.
273237312,NK RK 11-2025,settlement,2,с.Недопекин,Недопекин а.
273237313,NK RK 11-2025,settlement,2,с.Сансызбай,Сансызбай а.
273237314,NK RK 11-2025,settlement,2,с.Сутягин,Сутягин а.
273237400,NK RK 11-2025,settlement,2,с.Карагай,Қарағай а.
273237402,NK RK 11-2025,settlement,2,Бесаул,Бесауыл
273237404,NK RK 11-2025,settlement,2,с.Карпов,Карпов а.
273237405,NK RK 11-2025,settlement,2,с.Коскудык,Қосқұдық а.
273237406,NK RK 11-2025,settlement,2,Опытная станция,Тәжірибе стансасы
273237407,NK RK 11-2025,settlement,2,с.Сарыколь,Сарыкөл а.
273237408,NK RK 11-2025,settlement,2,с.Скоробогатов,Скоробогатов а.
273237409,NK RK 11-2025,settlement,2,с.Стольников,Стольников а.
273237500,NK RK 11-2025,settlement,2,с.Жанажол,Жаңажол а.
273237502,NK RK 11-2025,settlement,2,с.Азовское,Азовское а.
273237600,NK RK 11-2025,settlement,2,с.Тоган,Тоған а.
273237605,NK RK 11-2025,settlement,2,Подхоз Казлакрица,Казлакрица қосшар
273237607,NK RK 11-2025,settlement,2,Яблочный сад Тальян,Тальян алмабағы
273239000,NK RK 11-2025,sub_district,2,Алмалинский с.о.,Алмалы а.о.
273239100,NK RK 11-2025,settlement,2,с.Алмалы,Алмалы а.
273239103,NK RK 11-2025,settlement,2,с.Большой,Большой а.
273239105,NK RK 11-2025,settlement,2,с.Круглый,Круглый а.
273239106,NK RK 11-2025,settlement,2,с.Косколь,Қоскөл а.
273239107,NK RK 11-2025,settlement,2,с.Лиман 49,Лиман 49 а.
273239108,NK RK 11-2025,settlement,2,с.Арен,Арен а.
273239109,NK RK 11-2025,settlement,2,с.Агафия,Агафия а.
273239111,NK RK 11-2025,settlement,2,с.Бескутур,Бескүтір а.
273239112,NK RK 11-2025,settlement,2,с.Майтобе,Майтөбе а.
273239113,NK RK 11-2025,settlement,2,с.Томаркудык,Томарқұдық а.
273239114,NK RK 11-2025,settlement,2,с.Саржала,Саржала а.
273239200,NK RK 11-2025,settlement,2,с.Атамекен,Атамекен а.
273239203,NK RK 11-2025,settlement,2,с.Астау,Астау а.
273239207,NK RK 11-2025,settlement,2,с.Мантык,Мантық а.
273239208,NK RK 11-2025,settlement,2,с.Найза,Найза а.
273239209,NK RK 11-2025,settlement,2,Нефтеразведка,Мұнайбарлау
273239212,NK RK 11-2025,settlement,2,с.Лиман 46,Лиман 46 а.
273243000,NK RK 11-2025,sub_district,2,Базартобинский с.о.,Базартөбе а.о.
273243100,NK RK 11-2025,settlement,2,с.Базартобе,Базартөбе а.
273243105,NK RK 11-2025,settlement,2,с.Карабек,Қарабек а.
273243106,NK RK 11-2025,settlement,2,с.Кудияр,Құдияр а.
273243200,NK RK 11-2025,settlement,2,с.Кадыркул,Қадырқұл а.
273243202,NK RK 11-2025,settlement,2,с.Жыра,Жыра а.
273243203,NK RK 11-2025,settlement,2,с.Елтай,Елтай а.
273243204,NK RK 11-2025,settlement,2,с.Кошербайтобе,Көшербайтөбе а.
273243205,NK RK 11-2025,settlement,2,с.Карамола,Қарамола а.
273243206,NK RK 11-2025,settlement,2,с.Сексен 1,Сексен 1 а.
273243207,NK RK 11-2025,settlement,2,с.Сексен 2,Сексен 2 а.
273243300,NK RK 11-2025,settlement,2,с.Кызылжар,Қызылжар а.
273243302,NK RK 11-2025,settlement,2,с.Балапан,Балапан а.
273245000,NK RK 11-2025,sub_district,2,Базаршоланский с.о.,Базаршолан а.о.
273245100,NK RK 11-2025,settlement,2,с.Базаршолан,Базаршолан а.
273245105,NK RK 11-2025,settlement,2,с.Жаманкудук,Жаманқұдық а.
273245106,NK RK 11-2025,settlement,2,с.Избасар,Ізбасар а.
273245200,NK RK 11-2025,settlement,2,с.Есим,Есім а.
273245202,NK RK 11-2025,settlement,2,с.Акжайык,Ақжайық а.
273245203,NK RK 11-2025,settlement,2,с.Акмешит,Ақмешіт а.
273245204,NK RK 11-2025,settlement,2,с.Байбарак,Байбарақ а.
273245208,NK RK 11-2025,settlement,2,с.Жанакудык,Жаңақұдық а.
273245209,NK RK 11-2025,settlement,2,с.Карикудык,Кәріқұдық а.
273245211,NK RK 11-2025,settlement,2,с.Калдыбай,Қалдыбай а.
273245213,NK RK 11-2025,settlement,2,с.Кызылой,Қызылой а.
273245216,NK RK 11-2025,settlement,2,с.Толеке,Төлеке а.
273245218,NK RK 11-2025,settlement,2,с.Санияахмет,Сәнияахмет а.
273245500,NK RK 11-2025,settlement,2,с.Баянтобе,Баянтөбе а.
273247000,NK RK 11-2025,sub_district,2,Бударинский с.о.,Бударин а.о.
273247100,NK RK 11-2025,settlement,2,с.Бударино,Бударино а.
273247102,NK RK 11-2025,settlement,2,с.Аманжол,Аманжол а.
273247103,NK RK 11-2025,settlement,2,с.Байбуз,Байбұз а.
273247105,NK RK 11-2025,settlement,2,с.Кабыршакты,Қабыршақты а.
273247200,NK RK 11-2025,settlement,2,с.Самал,Самал а.
273247202,NK RK 11-2025,settlement,2,с.Акжайык,Ақжайық а.
273247203,NK RK 11-2025,settlement,2,с.Казиолла,Қазиолла а.
273247204,NK RK 11-2025,settlement,2,Нефтепровод,Мұнай құбыры
273247205,NK RK 11-2025,settlement,2,с.Ушкемпир,Үшкемпір а.
273247300,NK RK 11-2025,settlement,2,с.Коловертное,Коловертное а.
273247302,NK RK 11-2025,settlement,2,с.Атырау,Атырау а.
273247303,NK RK 11-2025,settlement,2,Кировский гидроузел,Киров гидроторабы
273247304,NK RK 11-2025,settlement,2,Пикет,Бөгеуіл
273247306,NK RK 11-2025,settlement,2,с.Изым,Изым а.
273249000,NK RK 11-2025,sub_district,2,Есенсайский с.о.,Есенсай а.о.
273249100,NK RK 11-2025,settlement,2,с.Есенсай,Есенсай а.
273249300,NK RK 11-2025,settlement,2,с.Кенсуат,Кеңсуат а.
273249304,NK RK 11-2025,settlement,2,с.Жакаш,Жақаш а.
273249305,NK RK 11-2025,settlement,2,с.Катон,Катон а.
273249400,NK RK 11-2025,settlement,2,с.Тасоба,Тасоба а.
273249402,NK RK 11-2025,settlement,2,с.Алтыкора,Алтықора а.
273249403,NK RK 11-2025,settlement,2,с.Боранбай,Боранбай а.
273249404,NK RK 11-2025,settlement,2,с.Тама,Тама а.
273249405,NK RK 11-2025,settlement,2,с.Тулепкул,Түлепкүл а.
273255000,NK RK 11-2025,sub_district,2,Жамбылский с.о.,Жамбыл а.о.
273255100,NK RK 11-2025,settlement,2,с.Жамбыл,Жамбыл а.
273255102,NK RK 11-2025,settlement,2,с.Балауса,Балауса а.
273255104,NK RK 11-2025,settlement,2,Подстанция,Қосалқыстанса
273255200,NK RK 11-2025,settlement,2,с.Уштобе,Үштөбе а.
273255202,NK RK 11-2025,settlement,2,с.Акколь,Ақкөл а.
273255204,NK RK 11-2025,settlement,2,с.Жыланды,Жыланды а.
273255206,NK RK 11-2025,settlement,2,с.Каратон,Қаратон а.
273255207,NK RK 11-2025,settlement,2,с.Кызылагаш,Қызылағаш а.
273255400,NK RK 11-2025,settlement,2,с.Битик,Бітік а.
273255402,NK RK 11-2025,settlement,2,с.Наролген,Нарөлген а.
273255403,NK RK 11-2025,settlement,2,Племконюшня,Асылтұқымды атқора
273255404,NK RK 11-2025,settlement,2,Подхоз,Қосшар
273255405,NK RK 11-2025,settlement,2,с.Сейтжанкудык,Сейітжанқұдық а.
273257000,NK RK 11-2025,sub_district,2,Жанабулакский с.о.,Жаңабұлақ а.о.
273257100,NK RK 11-2025,settlement,2,с.Жанабулак,Жаңабұлақ а.
273257102,NK RK 11-2025,settlement,2,с.Абилсай,Әбілсай а.
273257103,NK RK 11-2025,settlement,2,с.Битикский водохранилище,Бітік су қоймасы а.
273257104,NK RK 11-2025,settlement,2,с.Егер,Егер а.
273257105,NK RK 11-2025,settlement,2,с.Железнов,Железнов а.
273257106,NK RK 11-2025,settlement,2,с.Иванаев,Иванаев а.
273257107,NK RK 11-2025,settlement,2,с.Карташов,Карташов а.
273257108,NK RK 11-2025,settlement,2,с.Майтобе,Майтөбе а.
273257109,NK RK 11-2025,settlement,2,с.Песок,Песок а.
273257111,NK RK 11-2025,settlement,2,с.Песчанный,Песчанный а.
273257112,NK RK 11-2025,settlement,2,с.Таскудык,Тасқұдық а.
273257113,NK RK 11-2025,settlement,2,с.Туренино,Туренино а.
273257114,NK RK 11-2025,settlement,2,с.Чернышов,Чернышов а.
273257115,NK RK 11-2025,settlement,2,с.Факей,Факей а.
273257116,NK RK 11-2025,settlement,2,с.Чесноков,Чесноков а.
273259000,NK RK 11-2025,sub_district,2,Кабыршактинский с.о.,Қабыршақта а.о.
273259100,NK RK 11-2025,settlement,2,с.Кабыршакты,Қабыршақты а.
273259104,NK RK 11-2025,settlement,2,с.Пиунов,Пиунов а.
273259105,NK RK 11-2025,settlement,2,с.Птичник,Птичник а.
273263000,NK RK 11-2025,sub_district,2,Карауылтобинский с.о.,Қарауылтөбе а.о.
273263100,NK RK 11-2025,settlement,2,с.Карауылтобе,Қарауылтөбе а.
273263104,NK RK 11-2025,settlement,2,с.Бодир,Бөдір а.
273263105,NK RK 11-2025,settlement,2,с.Игилик,Игілік а.
273263106,NK RK 11-2025,settlement,2,с.Орысбай,Орысбай а.
273263108,NK RK 11-2025,settlement,2,с.Коммунизм,Коммунизм а.
273263109,NK RK 11-2025,settlement,2,с.Кырыккудук,Қырыққұдық а.
273263112,NK RK 11-2025,settlement,2,с.Кызылжар,Қызылжар а.
273263113,NK RK 11-2025,settlement,2,с.Саршымак,Саршымақ а.
273263114,NK RK 11-2025,settlement,2,с.Торе,Төре а.
273263115,NK RK 11-2025,settlement,2,Экспедиция,Экспедиция
273264000,NK RK 11-2025,sub_district,2,Конеккеткенский с.о.,Көнеккеткен а.о.
273264100,NK RK 11-2025,settlement,2,с.Конеккеткен,Көнеккеткен а.
273264103,NK RK 11-2025,settlement,2,с.Жанияр,Жанияр а.
273264104,NK RK 11-2025,settlement,2,с.Кайбас,Қайбас а.
273264105,NK RK 11-2025,settlement,2,с.Карамектеп,Қарамектеп а.
273264106,NK RK 11-2025,settlement,2,с.Кызылакрап,Қызылақырап а.
273264200,NK RK 11-2025,settlement,2,с.Камыстыколь,Қамыстыкөл а.
273264202,NK RK 11-2025,settlement,2,с.Актобе,Ақтөбе а.
273264203,NK RK 11-2025,settlement,2,с.Кызылжар,Қызылжар а.
273265000,NK RK 11-2025,sub_district,2,Курайлысайский с.о.,Қурайлысай а.о.
273265100,NK RK 11-2025,settlement,2,с.Жубана Молдагалиева,Жұбан Молдағалиев а.
273265300,NK RK 11-2025,settlement,2,с.Сайкудук,Сайқұдық а.
273265303,NK RK 11-2025,settlement,2,с.Айтжан,Айтжан а.
273267000,NK RK 11-2025,sub_district,2,Мергеневский с.о.,Мерген а.о.
273267100,NK RK 11-2025,settlement,2,с.Мергенево,Мерген а.
273267102,NK RK 11-2025,settlement,2,с.Ашыкудук,Ащықұдық а.
273267103,NK RK 11-2025,settlement,2,с.Диниш,Дініш а.
273267107,NK RK 11-2025,settlement,2,с.Муканкудук,Мұқанқұдық а.
273267109,NK RK 11-2025,settlement,2,с.Ниеткали,Ниетқали а.
273267111,NK RK 11-2025,settlement,2,с.Саралжын,Саралжын а.
273267200,NK RK 11-2025,settlement,2,с.Мойылды,Мойылды а.
273267202,NK RK 11-2025,settlement,2,с.Акбала,Ақбала а.
273267203,NK RK 11-2025,settlement,2,с.Мадигали,Мәдиғали а.
273267204,NK RK 11-2025,settlement,2,с.Таскудук,Тасқұдық а.
273267205,NK RK 11-2025,settlement,2,с.Шыганак,Шығанақ а.
273267300,NK RK 11-2025,settlement,2,с.Жолап,Жолап а.
273267302,NK RK 11-2025,settlement,2,с.Аккутур,Аққұтыр а.
273267303,NK RK 11-2025,settlement,2,с.Ахмет,Ахмет а.
273267304,NK RK 11-2025,settlement,2,с.Бектлеу,Бектілеу а.
273267306,NK RK 11-2025,settlement,2,с.Зинеш,Зинеш а.
273267307,NK RK 11-2025,settlement,2,с.Конашкол,Қонашкол а.
273267308,NK RK 11-2025,settlement,2,с.Тасан,Тасан а.
273269000,NK RK 11-2025,sub_district,2,Сарытогайский с.о.,Сарытоғай а.о.
273269100,NK RK 11-2025,settlement,2,с.Жанама,Жанама а.
273269104,NK RK 11-2025,settlement,2,с.Жыра,Жыра а.
273269108,NK RK 11-2025,settlement,2,с.Ногайсай,Ноғайсай а.
273269111,NK RK 11-2025,settlement,2,с.Тойнаш,Тойнаш а.
273269200,NK RK 11-2025,settlement,2,с.Сарман,Сарман а.
273269202,NK RK 11-2025,settlement,2,с.Алмаагаш,Алмаағаш а.
273269206,NK RK 11-2025,settlement,2,с.Жамансай,Жамансай а.
273269212,NK RK 11-2025,settlement,2,с.Мамбетали,Мәмбетәлі а.
273269213,NK RK 11-2025,settlement,2,с.Сундет,Сүндет а.
273273000,NK RK 11-2025,sub_district,2,Тайпакский с.о.,Тайпақ а.о.
273273100,NK RK 11-2025,settlement,2,с.Тайпак,Тайпақ а.
273273102,NK RK 11-2025,settlement,2,с.Аврам,Аврам а.
273273106,NK RK 11-2025,settlement,2,с.Ашышеген 1,Ащышеген 1 а.
273273107,NK RK 11-2025,settlement,2,с.Ашышеген 2,Ащышеген 2 а.
273273108,NK RK 11-2025,settlement,2,с.Байболган,Байболған а.
273273111,NK RK 11-2025,settlement,2,с.Жанаконыс,Жаңақоныс а.
273273113,NK RK 11-2025,settlement,2,с.Кабанколь,Қабанкөл а.
273273114,NK RK 11-2025,settlement,2,с.Кырмызы,Қырмызы а.
273273115,NK RK 11-2025,settlement,2,с.Лиман,Лиман а.
273273116,NK RK 11-2025,settlement,2,с.Махат,Махат а.
273273118,NK RK 11-2025,settlement,2,с.Суйундук,Сүйіндік а.
273273119,NK RK 11-2025,settlement,2,с.Офицер,Офицер а.
273273124,NK RK 11-2025,settlement,2,с.Шауеш 2,Шәуеш 2 а.
273273200,NK RK 11-2025,settlement,2,с.Томпак,Томпақ а.
273273300,NK RK 11-2025,settlement,2,с.Шабдаржап,Шабдаржап а.
273273305,NK RK 11-2025,settlement,2,с.Купка,Купка а.
273273306,NK RK 11-2025,settlement,2,с.Мекет,Мекет а.
273273308,NK RK 11-2025,settlement,2,с.Рсалы,Рсалы а.
273273309,NK RK 11-2025,settlement,2,с.Сиыркумак 1,Сиырқумақ 1 а.
273273311,NK RK 11-2025,settlement,2,с.Сиыркумак 2,Сиырқумақ 2 а.
273273312,NK RK 11-2025,settlement,2,с.Талдыкудук,Талдықұдық а.
273600000,NK RK 11-2025,district,4,Бурлинский район,Бөрлі ауданы
273620000,NK RK 11-2025,sub_district,1,Аксайская г.а.,Ақсай қ.ә.
273620100,NK RK 11-2025,settlement,1,г.Аксай,Ақсай қ.
273620200,NK RK 11-2025,settlement,2,с.Аралтал,Аралтал а.
273620300,NK RK 11-2025,settlement,2,с.Кызылтал,Қызылтал а.
273633000,NK RK 11-2025,sub_district,2,Акбулакский с.о.,Ақбұлақ а.о.
273633100,NK RK 11-2025,settlement,2,с.Акбулак,Ақбұлақ а.
273635000,NK RK 11-2025,sub_district,2,Аксуский с.о.,Ақсу а.о.
273635100,NK RK 11-2025,settlement,2,с.Аксу,Ақсу а.
273635300,NK RK 11-2025,settlement,2,с.Жанаконыс,Жаңақоныс а.
273637000,NK RK 11-2025,sub_district,2,Достық с.о.,Достық а.о.
273637100,NK RK 11-2025,settlement,2,с.Достық,Достық а.
273643000,NK RK 11-2025,sub_district,2,Бурлинский с.о.,Бөрлі а.о.
273643100,NK RK 11-2025,settlement,2,с.Бурлин,Бөрлі а.
273643200,NK RK 11-2025,settlement,2,с.Масайтобе,Масайтөбе а.
273645000,NK RK 11-2025,sub_district,2,Бумакольский с.о.,Бумакөл а.о.
273645100,NK RK 11-2025,settlement,2,с.Бумаколь,Бумакөл а.
273645200,NK RK 11-2025,settlement,2,с.Облавка,Облавка а.
273645300,NK RK 11-2025,settlement,2,с.Утвинка,Утвинка а.
273647000,NK RK 11-2025,sub_district,2,Григорьевский с.о.,Григорьев а.о.
273647100,NK RK 11-2025,settlement,2,с.Кентубек,Кеңтүбек а.
273647102,NK RK 11-2025,settlement,2,с.Шампа,Шампа а.
273647200,NK RK 11-2025,settlement,2,с.Бактыарал,Бақтыарал а.
273649000,NK RK 11-2025,sub_district,2,Жарсуатский с.о.,Жарсуат а.о.
273649100,NK RK 11-2025,settlement,2,с.Жарсуат,Жарсуат а.
273649200,NK RK 11-2025,settlement,2,с.Димитрово,Димитрово а.
273649300,NK RK 11-2025,settlement,2,с.Карашыганак,Қарашығанақ а.
273653000,NK RK 11-2025,sub_district,2,Карагандинский с.о.,Қарағанды а.о.
273653100,NK RK 11-2025,settlement,2,с.Қарағанды,Қарағанды а.
273655000,NK RK 11-2025,sub_district,2,Канайский с.о.,Қанай а.о.
273655100,NK RK 11-2025,settlement,2,с.Канай,Қанай а.
273655200,NK RK 11-2025,settlement,2,с.Даниляколь,Дәнелікөл а.
273657000,NK RK 11-2025,sub_district,2,Приуральный с.о.,Приурал а.о.
273657100,NK RK 11-2025,settlement,2,с.Приуральное,Приуральное а.
273659000,NK RK 11-2025,sub_district,2,Пугачевский с.о.,Пугачев а.о.
273659100,NK RK 11-2025,settlement,2,с.Пугачево,Пугачево а.
273659300,NK RK 11-2025,settlement,2,с.Бесагаш,Бесағаш а.
273659500,NK RK 11-2025,settlement,2,рзд.Сулысай,рзд.Сұлысай
273663000,NK RK 11-2025,sub_district,2,Каракудукский с.о.,Қаракұдық а.о.
273663100,NK RK 11-2025,settlement,2,с.Қарақұдық,Қарақұдық а.
273667000,NK RK 11-2025,sub_district,2,Успенский с.о.,Успен а.о.
273667100,NK RK 11-2025,settlement,2,с.Успенка,Успенка а.
273667200,NK RK 11-2025,settlement,2,с.Жанаталап,Жаңаталап а.
273667300,NK RK 11-2025,settlement,2,с.Каракемпир,Қаракемпір а.
274000000,NK RK 11-2025,district,2,Жангалинский район,Жаңақала ауданы
274030000,NK RK 11-2025,sub_district,2,Жанакалинский с.о.,Жаңақала а.о.
274030100,NK RK 11-2025,settlement,2,с.Жангала,Жаңақала а.
274033000,NK RK 11-2025,sub_district,2,Бирликский с.о.,Бірлік а.о.
274033100,NK RK 11-2025,settlement,2,с.Бирлик,Бірлік а.
274033102,NK RK 11-2025,settlement,2,с.Жыра 1,Жыра 1 а.
274033103,NK RK 11-2025,settlement,2,с.Санкибай,Сәңкібай а.
274033104,NK RK 11-2025,settlement,2,с.Сиырсаралжын,Сиырсаралжын а.
274033105,NK RK 11-2025,settlement,2,с.Сиыркол 1,Сиырқол 1 а.
274033106,NK RK 11-2025,settlement,2,с.Сиыркол 2,Сиырқол 2 а.
274033107,NK RK 11-2025,settlement,2,с.Когалы 2,Қоғалы 2 а.
274033108,NK RK 11-2025,settlement,2,с.Койсаралжын,Қойсаралжын а.
274033109,NK RK 11-2025,settlement,2,с.Мортык Боранбай,Мортық Боранбай а.
274033111,NK RK 11-2025,settlement,2,с.Мортык Жандарбек,Мортық Жандарбек а.
274033112,NK RK 11-2025,settlement,2,с.Киши Мортык,Кішімортық а.
274033113,NK RK 11-2025,settlement,2,с.Турдыгул,Тұрдығұл а.
274033114,NK RK 11-2025,settlement,2,с.Утепбай,Өтепбай а.
274033115,NK RK 11-2025,settlement,2,с.Шошакмола,Шошақмола а.
274033200,NK RK 11-2025,settlement,2,с.Акбалшык,Ақбалшық а.
274033202,NK RK 11-2025,settlement,2,с.Актан,Ақтаң а.
274033203,NK RK 11-2025,settlement,2,с.Жалтырколь,Жалтыркөл а.
274033204,NK RK 11-2025,settlement,2,с.Кошпан,Көшпан а.
274033205,NK RK 11-2025,settlement,2,с.Озекбай,Өзекбай а.
274033207,NK RK 11-2025,settlement,2,с.Тасонгар,Тасоңғар а.
274033208,NK RK 11-2025,settlement,2,с.Шопонгар,Шөпоңғар а.
274033209,NK RK 11-2025,settlement,2,с.Когалы 1,Қоғалы 1 а.
274033300,NK RK 11-2025,settlement,2,с.Ушкемпир,Үшкемпір а.
274033302,NK RK 11-2025,settlement,2,с.Дембей,Дембей а.
274033303,NK RK 11-2025,settlement,2,с.Ефим,Ефим а.
274033304,NK RK 11-2025,settlement,2,с.Жолкызыл,Жолқызыл а.
274033306,NK RK 11-2025,settlement,2,с.Иманбайбатыгы,Иманбайбатығы а.
274033307,NK RK 11-2025,settlement,2,с.Каразагон,Қаразагон а.
274033308,NK RK 11-2025,settlement,2,с.Конишке,Көнішке а.
274033309,NK RK 11-2025,settlement,2,с.Кожак,Қожақ а.
274033311,NK RK 11-2025,settlement,2,с.Космырза,Қосмырза а.
274033312,NK RK 11-2025,settlement,2,с.Сапарбатыгы,Сапарбатығы а.
274033313,NK RK 11-2025,settlement,2,с.Сейткызыл,Сейітқызыл а.
274033314,NK RK 11-2025,settlement,2,с.Таскудук,Тасқұдық а.
274033315,NK RK 11-2025,settlement,2,с.Тулакбай,Тулақбай а.
274033316,NK RK 11-2025,settlement,2,с.Едилсор,Еділсор а.
274033317,NK RK 11-2025,settlement,2,с.Жыра 2,Жыра 2 а.
274033318,NK RK 11-2025,settlement,2,с.Самен,Самен а.
274035000,NK RK 11-2025,sub_district,2,Жанажолский с.о.,Жаңажол а.о.
274035100,NK RK 11-2025,settlement,2,с.Жанажол,Жаңажол а.
274035102,NK RK 11-2025,settlement,2,кр.хоз Кабушев,Кабушев шарқож
274035103,NK RK 11-2025,settlement,2,Плантация,Плантация
274035105,NK RK 11-2025,settlement,2,с.Токсоба,Тоқсоба а.
274035106,NK RK 11-2025,settlement,2,с.Баубек 1,Баубек 1 а.
274035107,NK RK 11-2025,settlement,2,с.Жастулпар,Жастұлпар а.
274035108,NK RK 11-2025,settlement,2,с.Кушыганак,Қушығанақ а.
274035109,NK RK 11-2025,settlement,2,Онгарорны,Оңғарорны
274035111,NK RK 11-2025,settlement,2,Фазлиорны,Фазлиорны
274035112,NK RK 11-2025,settlement,2,с.Сегизкебен,Сегізкебен а.
274035200,NK RK 11-2025,settlement,2,с.Киши Айдархан,Кіші Айдархан а.
274035202,NK RK 11-2025,settlement,2,с.Батыр,Батыр а.
274035203,NK RK 11-2025,settlement,2,с.Жанаорын,Жаңаорын а.
274035204,NK RK 11-2025,settlement,2,с.Карасу,Қарасу а.
274035205,NK RK 11-2025,settlement,2,ПМК,ПМК
274035206,NK RK 11-2025,settlement,2,с.Савенко,Савенко а.
274035207,NK RK 11-2025,settlement,2,с.Теренкудык,Тереңқұдық а.
274035400,NK RK 11-2025,settlement,2,с.Сарыколь,Сарыкөл а.
274035402,NK RK 11-2025,settlement,2,с.Аксуат,Ақсуат а.
274035403,NK RK 11-2025,settlement,2,с.Бескаска,Бесқасқа а.
274035404,NK RK 11-2025,settlement,2,с.Даумбак,Дауымбақ а.
274035405,NK RK 11-2025,settlement,2,с.Дюсембай,Дүйсембай а.
274035406,NK RK 11-2025,settlement,2,с.Жорта,Жорта а.
274035408,NK RK 11-2025,settlement,2,с.Каражигит,Қаражігіт а.
274035409,NK RK 11-2025,settlement,2,с.Камыстыколь,Қамыстыкөл а.
274035411,NK RK 11-2025,settlement,2,с.Мардан,Мардан а.
274035414,NK RK 11-2025,settlement,2,с.Мустафа,Мұстафа а.
274035415,NK RK 11-2025,settlement,2,с.Постройка,Постройка а.
274035416,NK RK 11-2025,settlement,2,с.Сайхы,Сайхы а.
274035417,NK RK 11-2025,settlement,2,с.Тауке,Тәуке а.
274035418,NK RK 11-2025,settlement,2,с.Тайбука,Тайбұқа а.
274035419,NK RK 11-2025,settlement,2,с.Тушыозен,Тұщыөзен а.
274035421,NK RK 11-2025,settlement,2,с.Шауен,Шәуен а.
274035422,NK RK 11-2025,settlement,2,с.Акмола,Ақмола а.
274035423,NK RK 11-2025,settlement,2,с.Бекбике,Бекбике а.
274035425,NK RK 11-2025,settlement,2,с.Нарик,Нәрік а.
274037000,NK RK 11-2025,sub_district,2,Жанаказанский с.о.,Жаңақазан а.о.
274037100,NK RK 11-2025,settlement,2,с.Жанаказан,Жаңақазан а.
274037102,NK RK 11-2025,settlement,2,с.Али,Әли а.
274037103,NK RK 11-2025,settlement,2,с.Агим,Ағым а.
274037104,NK RK 11-2025,settlement,2,с.Батау,Батау а.
274037107,NK RK 11-2025,settlement,2,с.Даулет,Дәулет а.
274037109,NK RK 11-2025,settlement,2,с.Жунус,Жүніс а.
274037112,NK RK 11-2025,settlement,2,с.Кути,Күті а.
274037113,NK RK 11-2025,settlement,2,с.Кадыр,Қадыр а.
274037114,NK RK 11-2025,settlement,2,с.Кази,Қазы а.
274037115,NK RK 11-2025,settlement,2,с.Калмакшыгыл,Қалмақшығыл а.
274037116,NK RK 11-2025,settlement,2,с.Кажия,Қажия а.
274037118,NK RK 11-2025,settlement,2,с.Койкум,Қойқұм а.
274037119,NK RK 11-2025,settlement,2,с.Курмаш,Құрмаш а.
274037124,NK RK 11-2025,settlement,2,с.Молдамурат,Молдамұрат а.
274037125,NK RK 11-2025,settlement,2,с.Нугман,Нұғман а.
274037134,NK RK 11-2025,settlement,2,с.Шакибай,Шәкібай а.
274037135,NK RK 11-2025,settlement,2,с.Шагала,Шағала а.
274037136,NK RK 11-2025,settlement,2,с.Әйипсай,Әйіпсай а.
274037137,NK RK 11-2025,settlement,2,с.Куспан,Куспан а.
274037138,NK RK 11-2025,settlement,2,с.Хайролла,Хайролла а.
274037139,NK RK 11-2025,settlement,2,с.Бузауой,Бұзауой а.
274037141,NK RK 11-2025,settlement,2,с.Ушкудук,Үшқұдық а.
274037400,NK RK 11-2025,settlement,2,с.Жуалыой,Жуалыой а.
274037402,NK RK 11-2025,settlement,2,с.Абил,Әбіл а.
274037403,NK RK 11-2025,settlement,2,с.Байкенже,Байкенже а.
274037404,NK RK 11-2025,settlement,2,с.Бекмаганбет,Бекмағамбет а.
274037408,NK RK 11-2025,settlement,2,с.Ешки,Ешкі а.
274037409,NK RK 11-2025,settlement,2,с.Кабыл,Қабыл а.
274037411,NK RK 11-2025,settlement,2,с.Кабден,Қабден а.
274037412,NK RK 11-2025,settlement,2,с.Мукан,Мұқан а.
274037413,NK RK 11-2025,settlement,2,с.Мырзабай,Мырзабай а.
274037414,NK RK 11-2025,settlement,2,с.Толепкали,Төлепқали а.
274037415,NK RK 11-2025,settlement,2,с.Абил,Абил а.
274037416,NK RK 11-2025,settlement,2,с.Асабай,Асабай а.
274037417,NK RK 11-2025,settlement,2,с.Сарыбай,Сарыбай а.
274043000,NK RK 11-2025,sub_district,2,Копжасарский с.о.,Көпжасар а.о.
274043100,NK RK 11-2025,settlement,2,с.Копжасар,Көпжасар а.
274043102,NK RK 11-2025,settlement,2,с.Аукентай,Әукентай а.
274043103,NK RK 11-2025,settlement,2,с.Айпара,Айпара а.
274043104,NK RK 11-2025,settlement,2,с.Аккудык,Аққұдық а.
274043105,NK RK 11-2025,settlement,2,с.Каттыкудук,Каттыкудук а.
274043106,NK RK 11-2025,settlement,2,с.Ашыкызыл,Ащықызыл а.
274043107,NK RK 11-2025,settlement,2,с.Байсымак,Байсымақ а.
274043108,NK RK 11-2025,settlement,2,с.Балапан,Балапан а.
274043109,NK RK 11-2025,settlement,2,с.Бозайгыр,Бозайғыр а.
274043111,NK RK 11-2025,settlement,2,с.Дизгинтобе,Дізгінтөбе а.
274043112,NK RK 11-2025,settlement,2,с.Досан 1,Досан 1 а.
274043113,NK RK 11-2025,settlement,2,с.Досан 2,Досан 2 а.
274043114,NK RK 11-2025,settlement,2,с.Доснияз,Доснияз а.
274043115,NK RK 11-2025,settlement,2,с.Жолкызыл,Жолқызыл а.
274043116,NK RK 11-2025,settlement,2,с.Жынгылды,Жынғылды а.
274043117,NK RK 11-2025,settlement,2,с.Терек,Терек а.
274043118,NK RK 11-2025,settlement,2,с.Кенжебай,Кенжебай а.
274043119,NK RK 11-2025,settlement,2,с.Изгаш,Изгаш а.
274043121,NK RK 11-2025,settlement,2,с.Киши Салтанат,Кішісалтанат а.
274043122,NK RK 11-2025,settlement,2,с.Казыбай 1,Қазыбай 1 а.
274043123,NK RK 11-2025,settlement,2,с.Казыбай 2,Қазыбай 2 а.
274043124,NK RK 11-2025,settlement,2,с.Кандыколь,Қандыкөл а.
274043125,NK RK 11-2025,settlement,2,с.Кайыр,Қайыр а.
274043126,NK RK 11-2025,settlement,2,с.Картабай,Қартабай а.
274043127,NK RK 11-2025,settlement,2,с.Коныркудык,Қоңырқұдық а.
274043128,NK RK 11-2025,settlement,2,с.Косшынырау,Қосшыңырау а.
274043131,NK RK 11-2025,settlement,2,с.Коныркудык,Қоңырқұдық а.
274043132,NK RK 11-2025,settlement,2,с.Киякты 1,Қияқты 1 а.
274043133,NK RK 11-2025,settlement,2,с.Каппан-Казыл,Қаппан-Казыл а.
274043134,NK RK 11-2025,settlement,2,с.Кыргын,Қырғын а.
274043135,NK RK 11-2025,settlement,2,с.Огизкудык,Өгізқұдық а.
274043137,NK RK 11-2025,settlement,2,с.Саздыболек,Саздыбөлек а.
274043139,NK RK 11-2025,settlement,2,с.Таскудык,Тасқұдық а.
274043141,NK RK 11-2025,settlement,2,с.Тонаша,Тонаша а.
274043142,NK RK 11-2025,settlement,2,с.Туйекудык,Түйеқұдық а.
274043143,NK RK 11-2025,settlement,2,с.Ушкызыл,Үшқызыл а.
274043144,NK RK 11-2025,settlement,2,с.Шарап,Шарап а.
274043145,NK RK 11-2025,settlement,2,с.Шеру,Шеру а.
274043146,NK RK 11-2025,settlement,2,с.Шока,Шоқа а.
274043147,NK RK 11-2025,settlement,2,с.Мамен,Мамен а.
274043148,NK RK 11-2025,settlement,2,с.Талдыапан,Талдыапан а.
274043149,NK RK 11-2025,settlement,2,с.Ингенолген,Інгенөлген а.
274043200,NK RK 11-2025,settlement,2,с.Салтанат,Салтанат а.
274043300,NK RK 11-2025,settlement,2,с.Саралжын,Саралжын а.
274045000,NK RK 11-2025,sub_district,2,Кызылобинский с.о.,Қызылоба а.о.
274045100,NK RK 11-2025,settlement,2,с.Кызылоба,Қызылоба а.
274045102,NK RK 11-2025,settlement,2,с.Арыстанбек,Арыстанбек а.
274045104,NK RK 11-2025,settlement,2,с.Бесапан,Бесапан а.
274045105,NK RK 11-2025,settlement,2,с.Бозоба,Бозоба а.
274045107,NK RK 11-2025,settlement,2,с.Боранбай,Боранбай а.
274045108,NK RK 11-2025,settlement,2,с.Талсай 1,Талсай 1 а.
274045109,NK RK 11-2025,settlement,2,Жанаорын,Жаңаорын
274045111,NK RK 11-2025,settlement,2,с.Жантума,Жантума а.
274045114,NK RK 11-2025,settlement,2,с.Ибрагим,Ибрагим а.
274045116,NK RK 11-2025,settlement,2,Кошим орын,Көшім орын
274045117,NK RK 11-2025,settlement,2,с.Кулпытас,Құлпытас а.
274045118,NK RK 11-2025,settlement,2,с.Кумырузак,Құмырұзақ а.
274045119,NK RK 11-2025,settlement,2,Лагерь,Лагер
274045121,NK RK 11-2025,settlement,2,с.Малакай,Малақай а.
274045122,NK RK 11-2025,settlement,2,с.Максот,Мақсот а.
274045123,NK RK 11-2025,settlement,2,с.Оркен,Өркен а.
274045124,NK RK 11-2025,settlement,2,с.Станислав,Станислав а.
274045125,NK RK 11-2025,settlement,2,с.Тайпак,Тайпақ а.
274045126,NK RK 11-2025,settlement,2,с.Токтыкудык,Тоқтықұдық а.
274045127,NK RK 11-2025,settlement,2,с.Толсай,Толсай а.
274045128,NK RK 11-2025,settlement,2,с.Шетен,Шетен а.
274045129,NK RK 11-2025,settlement,2,с.Шымкудык,Шымқұдық а.
274045134,NK RK 11-2025,settlement,2,с.Шайдолла,Шайдолла а.
274045200,NK RK 11-2025,settlement,2,с.Айтпай,Айтпай а.
274045205,NK RK 11-2025,settlement,2,с.Богет,Богет а.
274045206,NK RK 11-2025,settlement,2,с.Карамола,Карамола а.
274045207,NK RK 11-2025,settlement,2,с.Кыркыморын,Қырқыморын а.
274045208,NK RK 11-2025,settlement,2,с.Мырзагай,Мырзагай а.
274045209,NK RK 11-2025,settlement,2,с.Хафиз,Хафиз а.
274045400,NK RK 11-2025,settlement,2,с.Торткулак,Төртқұлақ а.
274045405,NK RK 11-2025,settlement,2,с.Бакша,Бақша а.
274045407,NK RK 11-2025,settlement,2,с.Парфел,Парфел а.
274045409,NK RK 11-2025,settlement,2,с.Тама,Тама а.
274047000,NK RK 11-2025,sub_district,2,Маштексайский с.о.,Маштексай а.о.
274047100,NK RK 11-2025,settlement,2,с.Маштексай,Маштексай а.
274047102,NK RK 11-2025,settlement,2,с.Ащыкудык,Ащықұдық а.
274047103,NK RK 11-2025,settlement,2,с.Бердибек,Бердібек а.
274047104,NK RK 11-2025,settlement,2,с.Жанке,Жанке а.
274047105,NK RK 11-2025,settlement,2,с.Ныгымет,Нығымет а.
274047106,NK RK 11-2025,settlement,2,с.Отебай,Өтебай а.
274047107,NK RK 11-2025,settlement,2,с.Саралжын,Саралжын а.
274047108,NK RK 11-2025,settlement,2,с.Шаекен,Шәйкен а.
274047109,NK RK 11-2025,settlement,2,с.Шомбал,Шомбал а.
274047111,NK RK 11-2025,settlement,2,с.Байсултан,Байсұлтан а.
274047113,NK RK 11-2025,settlement,2,с.Бостыбай,Бостыбай а.
274047115,NK RK 11-2025,settlement,2,с.Жанту,Жанту а.
274047117,NK RK 11-2025,settlement,2,с.Кисык,Қисық а.
274047118,NK RK 11-2025,settlement,2,с.Коккоз 1,Көккөз 1 а.
274047119,NK RK 11-2025,settlement,2,с.Коккоз 2,Көккөз 2 а.
274047121,NK RK 11-2025,settlement,2,с.Коккоз 3,Көккөз 3 а.
274047123,NK RK 11-2025,settlement,2,с.Коныркудык,Қоңырқұдық а.
274047400,NK RK 11-2025,settlement,2,с.Мукыр,Мұқыр а.
274047402,NK RK 11-2025,settlement,2,с.Айжарык,Айжарық а.
274047404,NK RK 11-2025,settlement,2,с.Жанап,Жанап а.
274047405,NK RK 11-2025,settlement,2,с.Кокмола,Көкмола а.
274047406,NK RK 11-2025,settlement,2,с.Косколь,Қоскөл а.
274047407,NK RK 11-2025,settlement,2,с.Койтогыл,Қойтоғыл а.
274047408,NK RK 11-2025,settlement,2,с.Кыдырбай,Қыдырбай а.
274047409,NK RK 11-2025,settlement,2,с.Кызылкабак,Қызылқабақ а.
274047411,NK RK 11-2025,settlement,2,с.Кырмакатон,Қырмакатон а.
274047412,NK RK 11-2025,settlement,2,с.Сарыжан,Сарыжан а.
274047413,NK RK 11-2025,settlement,2,с.Сауынкызыл,Сауынқызыл а.
274047414,NK RK 11-2025,settlement,2,с.Манке,Манке а.
274047415,NK RK 11-2025,settlement,2,с.Теренколь,Тереңкөл а.
274047416,NK RK 11-2025,settlement,2,с.Шалкар,Шалқар а.
274047417,NK RK 11-2025,settlement,2,с.Шанбай,Шанбай а.
274047418,NK RK 11-2025,settlement,2,с.Шаншар,Шаншар а.
274047419,NK RK 11-2025,settlement,2,с.Шошакшагыл,Шошақшағыл а.
274047423,NK RK 11-2025,settlement,2,с.Жылкыбай,Жылқыбай а.
274047425,NK RK 11-2025,settlement,2,с.Манке 1,Мәңке 1 а.
274049000,NK RK 11-2025,sub_district,2,Мендешевский с.о.,Меңдешев а.о.
274049100,NK RK 11-2025,settlement,2,с.Кыркопа,Қырқопа а.
274049102,NK RK 11-2025,settlement,2,с.Аксай 1,Ақсай 1 а.
274049103,NK RK 11-2025,settlement,2,с.Аксай 2,Ақсай 2 а.
274049104,NK RK 11-2025,settlement,2,с.Акуй,Ақүй а.
274049105,NK RK 11-2025,settlement,2,Комплекс,Кешен
274049106,NK RK 11-2025,settlement,2,с.Кызылбас,Қызылбас а.
274049107,NK RK 11-2025,settlement,2,с.Байток,Байтөк а.
274049108,NK RK 11-2025,settlement,2,с.Жетикудык,Жетіқұдық а.
274049109,NK RK 11-2025,settlement,2,с.Карабарак,Қарабарақ а.
274049111,NK RK 11-2025,settlement,2,с.Курилдеуик,Күрілдеуік а.
274049112,NK RK 11-2025,settlement,2,с.Делгир,Делгір а.
274049113,NK RK 11-2025,settlement,2,с.Жолкудык,Жолқұдық а.
274049114,NK RK 11-2025,settlement,2,с.Каразагон,Қаразагон а.
274049115,NK RK 11-2025,settlement,2,с.Куйген,Күйген а.
274049116,NK RK 11-2025,settlement,2,с.Сарыкобен,Сарыкөбен а.
274049117,NK RK 11-2025,settlement,2,с.Сугирали,Сүгірәлі а.
274049118,NK RK 11-2025,settlement,2,с.Орыскопа,Орысқопа а.
274053000,NK RK 11-2025,sub_district,2,Пятимарский с.о.,Пятимар а.о.
274053100,NK RK 11-2025,settlement,2,с.Пятимар,Пятимар а.
274053200,NK RK 11-2025,settlement,2,с.Аккус,Аққұс а.
274053202,NK RK 11-2025,settlement,2,с.Атаукудык,Атауқұдық а.
274053204,NK RK 11-2025,settlement,2,с.Керей,Керей а.
274053205,NK RK 11-2025,settlement,2,с.Киндикбидайык,Кіндікбидәйық а.
274053206,NK RK 11-2025,settlement,2,с.Омаркыстау,Омаркыстау а.
274053400,NK RK 11-2025,settlement,2,с.Борык,Борық а.
274053402,NK RK 11-2025,settlement,2,с.Бесоба,Бесоба а.
274053403,NK RK 11-2025,settlement,2,с.Беспай,Беспай а.
274053404,NK RK 11-2025,settlement,2,с.Бетеге,Бетеге а.
274053405,NK RK 11-2025,settlement,2,с.Кадыркул,Қадыркүл а.
274053406,NK RK 11-2025,settlement,2,с.Кожан,Қожан а.
274053407,NK RK 11-2025,settlement,2,с.Кособа,Қособа а.
274053408,NK RK 11-2025,settlement,2,с.Кошпан,Қошпан а.
274053409,NK RK 11-2025,settlement,2,с.Сагатерек,Сағатерек а.
274053500,NK RK 11-2025,settlement,2,с.Плантация,Плантация а.
274053502,NK RK 11-2025,settlement,2,с.Байтал,Байтал а.
274053503,NK RK 11-2025,settlement,2,с.Жапак,Жапақ а.
274053504,NK RK 11-2025,settlement,2,с.Зинепкудык,Зинепқұдық а.
274053505,NK RK 11-2025,settlement,2,с.Камыстыколь,Қамыстыкөл а.
274053506,NK RK 11-2025,settlement,2,с.Кызылоба,Қызылоба а.
274053507,NK RK 11-2025,settlement,2,с.Телятово,Телятово а.
274053508,NK RK 11-2025,settlement,2,с.Карамола,Қарамола а.
274053509,NK RK 11-2025,settlement,2,с.Мухамбет,Мұхамбет а.
274053511,NK RK 11-2025,settlement,2,с.Сарышыганак 1,Сарышығанақ 1 а.
274053512,NK RK 11-2025,settlement,2,с.Сарышыганак 2,Сарышығанақ 2 а.
274200000,NK RK 11-2025,district,2,Жанибекский район,Жәнібек ауданы
274230000,NK RK 11-2025,sub_district,2,Жанибекский с.о.,Жәнібек а.о.
274230100,NK RK 11-2025,settlement,2,с.Жанибек,Жәнібек а.
274230102,NK RK 11-2025,settlement,2,с.Новая Жизнь,Новая Жизнь а.
274230103,NK RK 11-2025,settlement,2,Откормпункт,Бордақылау орны
274230104,NK RK 11-2025,settlement,2,с.Умтыл,Ұмтыл а.
274233000,NK RK 11-2025,sub_district,2,Акобинский с.о.,Ақоба а.о.
274233100,NK RK 11-2025,settlement,2,с.Акоба,Ақоба а.
274233102,NK RK 11-2025,settlement,2,с.Акколь,Ақкөл а.
274233103,NK RK 11-2025,settlement,2,с.Бруцеллез,Бруцеллез а.
274233104,NK RK 11-2025,settlement,2,с.Даулет,Дәулет а.
274233105,NK RK 11-2025,settlement,2,с.Закария,Зәкәрия а.
274233106,NK RK 11-2025,settlement,2,с.Кузнец,Кузнец а.
274233108,NK RK 11-2025,settlement,2,с.Мишка 1,Мишка 1 а.
274233109,NK RK 11-2025,settlement,2,с.Мишка 2,Мишка 2 а.
274233111,NK RK 11-2025,settlement,2,с.Миян,Миян а.
274233112,NK RK 11-2025,settlement,2,с.Молотов 1,Молотов 1 а.
274233113,NK RK 11-2025,settlement,2,с.Молотов 2,Молотов 2 а.
274233114,NK RK 11-2025,settlement,2,с.Орджоникидзе,Орджоникидзе а.
274233115,NK RK 11-2025,settlement,2,с.Оян 1,Оян 1 а.
274233117,NK RK 11-2025,settlement,2,с.Передаточный,Передаточный а.
274233118,NK RK 11-2025,settlement,2,с.Пайыл,Пайыл а.
274233122,NK RK 11-2025,settlement,2,с.Сорколь 1,Соркөл 1 а.
274233123,NK RK 11-2025,settlement,2,с.Сулеймен,Сүлеймен а.
274233124,NK RK 11-2025,settlement,2,с.Терек,Терек а.
274233126,NK RK 11-2025,settlement,2,с.Беркалы,Беркәлі а.
274233127,NK RK 11-2025,settlement,2,с.Дружба,Дружба а.
274233128,NK RK 11-2025,settlement,2,с.Жиенбет,Жиенбет а.
274233129,NK RK 11-2025,settlement,2,с.Сарай 1,Сарай 1 а.
274233131,NK RK 11-2025,settlement,2,с.Сарай 2,Сарай 2 а.
274233132,NK RK 11-2025,settlement,2,с.Сорколь 2,Соркөл 2 а.
274235000,NK RK 11-2025,sub_district,2,Борсынский с.о.,Борсы а.о.
274235100,NK RK 11-2025,settlement,2,с.Борсы,Борсы а.
274235102,NK RK 11-2025,settlement,2,с.Бугет,Бөгет а.
274235103,NK RK 11-2025,settlement,2,с.Вышка,Вышка а.
274235105,NK RK 11-2025,settlement,2,с.Хайдар,Хайдар а.
274235200,NK RK 11-2025,settlement,2,с.Тегисшил,Тегісшіл а.
274235208,NK RK 11-2025,settlement,2,с.Таткен,Таткен а.
274235209,NK RK 11-2025,settlement,2,с.Алпауыз,Алпауыз а.
274237000,NK RK 11-2025,sub_district,2,Жаксыбайский с.о.,Жақсыбай а.о.
274237100,NK RK 11-2025,settlement,2,с.Жаксыбай,Жақсыбай а.
274237102,NK RK 11-2025,settlement,2,с.Айдарлы,Айдарлы а.
274237104,NK RK 11-2025,settlement,2,с.Закир,Зәкір а.
274237105,NK RK 11-2025,settlement,2,с.Каракес,Қаракес а.
274237106,NK RK 11-2025,settlement,2,с.Молотов,Молотов а.
274237107,NK RK 11-2025,settlement,2,с.Орошаемое,Орошаемое а.
274237108,NK RK 11-2025,settlement,2,с.Жалпакбас,Жалпақбас а.
274237112,NK RK 11-2025,settlement,2,с.Турехан,Төрехан а.
274237113,NK RK 11-2025,settlement,2,с.Третий,Третий а.
274237118,NK RK 11-2025,settlement,2,с.Ертаргын,Ертарғын а.
274237119,NK RK 11-2025,settlement,2,с.Жалын,Жалын а.
274237300,NK RK 11-2025,settlement,2,с.Акадыр,Ақадыр а.
274243000,NK RK 11-2025,sub_district,2,Куйгенкольский с.о.,Күйгенкөл а.о.
274243100,NK RK 11-2025,settlement,2,с.Жаскайрат,Жасқайрат а.
274243102,NK RK 11-2025,settlement,2,с.Алтыкашар,Алтықашар а.
274243103,NK RK 11-2025,settlement,2,с.Аргыбет,Арғыбет а.
274243104,NK RK 11-2025,settlement,2,ГЭС,ГЭС
274243105,NK RK 11-2025,settlement,2,Сад,Бақ
274243200,NK RK 11-2025,settlement,2,с.Колтабан,Қолтабан а.
274243202,NK RK 11-2025,settlement,2,с.Астаусалган,Астаусалған а.
274243203,NK RK 11-2025,settlement,2,с.Бухар,Бұхар а.
274243204,NK RK 11-2025,settlement,2,с.Каракудык,Қарақұдық а.
274243205,NK RK 11-2025,settlement,2,с.Сарбоз,Сарбоз а.
274243209,NK RK 11-2025,settlement,2,с.Шошка,Шошқа а.
274243300,NK RK 11-2025,settlement,2,с.Курсай,Құрсай а.
274243305,NK RK 11-2025,settlement,2,с.Когалы,Қоғалы а.
274243306,NK RK 11-2025,settlement,2,с.Кишикурсай,Кішіқұрсай а.
274243307,NK RK 11-2025,settlement,2,с.Куйгенколь,Күйгенкөл а.
274243309,NK RK 11-2025,settlement,2,с.Саралжын,Саралжын а.
274243312,NK RK 11-2025,settlement,2,с.Тобебас,Төбебас а.
274243315,NK RK 11-2025,settlement,2,с.Шарбаккыры,Шарбаққыры а.
274243316,NK RK 11-2025,settlement,2,с.Бескашар,Бескашар а.
274243400,NK RK 11-2025,settlement,2,с.Онеге,Өнеге а.
274243402,NK RK 11-2025,settlement,2,с.Алип,Әліп а.
274243403,NK RK 11-2025,settlement,2,с.Абдохай,Әбдохай а.
274243404,NK RK 11-2025,settlement,2,с.Арыстангали,Арыстанғали а.
274243405,NK RK 11-2025,settlement,2,с.Арык,Арық а.
274243406,NK RK 11-2025,settlement,2,с.Бирали,Бірәлі а.
274243407,NK RK 11-2025,settlement,2,с.Даулет,Дәулет а.
274243409,NK RK 11-2025,settlement,2,с.Кантай,Қантай а.
274243411,NK RK 11-2025,settlement,2,с.Койшы,Қойшы а.
274243412,NK RK 11-2025,settlement,2,с.Курмангазы,Құрманғазы а.
274243413,NK RK 11-2025,settlement,2,с.Кызылоба,Қызылоба а.
274243414,NK RK 11-2025,settlement,2,с.Октеш аул,Өктеш ауылы а.
274243415,NK RK 11-2025,settlement,2,Октеш шалашы,Өктеш шалашы
274243417,NK RK 11-2025,settlement,2,с.Талас,Талас а.
274243418,NK RK 11-2025,settlement,2,с.Темиргали,Темірғали а.
274245000,NK RK 11-2025,sub_district,2,Камыстинский с.о.,Қамысты а.о.
274245100,NK RK 11-2025,settlement,2,с.Камысты,Қамысты а.
274245107,NK RK 11-2025,settlement,2,с.Ескимай,Ескімай а.
274245109,NK RK 11-2025,settlement,2,с.Камысты,Қамысты а.
274245111,NK RK 11-2025,settlement,2,Насосный,Сорғы
274245113,NK RK 11-2025,settlement,2,с.Саралжын,Саралжын а.
274245117,NK RK 11-2025,settlement,2,с.Первое Мая,Первое Мая а.
274245118,NK RK 11-2025,settlement,2,с.Абен,Абен а.
274245119,NK RK 11-2025,settlement,2,с.Асима,Асима а.
274245121,NK RK 11-2025,settlement,2,с.Жаилма,Жаилма а.
274245122,NK RK 11-2025,settlement,2,с.Жана-турмыс,Жаңа-тұрмыс а.
274245123,NK RK 11-2025,settlement,2,с.Жел калак,Жел қалақ а.
274245124,NK RK 11-2025,settlement,2,с.Мастек,Мәстек а.
274247000,NK RK 11-2025,sub_district,2,Таловский с.о.,Талов а.о.
274247100,NK RK 11-2025,settlement,2,с.Таловка,Талов а.
274247102,NK RK 11-2025,settlement,2,с.Аманат,Аманат а.
274247108,NK RK 11-2025,settlement,2,с.Комсомол,Комсомол а.
274247200,NK RK 11-2025,settlement,2,с.Майтубек,Майтүбек а.
274249000,NK RK 11-2025,sub_district,2,Тауский с.о.,Тау а.о.
274249100,NK RK 11-2025,settlement,2,с.Тау,Тау а.
274249102,NK RK 11-2025,settlement,2,с.Басеке,Бәсеке а.
274249103,NK RK 11-2025,settlement,2,с.Жигер 1,Жігер 1 а.
274249104,NK RK 11-2025,settlement,2,с.Жигер 2,Жігер 2 а.
274249105,NK RK 11-2025,settlement,2,с.Жыра,Жыра а.
274249106,NK RK 11-2025,settlement,2,с.Нугман,Нұғман а.
274249107,NK RK 11-2025,settlement,2,с.Кошакай,Қошақай а.
274249109,NK RK 11-2025,settlement,2,с.Сапи,Сапи а.
274249111,NK RK 11-2025,settlement,2,с.Стандарт,Стандарт а.
274249112,NK RK 11-2025,settlement,2,с.Третий,Третий а.
274249114,NK RK 11-2025,settlement,2,с.Шеген,Шеген а.
274249115,NK RK 11-2025,settlement,2,с.Ергазы,Ерғазы а.
274249116,NK RK 11-2025,settlement,2,с.Туяк,Тұяқ а.
274249200,NK RK 11-2025,settlement,2,с.Жигер,Жігер а.
274249206,NK RK 11-2025,settlement,2,с.Соналы 1,Соналы 1 а.
274249207,NK RK 11-2025,settlement,2,с.Соналы 2,Соналы 2 а.
274249300,NK RK 11-2025,settlement,2,с.им.И.Жумаева,И.Жұмаев атын.а.
274249303,NK RK 11-2025,settlement,2,с.Ескак,Есқақ а.
274249307,NK RK 11-2025,settlement,2,с.Татран,Татран а.
274249309,NK RK 11-2025,settlement,2,с.Гиззат,Ғиззат а.
274249312,NK RK 11-2025,settlement,2,с.Умтыл,Ұмтыл а.
274253000,NK RK 11-2025,sub_district,2,Узункольский с.о.,Ұзынкөл а.о.
274253100,NK RK 11-2025,settlement,2,с.Узункол,Ұзынкөл а.
274253107,NK RK 11-2025,settlement,2,с.Абдолла,Абдолла а.
274253111,NK RK 11-2025,settlement,2,с.Мынжас,Мыңжас а.
274253115,NK RK 11-2025,settlement,2,с.Ныгмет,Нығмет а.
274253117,NK RK 11-2025,settlement,2,с.Муратсай,Мұратсай а.
274253118,NK RK 11-2025,settlement,2,с.Азамат,Азамат а.
274253119,NK RK 11-2025,settlement,2,с.Апакаш,Апақаш а.
274253121,NK RK 11-2025,settlement,2,с.Арашаем,Арашаем а.
274253122,NK RK 11-2025,settlement,2,с.Баймурат,Баймұрат а.
274253123,NK RK 11-2025,settlement,2,с.Бруцеллез,Бруцеллез а.
274253124,NK RK 11-2025,settlement,2,с.Ибраим,Ибраим а.
274253125,NK RK 11-2025,settlement,2,с.Шамурат,Шамұрат а.
274253200,NK RK 11-2025,settlement,2,с.Енбекши,Еңбекші а.
274253204,NK RK 11-2025,settlement,2,Алтыкашар,Алтықашар
274253206,NK RK 11-2025,settlement,2,с.Биринши,Бірінші а.
274253209,NK RK 11-2025,settlement,2,с.Инженер,Инженер а.
274253213,NK RK 11-2025,settlement,2,с.Тани,Тәни а.
274400000,NK RK 11-2025,district,2,район Бәйтерек,Бәйтерек ауданы
274430000,NK RK 11-2025,sub_district,2,Переметнинский с.о.,Переметное а.о.
274430100,NK RK 11-2025,settlement,2,с.Переметное,Переметное а.
274430200,NK RK 11-2025,settlement,2,с.Забродино,Забродино а.
274430209,NK RK 11-2025,settlement,2,с.Усихино,Усихино а.
274430300,NK RK 11-2025,settlement,2,с.Калининское,Калининское а.
274430400,NK RK 11-2025,settlement,2,с.Болашақ,Болашақ а.
274430500,NK RK 11-2025,settlement,2,с.Поливное,Поливное а.
274430700,NK RK 11-2025,settlement,2,с.Қаражар,Қаражар а.
274431000,NK RK 11-2025,sub_district,2,Дарьинский с.о.,Дария а.о.
274431100,NK RK 11-2025,settlement,2,с.Дарьинское,Дарьинское а.
274431200,NK RK 11-2025,settlement,2,с.Озерное,Озерное а.
274431202,NK RK 11-2025,settlement,2,Радиоцентр,Радиоорталық
274433000,NK RK 11-2025,sub_district,2,с.о.Атамекен,Атамекен а.о.
274433100,NK RK 11-2025,settlement,2,с.Атамекен,Атамекен а.
274433200,NK RK 11-2025,settlement,2,с.Гремячее,Гремячее а.
274433300,NK RK 11-2025,settlement,2,с.Қайнар,Қайнар а.
274433302,NK RK 11-2025,settlement,2,рзд.13,рзд.13
274435000,NK RK 11-2025,sub_district,2,Зеленовский с.о.,Зеленый а.о.
274435100,NK RK 11-2025,settlement,2,с.Зеленое,Зеленое а.
274439000,NK RK 11-2025,sub_district,2,с.о.Бейбітшілік,Бейбітшілік а.о.
274439100,NK RK 11-2025,settlement,2,с.Бейбітшілік,Бейбітшілік а.
274439200,NK RK 11-2025,settlement,2,с.Астафьево,Астафьево а.
274439300,NK RK 11-2025,settlement,2,с.Сырым батыр,Сырым батыр а.
274439400,NK RK 11-2025,settlement,2,с.Чапурино,Чапурино а.
274441000,NK RK 11-2025,sub_district,2,Кушумский с.о.,Көшім а.о.
274441100,NK RK 11-2025,settlement,2,с.Большой Чаган,Үлкен Шаған а.
274441102,NK RK 11-2025,settlement,2,Дом Иртикеева,Иртикеев үйі
274441103,NK RK 11-2025,settlement,2,Дом Волкова-Суворова,Волков-Суворов үйі
274441104,NK RK 11-2025,settlement,2,ЛДПС Большой Чаган,ЛДПС Үлкен Шаған
274441105,NK RK 11-2025,settlement,2,Подстанция Большой Чаган,Үлкен Шаған қосалқыстансасы
274441106,NK RK 11-2025,settlement,2,Полевой стан,Дала қосы
274441300,NK RK 11-2025,settlement,2,с.Ақсу,Ақсу а.
274441302,NK RK 11-2025,settlement,2,Дом Хонина,Хонинаүйі
274441400,NK RK 11-2025,settlement,2,с.Колесово,Колесово а.
274441500,NK RK 11-2025,settlement,2,с.Кушум,Көшім а.
274441502,NK RK 11-2025,settlement,2,Подстанция Кушум,Көшім қосалқыстансасы
274441503,NK RK 11-2025,settlement,2,Полевой стан,Дала қосы
274441600,NK RK 11-2025,settlement,2,с.Малый Чаган,Кіші Шаған а.
274441700,NK RK 11-2025,settlement,2,с.Оркен,Өркен а.
274441702,NK RK 11-2025,settlement,2,с.Степное 2,Степное 2 а.
274441703,NK RK 11-2025,settlement,2,с.Цинковая,Цинковая а.
274443000,NK RK 11-2025,sub_district,2,Макаровский с.о.,Макаров а.о.
274443100,NK RK 11-2025,settlement,2,с.Макарово,Макарово а.
274443200,NK RK 11-2025,settlement,2,с.Мирное,Мирное а.
274443300,NK RK 11-2025,settlement,2,с.Садовое,Садовое а.
274443600,NK RK 11-2025,settlement,2,с.Жалын,Жалын а.
274445000,NK RK 11-2025,sub_district,2,Мичуринский с.о.,Мичурин а.о.
274445100,NK RK 11-2025,settlement,2,с.Мичуринское,Мичуринское а.
274445102,NK RK 11-2025,settlement,2,Пеленгатор,Пеленгатор
274445300,NK RK 11-2025,settlement,2,с.Жамбыл,Жамбыл а.
274445400,NK RK 11-2025,settlement,2,с.Зеленое,Зеленое а.
274445402,NK RK 11-2025,settlement,2,Мост,Көпір
274445500,NK RK 11-2025,settlement,2,с.Асан,Асан а.
274445600,NK RK 11-2025,settlement,2,с.Октябрьское,Октябрьское а.
274445602,NK RK 11-2025,settlement,2,Турбаза,Турбаза
274447000,NK RK 11-2025,sub_district,2,Шалғайский с.о.,Шалғай а.о.
274447100,NK RK 11-2025,settlement,2,с.Шалғай,Шалғай а.
274447300,NK RK 11-2025,settlement,2,с.Тыңдала,Тыңдала а.
274447400,NK RK 11-2025,settlement,2,с.Таловая,Таловая а.
274453000,NK RK 11-2025,sub_district,2,Раздольненский с.о.,Раздольный а.о.
274453100,NK RK 11-2025,settlement,2,с.Раздольное,Раздольное а.
274453200,NK RK 11-2025,settlement,2,с.Ақбидай,Ақбидай а.
274455000,NK RK 11-2025,sub_district,2,Белесский с.о.,Белес а.о.
274455100,NK RK 11-2025,settlement,2,с.Белес,Белес а.
274455102,NK RK 11-2025,settlement,2,рзд.Кордон,рзд.Кордон
274455200,NK RK 11-2025,settlement,2,с.Акжол,Ақжол а.
274457000,NK RK 11-2025,sub_district,2,Рубежинский с.о.,Рубежин а.о.
274457100,NK RK 11-2025,settlement,2,с.Рубежинское,Рубежинское а.
274459000,NK RK 11-2025,sub_district,2,Егиндибулакский с.о.,Егіндібұлақ а.о.
274459100,NK RK 11-2025,settlement,2,с.Егиндибулак,Егіндібұлақ а.
274459200,NK RK 11-2025,settlement,2,с.Алмалы,Алмалы а.
274461000,NK RK 11-2025,sub_district,2,с.о.Байқоныс,Байқоныс а.о.
274461100,NK RK 11-2025,settlement,2,с.Байқоныс,Байқоныс а.
274461200,NK RK 11-2025,settlement,2,с.Володарское,Володарское а.
274461300,NK RK 11-2025,settlement,2,с.Жайык,Жайық а.
274461400,NK RK 11-2025,settlement,2,с.Новенькое,Новенькое а.
274463000,NK RK 11-2025,sub_district,2,Достыкский с.о.,Достық а.о.
274463100,NK RK 11-2025,settlement,2,с.Достык,Достық а.
274463400,NK RK 11-2025,settlement,2,с.Красный Урал,Красный Урал а.
274463700,NK RK 11-2025,settlement,2,с.Чувашинское,Чувашинское а.
274465000,NK RK 11-2025,sub_district,2,Махамбетский с.о.,Махамбет а.о.
274465100,NK RK 11-2025,settlement,2,с.Махамбет,Махамбет а.
274465200,NK RK 11-2025,settlement,2,с.Горбуново,Горбуново а.
274465300,NK RK 11-2025,settlement,2,с.Кожевниково,Кожевниково а.
274465400,NK RK 11-2025,settlement,2,с.Павлово,Павлово а.
274467000,NK RK 11-2025,sub_district,2,с.о.Құрманғазы,Құрманғазы а.о.
274467100,NK RK 11-2025,settlement,2,с.Құрманғазы,Құрманғазы а.
274467200,NK RK 11-2025,settlement,2,с.Аманат,Аманат а.
274469000,NK RK 11-2025,sub_district,2,Сұлукөлский с.о.,Сұлу көл а.о.
274469100,NK RK 11-2025,settlement,2,с.Сұлу көл,Сұлу көл а.
274471000,NK RK 11-2025,sub_district,2,Чировский с.о.,Чиров а.о.
274471100,NK RK 11-2025,settlement,2,с.Чирово,Чирово а.
274471200,NK RK 11-2025,settlement,2,с.Балабаново,Балабаново а.
274475000,NK RK 11-2025,sub_district,2,Щаповский с.о.,Щапов а.о.
274475100,NK RK 11-2025,settlement,2,с.Щапово,Щапово а.
274475400,NK RK 11-2025,settlement,2,с.Жаңатаң,Жаңатаң а.
274475402,NK RK 11-2025,settlement,2,Дом Солтык,Солтыкүйі
274477000,NK RK 11-2025,sub_district,2,Янайкинский с.о.,Янайкин а.о.
274477100,NK RK 11-2025,settlement,2,с.Янайкино,Янайкино а.
274477102,NK RK 11-2025,settlement,2,Животноводческая фирма,Малшаруашылығы фирмасы
274477200,NK RK 11-2025,settlement,2,с.Богатск,Богатск а.
274477300,NK RK 11-2025,settlement,2,с.Скворкино,Скворкино а.
274479000,NK RK 11-2025,sub_district,2,Январцевский с.о.,Январцев а.о.
274479100,NK RK 11-2025,settlement,2,с.Январцево,Январцево а.
274479102,NK RK 11-2025,settlement,2,Дом оператора,Оператор үйі
274479200,NK RK 11-2025,settlement,2,с.Кирсаново,Кирсаново а.
274479300,NK RK 11-2025,settlement,2,с.Петрово,Петрово а.
274479400,NK RK 11-2025,settlement,2,с.Красноармейское,Красноармейское а.
274479500,NK RK 11-2025,settlement,2,с.Чинарево,Чинарево а.
274479600,NK RK 11-2025,settlement,2,с.Спартак,Спартак а.
274800000,NK RK 11-2025,district,2,Казталовский район,Казталовка ауданы
274830000,NK RK 11-2025,sub_district,2,Казталовский с.о.,Казталовка а.о.
274830100,NK RK 11-2025,settlement,2,с.Казталовка,Казталовка а.
274830200,NK RK 11-2025,settlement,2,с.Бозоба,Бозоба а.
274830202,NK RK 11-2025,settlement,2,с.Бозой,Бозой а.
274830203,NK RK 11-2025,settlement,2,с.Долдаш,Долдаш а.
274830204,NK RK 11-2025,settlement,2,с.Жумагул,Жұмагүл а.
274830205,NK RK 11-2025,settlement,2,с.Кайран,Қайран а.
274830206,NK RK 11-2025,settlement,2,с.Кайырбай,Қайырбай а.
274830208,NK RK 11-2025,settlement,2,с.Куандык,Қуандық а.
274830209,NK RK 11-2025,settlement,2,с.Нукен,Нүкен а.
274830212,NK RK 11-2025,settlement,2,с.Молокино,Молокино а.
274830213,NK RK 11-2025,settlement,2,с.Сундетшеген,Сүндетшеген а.
274830214,NK RK 11-2025,settlement,2,с.Толеш,Төлеш а.
274830215,NK RK 11-2025,settlement,2,с.Утей,Өтей а.
274830216,NK RK 11-2025,settlement,2,с.Шолаксай,Шолақсай а.
274830218,NK RK 11-2025,settlement,2,с.Байтурган,Байтұрған а.
274830219,NK RK 11-2025,settlement,2,с.Куан,Қуан а.
274830300,NK RK 11-2025,settlement,2,с.Коныс,Қоныс а.
274830303,NK RK 11-2025,settlement,2,с.Капай,Қапай а.
274830304,NK RK 11-2025,settlement,2,с.Маубас,Маубас а.
274830305,NK RK 11-2025,settlement,2,Откормплощадка,Бордақылау орны
274830306,NK RK 11-2025,settlement,2,с.Ерикти кала,Ерікті қала а.
274830400,NK RK 11-2025,settlement,2,с.Сексенбаев,Сексенбаев а.
274830402,NK RK 11-2025,settlement,2,с.Бек,Бек а.
274830404,NK RK 11-2025,settlement,2,с.Карасу,Қарасу а.
274830405,NK RK 11-2025,settlement,2,Камышкора,Қамысқора
274830406,NK RK 11-2025,settlement,2,с.Нугыман,Нұғыман а.
274830407,NK RK 11-2025,settlement,2,с.Майтан,Майтан а.
274830408,NK RK 11-2025,settlement,2,с.Мышым,Мышым а.
274830411,NK RK 11-2025,settlement,2,с.Сайкудык,Сайқұдық а.
274830416,NK RK 11-2025,settlement,2,с.Шаути,Шаути а.
274830417,NK RK 11-2025,settlement,2,с.Шокак,Шоқақ а.
274830418,NK RK 11-2025,settlement,2,с.Алтыбаз,Алтыбаз а.
274830419,NK RK 11-2025,settlement,2,с.Коппатер,Көппәтер а.
274833000,NK RK 11-2025,sub_district,2,Акпатерский с.о.,Ақпатер а.о.
274833100,NK RK 11-2025,settlement,2,с.Акпатер,Ақпатер а.
274833102,NK RK 11-2025,settlement,2,АГРЭС,АГРЭС
274833103,NK RK 11-2025,settlement,2,с.Байтурган,Байтұрған а.
274833104,NK RK 11-2025,settlement,2,с.Жагор,Жәгор а.
274833105,NK RK 11-2025,settlement,2,с.Каракобик,Қаракөбік а.
274833106,NK RK 11-2025,settlement,2,с.Посев,Посев а.
274833107,NK RK 11-2025,settlement,2,с.Сексенбай,Сексенбай а.
274833108,NK RK 11-2025,settlement,2,с.Коссортан,Қоссортан а.
274833109,NK RK 11-2025,settlement,2,с.Такырсуат,Тақырсуат а.
274833111,NK RK 11-2025,settlement,2,с.Кишкене шал,Кішкене шал а.
274833112,NK RK 11-2025,settlement,2,с.Беркали,Берікқали а.
274833113,NK RK 11-2025,settlement,2,с.Караагаш 1,Қараағаш 1 а.
274833114,NK RK 11-2025,settlement,2,с.Караагаш 2,Қараағаш 2 а.
274833115,NK RK 11-2025,settlement,2,с.Канаткобик,Қанаткөбік а.
274833116,NK RK 11-2025,settlement,2,с.Меншин,Меншін а.
274833200,NK RK 11-2025,settlement,2,с.Кишкенеталдыкудук,Кішкенеталдықұдық а.
274833203,NK RK 11-2025,settlement,2,с.Болекшубар,Бөлекшұбар а.
274833205,NK RK 11-2025,settlement,2,с.Жанашубар,Жаңашұбар а.
274835000,NK RK 11-2025,sub_district,2,Березинский с.о.,Березин а.о.
274835100,NK RK 11-2025,settlement,2,с.Кайынды,Қайыңды а.
274835102,NK RK 11-2025,settlement,2,с.Аксуйрик,Ақсүйрік а.
274835103,NK RK 11-2025,settlement,2,с.Далабай,Далабай а.
274835104,NK RK 11-2025,settlement,2,с.Егиндой,Егіндіой а.
274835105,NK RK 11-2025,settlement,2,с.Жаманкудук,Жаманқұдық а.
274835106,NK RK 11-2025,settlement,2,с.Жалгызшыгыр,Жалғызшығыр а.
274835109,NK RK 11-2025,settlement,2,с.Насиболла,Нәсіболла а.
274835111,NK RK 11-2025,settlement,2,с.Теренкудук,Тереңқұдық а.
274835112,NK RK 11-2025,settlement,2,с.Тогызкарагай,Тоғызқарағай а.
274835113,NK RK 11-2025,settlement,2,с.Хисмет,Хисмет а.
274835115,NK RK 11-2025,settlement,2,с.Супыш,Сұпыш а.
274835116,NK RK 11-2025,settlement,2,с.Ащысай,Ащысай а.
274835117,NK RK 11-2025,settlement,2,с.Жунустубек,Жүністүбек а.
274835118,NK RK 11-2025,settlement,2,с.Кенжегали,Кенжеғали а.
274837000,NK RK 11-2025,sub_district,2,Болашакский с.о.,Болашақ а.о.
274837100,NK RK 11-2025,settlement,2,с.Болашак,Болашақ а.
274837102,NK RK 11-2025,settlement,2,с.Асан,Асан а.
274837103,NK RK 11-2025,settlement,2,с.Васкино,Васкино а.
274837104,NK RK 11-2025,settlement,2,с.Камай,Қамай а.
274837105,NK RK 11-2025,settlement,2,с.Камыстыколь,Қамыстыкөл а.
274837106,NK RK 11-2025,settlement,2,с.Колганов,Қолғанов а.
274837109,NK RK 11-2025,settlement,2,с.Молотков,Молотков а.
274837200,NK RK 11-2025,settlement,2,с.Копкутир,Көпкүтір а.
274837202,NK RK 11-2025,settlement,2,с.Ашыкудук,Ащықұдық а.
274837203,NK RK 11-2025,settlement,2,с.Дуково,Дуково а.
274837204,NK RK 11-2025,settlement,2,Жанаорын,Жаңаорын
274837205,NK RK 11-2025,settlement,2,с.Онайбек,Оңайбек а.
274837206,NK RK 11-2025,settlement,2,с.Оспан 1,Оспан 1 а.
274837208,NK RK 11-2025,settlement,2,Плантация,Плантация
274837209,NK RK 11-2025,settlement,2,с.Харитон,Харитон а.
274837211,NK RK 11-2025,settlement,2,с.Чебаково,Чебаково а.
274837300,NK RK 11-2025,settlement,2,с.Жана тан,Жаңатаң а.
274837400,NK RK 11-2025,settlement,2,с.Аккурай,Аққурай а.
274837402,NK RK 11-2025,settlement,2,с.Беденка,Беденка а.
274837404,NK RK 11-2025,settlement,2,с.Кашка,Кашка а.
274837406,NK RK 11-2025,settlement,2,с.Садык,Садық а.
274837407,NK RK 11-2025,settlement,2,с.Текебай,Текебай а.
274837408,NK RK 11-2025,settlement,2,с.Теренкудук,Тереңқұдық а.
274837409,NK RK 11-2025,settlement,2,с.Тушыкудук,Тұщықұдық а.
274837411,NK RK 11-2025,settlement,2,Шильная балка,Шильная балка
274839000,NK RK 11-2025,sub_district,2,Бостандыкский с.о.,Бостандық а.о.
274839100,NK RK 11-2025,settlement,2,с.Бостандык,Бостандық а.
274839102,NK RK 11-2025,settlement,2,с.Айткул,Айткүл а.
274839103,NK RK 11-2025,settlement,2,с.Аксуат,Ақсуат а.
274839106,NK RK 11-2025,settlement,2,с.Искак,Исқақ а.
274839108,NK RK 11-2025,settlement,2,с.Муканбет,Мұқанбет а.
274839109,NK RK 11-2025,settlement,2,с.Канал,Канал а.
274839111,NK RK 11-2025,settlement,2,с.Кайып,Қайып а.
274839113,NK RK 11-2025,settlement,2,с.Конырша,Қоңырша а.
274839114,NK RK 11-2025,settlement,2,с.Тасоба,Тасоба а.
274839200,NK RK 11-2025,settlement,2,с.Караколь,Қаракөл а.
274839202,NK RK 11-2025,settlement,2,с.Акколмек,Ақкөлмек а.
274839203,NK RK 11-2025,settlement,2,с.Бекиш,Бекіш а.
274839204,NK RK 11-2025,settlement,2,с.Бесоба,Бесоба а.
274839205,NK RK 11-2025,settlement,2,с.Бекет,Бекет а.
274839206,NK RK 11-2025,settlement,2,с.Биеолген,Биеөлген а.
274839209,NK RK 11-2025,settlement,2,с.Жанабаз,Жаңабаз а.
274839211,NK RK 11-2025,settlement,2,с.Жаманкудук,Жаманқұдық а.
274839213,NK RK 11-2025,settlement,2,с.Жылти,Жылти а.
274839214,NK RK 11-2025,settlement,2,с.Ибатшеген,Ибатшеген а.
274839216,NK RK 11-2025,settlement,2,с.Камыстыколь,Қамыстыкөл а.
274839218,NK RK 11-2025,settlement,2,с.Косарал,Қосарал а.
274839219,NK RK 11-2025,settlement,2,с.Курайлы,Қурайлы а.
274839221,NK RK 11-2025,settlement,2,с.Кулшыман,Құлшыман а.
274839222,NK RK 11-2025,settlement,2,с.Насип,Нәсіп а.
274839223,NK RK 11-2025,settlement,2,с.Онбай,Онбай а.
274839225,NK RK 11-2025,settlement,2,с.Сабыр,Сабыр а.
274841000,NK RK 11-2025,sub_district,2,Бирикский с.о.,Бірік а.о.
274841100,NK RK 11-2025,settlement,2,с.Ажибай,Әжібай а.
274841102,NK RK 11-2025,settlement,2,Агашуй,Ағашүй
274841104,NK RK 11-2025,settlement,2,с.Курколь,Құркөл а.
274841105,NK RK 11-2025,settlement,2,с.Лекер,Лекер а.
274841108,NK RK 11-2025,settlement,2,с.Жумыр,Жұмыр а.
274841200,NK RK 11-2025,settlement,2,с.Кызылту,Қызылту а.
274841202,NK RK 11-2025,settlement,2,с.Акбасты,Ақбасты а.
274841204,NK RK 11-2025,settlement,2,с.Жанабаз,Жаңабаз а.
274841206,NK RK 11-2025,settlement,2,с.Кердери,Кердері а.
274841208,NK RK 11-2025,settlement,2,с.Мангур,Мәнгүр а.
274841209,NK RK 11-2025,settlement,2,с.Шункырколь,Шұңқыркөл а.
274841300,NK RK 11-2025,settlement,2,с.Саралжын,Саралжын а.
274843000,NK RK 11-2025,sub_district,2,Жалпакталский с.о.,Жалпақтал а.о.
274843100,NK RK 11-2025,settlement,2,с.Жалпактал,Жалпақтал а.
274843103,NK RK 11-2025,settlement,2,с.Кулак,Құлақ а.
274845000,NK RK 11-2025,sub_district,2,Жанажолский с.о.,Жаңажол а.о.
274845100,NK RK 11-2025,settlement,2,с.Жанажол,Жаңажол а.
274845200,NK RK 11-2025,settlement,2,с.Абиш,Әбіш а.
274845202,NK RK 11-2025,settlement,2,с.Назар,Назар а.
274845203,NK RK 11-2025,settlement,2,с.Карасу 1,Қарасу 1 а.
274845204,NK RK 11-2025,settlement,2,с.Шока,Шоқа а.
274845205,NK RK 11-2025,settlement,2,с.Карасу 2,Қарасу 2 а.
274845206,NK RK 11-2025,settlement,2,с.Таз,Таз а.
274845300,NK RK 11-2025,settlement,2,с.Комекши,Көмекші а.
274845303,NK RK 11-2025,settlement,2,с.Байжиен,Байжиен а.
274845305,NK RK 11-2025,settlement,2,с.Жылти,Жылти а.
274845307,NK RK 11-2025,settlement,2,с.Наролген,Нарөлген а.
274845308,NK RK 11-2025,settlement,2,с.Сакрыль,Сақрыл а.
274845309,NK RK 11-2025,settlement,2,с.Туремурат,Төремұрат а.
274845500,NK RK 11-2025,settlement,2,с.Танат,Таңат а.
274845502,NK RK 11-2025,settlement,2,с.Айганша,Айғанша а.
274845503,NK RK 11-2025,settlement,2,с.Арыкбай,Арықбай а.
274845504,NK RK 11-2025,settlement,2,с.Даси,Даси а.
274845505,NK RK 11-2025,settlement,2,с.Караоба,Қараоба а.
274845506,NK RK 11-2025,settlement,2,с.Малакан,Малақан а.
274845507,NK RK 11-2025,settlement,2,Сад,Бақ
274845509,NK RK 11-2025,settlement,2,с.Каражира,Қаражыра а.
274845511,NK RK 11-2025,settlement,2,с.Кулак,Құлақ а.
274845512,NK RK 11-2025,settlement,2,с.Султаншеген,Сұлтаншеген а.
274849000,NK RK 11-2025,sub_district,2,Коктерекский с.о.,Көктерек а.о.
274849100,NK RK 11-2025,settlement,2,с.Коктерек,Көктерек а.
274849102,NK RK 11-2025,settlement,2,с.Балауса,Балауса а.
274849103,NK RK 11-2025,settlement,2,с.Майтубек,Майтүбек а.
274849104,NK RK 11-2025,settlement,2,с.Мамай 1,Мамай 1 а.
274849106,NK RK 11-2025,settlement,2,с.Таскудук,Тасқұдық а.
274849107,NK RK 11-2025,settlement,2,с.Мамай 2,Мамай 2 а.
274849109,NK RK 11-2025,settlement,2,с.Тоскудук 2,Төсқұдық 2 а.
274849300,NK RK 11-2025,settlement,2,с.Уразгали,Оразғали а.
274849303,NK RK 11-2025,settlement,2,с.Аликопа,Әлиқопа а.
274849304,NK RK 11-2025,settlement,2,с.Есболат,Есболат а.
274849306,NK RK 11-2025,settlement,2,с.Жетикебен,Жетікебен а.
274849308,NK RK 11-2025,settlement,2,с.Халайык,Халайық а.
274849313,NK RK 11-2025,settlement,2,с.Шыбынды,Шыбынды а.
274849400,NK RK 11-2025,settlement,2,с.Саралжын,Саралжын а.
274849408,NK RK 11-2025,settlement,2,с.Отеп,Өтеп а.
274849409,NK RK 11-2025,settlement,2,с.Шегирткели,Шегірткелі а.
274849411,NK RK 11-2025,settlement,2,с.Жибек,Жібек а.
274849412,NK RK 11-2025,settlement,2,с.Полевой,Полевой а.
274849500,NK RK 11-2025,settlement,2,с.Сатыбалды,Сатыбалды а.
274851000,NK RK 11-2025,sub_district,2,Караобинский с.о.,Қараоба а.о.
274851100,NK RK 11-2025,settlement,2,с.Караоба,Қараоба а.
274851103,NK RK 11-2025,settlement,2,с.Алау,Алау а.
274851104,NK RK 11-2025,settlement,2,с.Баянбай,Баянбай а.
274851106,NK RK 11-2025,settlement,2,с.Едилбай,Еділбай а.
274851107,NK RK 11-2025,settlement,2,с.Жалын,Жалын а.
274851108,NK RK 11-2025,settlement,2,с.Комсомол,Комсомол а.
274851109,NK RK 11-2025,settlement,2,с.Мади,Мәди а.
274851113,NK RK 11-2025,settlement,2,с.Ушкын,Ұшқын а.
274851200,NK RK 11-2025,settlement,2,с.Енбек,Еңбек а.
274851202,NK RK 11-2025,settlement,2,с.Абдыреш,Әбдіреш а.
274851203,NK RK 11-2025,settlement,2,с.Акшырак,Ақшырақ а.
274851204,NK RK 11-2025,settlement,2,с.Алгали,Алғали а.
274851205,NK RK 11-2025,settlement,2,с.Елтай,Елтай а.
274851300,NK RK 11-2025,settlement,2,с.Конысбай,Қонысбай а.
274851302,NK RK 11-2025,settlement,2,с.Жанабай,Жаңабай а.
274851303,NK RK 11-2025,settlement,2,с.Жанаорнек,Жаңаөрнек а.
274851306,NK RK 11-2025,settlement,2,с.Катон,Катон а.
274851308,NK RK 11-2025,settlement,2,с.Темиргали,Темірғали а.
274853000,NK RK 11-2025,sub_district,2,Караузенский с.о.,Қараөзен а.о.
274853100,NK RK 11-2025,settlement,2,с.Караузен,Қараөзен а.
274853103,NK RK 11-2025,settlement,2,с.Кулак,Құлақ а.
274853104,NK RK 11-2025,settlement,2,с.Кузьма,Кузьма а.
274853200,NK RK 11-2025,settlement,2,с.Жас,Жас а.
274853202,NK RK 11-2025,settlement,2,с.Алкеш,Алкеш а.
274853204,NK RK 11-2025,settlement,2,с.Дукен,Дүкен а.
274853205,NK RK 11-2025,settlement,2,с.Елексай,Елексай а.
274853206,NK RK 11-2025,settlement,2,с.Жузбай,Жүзбай а.
274853207,NK RK 11-2025,settlement,2,с.Кадер,Кадер а.
274853212,NK RK 11-2025,settlement,2,с.Кожантай,Қожантай а.
274853214,NK RK 11-2025,settlement,2,с.Сарышыганак,Сарышығанақ а.
274853216,NK RK 11-2025,settlement,2,с.Хиуа,Хиуа а.
274853217,NK RK 11-2025,settlement,2,с.Киши Корган,Кіші Қорған а.
274853218,NK RK 11-2025,settlement,2,с.Канаткали,Қанатқали а.
274853219,NK RK 11-2025,settlement,2,с.Кожа,Қожа а.
274853221,NK RK 11-2025,settlement,2,с.Улкен Корган,Үлкен Қорған а.
274853400,NK RK 11-2025,settlement,2,с.Серик,Серік а.
274853402,NK RK 11-2025,settlement,2,с.Ашыкудук 1,Ащықұдық 1 а.
274853403,NK RK 11-2025,settlement,2,с.Ашыкудук 2,Ащықұдық 2 а.
274853404,NK RK 11-2025,settlement,2,Дом чабана Серика,Серік шопанның үйі
274853405,NK RK 11-2025,settlement,2,с.Жабайкин,Жабайкин а.
274853407,NK RK 11-2025,settlement,2,с.Карасу 1,Қарасу 1 а.
274853411,NK RK 11-2025,settlement,2,с.Николай,Николай а.
274853414,NK RK 11-2025,settlement,2,Стан,Күрке
274853415,NK RK 11-2025,settlement,2,с.Темирастау,Темірастау а.
274853416,NK RK 11-2025,settlement,2,с.Жана орын,Жаңа орын а.
274853417,NK RK 11-2025,settlement,2,с.Шахат,Шахат а.
274855000,NK RK 11-2025,sub_district,2,Карасуский с.о.,Қарасу а.о.
274855100,NK RK 11-2025,settlement,2,с.Карасу,Қарасу а.
274855103,NK RK 11-2025,settlement,2,с.Торегали,Төреғали а.
274855104,NK RK 11-2025,settlement,2,с.Айдархан,Айдархан а.
274855105,NK RK 11-2025,settlement,2,с.Кушыганак 1,Қушығанақ 1 а.
274855106,NK RK 11-2025,settlement,2,с.Сарымсак,Сарымсақ а.
274855107,NK RK 11-2025,settlement,2,с.Суттигенди,Сүттигенді а.
274855108,NK RK 11-2025,settlement,2,с.Токсоба,Тоқсоба а.
274855200,NK RK 11-2025,settlement,2,с.Ашысай,Ащысай  а.
274855203,NK RK 11-2025,settlement,2,с.Бескопа,Бесқопа а.
274855204,NK RK 11-2025,settlement,2,с.Даукора,Дәуқора а.
274855205,NK RK 11-2025,settlement,2,с.Даулбай,Дауылбай а.
274855209,NK RK 11-2025,settlement,2,с.Шолаккопа,Шолаққопа а.
274855300,NK RK 11-2025,settlement,2,с.Бостандык,Бостандық а.
274855400,NK RK 11-2025,settlement,2,с.Жулдыз,Жұлдыз а.
274855403,NK RK 11-2025,settlement,2,с.Базаркудук,Базарқұдық а.
274855409,NK RK 11-2025,settlement,2,с.Сулыколь,Сулыкөл а.
274855411,NK RK 11-2025,settlement,2,с.Тортпишен,Төртпішен а.
274855412,NK RK 11-2025,settlement,2,с.Торекудук,Төреқұдық а.
274857000,NK RK 11-2025,sub_district,2,Кошанколский с.о.,Қошанкөл а.о.
274857100,NK RK 11-2025,settlement,2,с.Кошанколь,Қошанкөл а.
274857102,NK RK 11-2025,settlement,2,с.Ажкей,Әжкей а.
274857103,NK RK 11-2025,settlement,2,с.Акеш,Әкеш а.
274857104,NK RK 11-2025,settlement,2,с.Аксирак,Ақсирақ а.
274857105,NK RK 11-2025,settlement,2,с.Бессалом,Бессалом а.
274857106,NK RK 11-2025,settlement,2,Болатбазы,Болатбазы
274857107,NK RK 11-2025,settlement,2,с.Каратокай,Қаратоқай а.
274857108,NK RK 11-2025,settlement,2,с.Казахстан,Қазақстан а.
274857109,NK RK 11-2025,settlement,2,с.Коктерек,Көктерек а.
274857111,NK RK 11-2025,settlement,2,с.Лукпан,Лұқпан а.
274857113,NK RK 11-2025,settlement,2,с.Новая Жизнь,Новая Жизнь а.
274857114,NK RK 11-2025,settlement,2,с.Тунгыш,Тұңғыш а.
274857115,NK RK 11-2025,settlement,2,с.Богет,Бөгет а.
274857116,NK RK 11-2025,settlement,2,с.Бозоба,Бозоба а.
274857119,NK RK 11-2025,settlement,2,с.Карасу,Қарасу а.
274857121,NK RK 11-2025,settlement,2,с.Китар,Қитар а.
274857123,NK RK 11-2025,settlement,2,с.Муканай,Мұқанай а.
274857125,NK RK 11-2025,settlement,2,с.Собак,Собақ а.
274857300,NK RK 11-2025,settlement,2,с.Ордабай,Ордабай а.
274857303,NK RK 11-2025,settlement,2,с.Карамырза,Қарамырза а.
274857304,NK RK 11-2025,settlement,2,с.Каракудук,Қарақұдық а.
274857306,NK RK 11-2025,settlement,2,с.Кошан 1,Қощан 1 а.
274857307,NK RK 11-2025,settlement,2,с.Кошан 2,Кощан 2 а.
274857308,NK RK 11-2025,settlement,2,Маканбазы,Мақанбазы
274857309,NK RK 11-2025,settlement,2,с.Сейтимбет,Сейітімбет а.
274857311,NK RK 11-2025,settlement,2,с.Темирболат,Темірболат а.
274857312,NK RK 11-2025,settlement,2,с.Тулептубеш,Түлептүбеш а.
274859000,NK RK 11-2025,sub_district,2,Талдыапанский с.о.,Талдыапан а.о.
274859100,NK RK 11-2025,settlement,2,с.Талдыапан,Талдыапан а.
274859102,NK RK 11-2025,settlement,2,Алмабак,Алмабақ
274859103,NK RK 11-2025,settlement,2,с.Бекбау,Бекбау а.
274859104,NK RK 11-2025,settlement,2,с.Костанбай,Қостанбай а.
274859105,NK RK 11-2025,settlement,2,с.Талсай,Талсай а.
274859106,NK RK 11-2025,settlement,2,с.Улкенколь,Үлкенкөл а.
274859200,NK RK 11-2025,settlement,2,с.Бейистерек,Бейістерек а.
274859205,NK RK 11-2025,settlement,2,с.Оразбай,Оразбай а.
274859300,NK RK 11-2025,settlement,2,с.Кайшакудук,Қайшақұдық а.
274859302,NK RK 11-2025,settlement,2,с.Байбоз,Байбоз а.
274859303,NK RK 11-2025,settlement,2,с.Жади,Жаді а.
274859304,NK RK 11-2025,settlement,2,с.Карагай,Қарағай а.
274859305,NK RK 11-2025,settlement,2,с.Пашка,Пашка а.
274859306,NK RK 11-2025,settlement,2,с.Отызкебен,Отызкебен а.
274859400,NK RK 11-2025,settlement,2,с.Кособа,Қособа а.
274859402,NK RK 11-2025,settlement,2,с.Кособа 1,Қособа 1 а.
274859404,NK RK 11-2025,settlement,2,с.Иклас,Ықлас а.
274859405,NK RK 11-2025,settlement,2,с.Ормакай,Ормақай а.
274859406,NK RK 11-2025,settlement,2,с.Сарышункей,Сарышүнкей а.
274859407,NK RK 11-2025,settlement,2,с.Талап,Талап а.
274859409,NK RK 11-2025,settlement,2,140 км,Жүзқырықыншы км
274859411,NK RK 11-2025,settlement,2,с.Кабыршак,Қабыршақ а.
274859412,NK RK 11-2025,settlement,2,с.Тамон 1,Тамон 1 а.
274859413,NK RK 11-2025,settlement,2,с.Тамон 2,Тамон 2 а.
274859500,NK RK 11-2025,settlement,2,с.Сарыкудук,Сарықұдық а.
274863000,NK RK 11-2025,sub_district,2,Талдыкудукский с.о.,Талдықұдық а.о.
274863100,NK RK 11-2025,settlement,2,с.Талдыкудук,Талдықұдық а.
274863106,NK RK 11-2025,settlement,2,с.Курман,Құрман а.
274863107,NK RK 11-2025,settlement,2,с.Таскутур,Таскүтір а.
274863109,NK RK 11-2025,settlement,2,с.Кайрат,Қайрат а.
274863111,NK RK 11-2025,settlement,2,с.Атыкара,Атықара а.
274863112,NK RK 11-2025,settlement,2,с.Теренкудук,Тереңқұдық а.
274863113,NK RK 11-2025,settlement,2,с.Урпек,Үрпек а.
274863600,NK RK 11-2025,settlement,2,с.Хайруш,Хайруш а.
274863602,NK RK 11-2025,settlement,2,с.Урпек,Үрпек а.
274863609,NK RK 11-2025,settlement,2,с.Суйрген,Суйірген а.
274865000,NK RK 11-2025,sub_district,2,Теренколский с.о.,Тереңкөл а.о.
274865100,NK RK 11-2025,settlement,2,с.Нурсай,Нұрсай а.
274865102,NK RK 11-2025,settlement,2,с.Амирали,Әмірәлі а.
274865103,NK RK 11-2025,settlement,2,Бригада,Бригада
274865104,NK RK 11-2025,settlement,2,с.Иткара,Итқара а.
274865105,NK RK 11-2025,settlement,2,с.Кырыкатеш,Қырықәтеш а.
274865106,NK RK 11-2025,settlement,2,с.Мешер,Мешер а.
274865107,NK RK 11-2025,settlement,2,с.Караой,Қараой а.
274865108,NK RK 11-2025,settlement,2,с.Кенбоз,Кеңбоз а.
274865109,NK RK 11-2025,settlement,2,с.Колпак 1,Қалпақ 1 а.
274865111,NK RK 11-2025,settlement,2,с.Колпак 2,Қалпақ 2 а.
274865112,NK RK 11-2025,settlement,2,с.Сагыз,Сағыз а.
274865113,NK RK 11-2025,settlement,2,с.Саралжын,Саралжың а.
274865114,NK RK 11-2025,settlement,2,с.Туржан,Тұржан а.
274865115,NK RK 11-2025,settlement,2,с.Шубарат,Шұбарат а.
274865200,NK RK 11-2025,settlement,2,с.Беспишен,Беспішен а.
274865202,NK RK 11-2025,settlement,2,с.Ергали,Ерғали а.
274865203,NK RK 11-2025,settlement,2,с.Жумалы,Жұмалы а.
274865204,NK RK 11-2025,settlement,2,с.Карл Маркс 1,Карл Маркс 1 а.
274865205,NK RK 11-2025,settlement,2,с.Карл Маркс 2,Карл Маркс 2 а.
274865206,NK RK 11-2025,settlement,2,Паром,Аспалы сал
274865207,NK RK 11-2025,settlement,2,с.Табылгы,Табылғы а.
274865208,NK RK 11-2025,settlement,2,с.Такырсазанды,Тақырсазанды а.
274865209,NK RK 11-2025,settlement,2,с.Танышкен,Таңішкен а.
274865211,NK RK 11-2025,settlement,2,с.Уали,Уәлі а.
274865300,NK RK 11-2025,settlement,2,с.Мереке,Мереке а.
274865302,NK RK 11-2025,settlement,2,с.Акболат,Ақболат а.
274865303,NK RK 11-2025,settlement,2,с.Аша,Аша а.
274865304,NK RK 11-2025,settlement,2,с.Егиншеген,Егіншеген а.
274865305,NK RK 11-2025,settlement,2,с.Коныр,Қоңыр а.
274865306,NK RK 11-2025,settlement,2,с.Минаж,Минаж а.
274865307,NK RK 11-2025,settlement,2,с.Молдаш,Молдаш а.
274865308,NK RK 11-2025,settlement,2,с.Сазанды,Сазанды а.
274865309,NK RK 11-2025,settlement,2,Совхоз,Совхоз
274865311,NK RK 11-2025,settlement,2,с.Тама,Тама а.
274865312,NK RK 11-2025,settlement,2,с.Шора,Шора а.
275000000,NK RK 11-2025,district,2,Каратобинский район,Қаратөбе ауданы
275030000,NK RK 11-2025,sub_district,2,Каратобинский с.о.,Қаратөбе а.о.
275030100,NK RK 11-2025,settlement,2,с.Каратобе,Қаратөбе а.
275030400,NK RK 11-2025,settlement,2,с.Соналы,Соналы а.
275030402,NK RK 11-2025,settlement,2,с.Акмешит,Ақмешіт а.
275030405,NK RK 11-2025,settlement,2,с.Ески Шоптиколь,Ескі Шөптікөл а.
275030411,NK RK 11-2025,settlement,2,с.Теренкудук,Тереңқұдық а.
275030600,NK RK 11-2025,settlement,2,с.Ушагаш,Үшағаш а.
275030800,NK RK 11-2025,settlement,2,с.Шоптыколь,Шөптікөл а.
275030803,NK RK 11-2025,settlement,2,с.Акайдар,Ақайдар а.
275030804,NK RK 11-2025,settlement,2,с.Бесоба,Бесоба а.
275030806,NK RK 11-2025,settlement,2,с.Алтыбаз,Алтыбаз а.
275033000,NK RK 11-2025,sub_district,2,Аккозинский с.о.,Аққозы а.о.
275033100,NK RK 11-2025,settlement,2,с.Коржын,Қоржын а.
275033102,NK RK 11-2025,settlement,2,с.Бетшагыл,Бетшағыл а.
275033104,NK RK 11-2025,settlement,2,с.Кожанияз,Қожанияз а.
275033105,NK RK 11-2025,settlement,2,с.Колкамыс,Көлкамыс а.
275033107,NK RK 11-2025,settlement,2,с.Жумагали,Жұмағали а.
275033200,NK RK 11-2025,settlement,2,с.Аккозы,Аққозы а.
275033204,NK RK 11-2025,settlement,2,с.Кызылкудук,Қызылқұдық а.
275033300,NK RK 11-2025,settlement,2,с.Бесоба,Бесоба а.
275033302,NK RK 11-2025,settlement,2,с.Байекес,Байекес а.
275033304,NK RK 11-2025,settlement,2,Нуржаубаз,Нұржаубаз
275033305,NK RK 11-2025,settlement,2,с.Хасанагаш,Хасанағаш а.
275033400,NK RK 11-2025,settlement,2,с.Косбаз,Қосбаз а.
275033405,NK RK 11-2025,settlement,2,с.Сарыкумак,Сарықұмақ а.
275035000,NK RK 11-2025,sub_district,2,Егиндыкольский с.о.,Егіндікөл а.о.
275035100,NK RK 11-2025,settlement,2,с.Егендыколь,Егіндікөл а.
275035104,NK RK 11-2025,settlement,2,с.Жамансай,Жамансай а.
275035106,NK RK 11-2025,settlement,2,с.Калинин,Калинин а.
275035107,NK RK 11-2025,settlement,2,с.Каракога,Қарақоға а.
275035109,NK RK 11-2025,settlement,2,с.Турганбай,Тұрғанбай а.
275035400,NK RK 11-2025,settlement,2,с.Косколь,Қоскөл а.
275035408,NK RK 11-2025,settlement,2,с.Сарсенгали,Сәрсенғали а.
275037000,NK RK 11-2025,sub_district,2,Жусандойский с.о.,Жусандыой а.о.
275037100,NK RK 11-2025,settlement,2,с.Жусандой,Жусандыой а.
275037104,NK RK 11-2025,settlement,2,с.Бекмаганбет,Бекмағанбет а.
275037107,NK RK 11-2025,settlement,2,с.Ихсан,Ихсан а.
275037200,NK RK 11-2025,settlement,2,с.Ханколь,Ханкөл а.
275037207,NK RK 11-2025,settlement,2,с.Турым,Тұрым а.
275039000,NK RK 11-2025,sub_district,2,Каракулский с.о.,Қаракөл а.о.
275039100,NK RK 11-2025,settlement,2,с.Актай,Ақтай а.
275039200,NK RK 11-2025,settlement,2,с.Алаколь,Алакөл а.
275039206,NK RK 11-2025,settlement,2,с.Токсейт,Тоқсейіт а.
275045000,NK RK 11-2025,sub_district,2,Коскольский с.о.,Қоскөл а.о.
275045100,NK RK 11-2025,settlement,2,с.Косколь,Қоскөл а.
275045103,NK RK 11-2025,settlement,2,с.Арештокжан,Арештоқжан а.
275045106,NK RK 11-2025,settlement,2,с.Боранбай,Боранбай а.
275045108,NK RK 11-2025,settlement,2,с.Камыстыколь,Қамыстыкөл а.
275045111,NK RK 11-2025,settlement,2,с.Сатар,Сатар а.
275045112,NK RK 11-2025,settlement,2,с.Ушаудан,Ұшаудан а.
275045113,NK RK 11-2025,settlement,2,с.Шора,Шора а.
275045200,NK RK 11-2025,settlement,2,с.Шалгын,Шалғын а.
275045202,NK RK 11-2025,settlement,2,с.Акбаз,Ақбаз а.
275045203,NK RK 11-2025,settlement,2,с.Кален,Қален а.
275045205,NK RK 11-2025,settlement,2,с.Кошкарсойган,Қошқарсойған а.
275047000,NK RK 11-2025,sub_district,2,Саралжынский с.о.,Саралжың а.о.
275047100,NK RK 11-2025,settlement,2,с.Каракамыс,Қарақамыс а.
275047103,NK RK 11-2025,settlement,2,с.Агалык 2,Ағалық 2 а.
275047104,NK RK 11-2025,settlement,2,с.Акбакай,Ақбақай а.
275047108,NK RK 11-2025,settlement,2,с.Жолкудук,Жолқұдық а.
275047111,NK RK 11-2025,settlement,2,с.Каракудук,Қарақұдық а.
275047113,NK RK 11-2025,settlement,2,с.Маши,Маши а.
275047114,NK RK 11-2025,settlement,2,с.Нияз,Нияз а.
275047117,NK RK 11-2025,settlement,2,с.Толганбай,Толғанбай а.
275047118,NK RK 11-2025,settlement,2,с.Бернияз,Бернияз а.
275047119,NK RK 11-2025,settlement,2,с.Туркебай,Түркебай а.
275047121,NK RK 11-2025,settlement,2,с.Турмагамбет,Тұрмағамбет а.
275047122,NK RK 11-2025,settlement,2,с.Ушкемпир,Үшкемпір а.
275047400,NK RK 11-2025,settlement,2,с.Сауле,Сәуле а.
275047406,NK RK 11-2025,settlement,2,с.Кунту,Күнту а.
275047409,NK RK 11-2025,settlement,2,с.Таласкудук,Таласқұдық а.
275047411,NK RK 11-2025,settlement,2,с.Шонкайлыколь,Шоңқайлыкөл а.
275049000,NK RK 11-2025,sub_district,2,Сулыкольский с.о.,Сулыкөл а.о.
275049100,NK RK 11-2025,settlement,2,с.Сулыколь,Сулыкөл а.
275049103,NK RK 11-2025,settlement,2,с.Жетимсай,Жетімсай а.
275049300,NK RK 11-2025,settlement,2,с.Темирбек,Темірбек а.
275049400,NK RK 11-2025,settlement,2,с.Толен,Төлен а.
275049402,NK RK 11-2025,settlement,2,с.Айшуак,Айшуақ а.
275049406,NK RK 11-2025,settlement,2,с.Рахпан,Рахпан а.
275049500,NK RK 11-2025,settlement,2,с.Ушана,Үшана а.
275049502,NK RK 11-2025,settlement,2,с.Батпакколь,Батпақкөл а.
275049503,NK RK 11-2025,settlement,2,с.Жанабогет,Жаңабөгет а.
275049504,NK RK 11-2025,settlement,2,с.Жанбас,Жанбас а.
275049507,NK RK 11-2025,settlement,2,с.Шала,Шала а.
275049509,NK RK 11-2025,settlement,2,с.Карасай,Қарасай а.
275400000,NK RK 11-2025,district,2,Бокейординский район,Бөкейордасы ауданы
275430000,NK RK 11-2025,sub_district,2,Сайхинский с.о.,Сайқын а.о.
275430100,NK RK 11-2025,settlement,2,с.Сайхин,Сайқын а.
275430200,NK RK 11-2025,settlement,2,с.Большевик,Большевик а.
275430202,NK RK 11-2025,settlement,2,с.Аккемпир,Ақкемпір а.
275430204,NK RK 11-2025,settlement,2,с.Бруцеллез,Бруцеллез а.
275430205,NK RK 11-2025,settlement,2,с.Гришка,Гришка а.
275430206,NK RK 11-2025,settlement,2,с.Далбын,Далбын а.
275430207,NK RK 11-2025,settlement,2,с.Жана пункт,Жаңа пункт а.
275430208,NK RK 11-2025,settlement,2,Комплекс,Кешен
275430209,NK RK 11-2025,settlement,2,с.Кумкудук,Құмқұдық а.
275430212,NK RK 11-2025,settlement,2,с.Кумак,Құмақ а.
275430213,NK RK 11-2025,settlement,2,Казарма 340,Жатақорын 340
275430214,NK RK 11-2025,settlement,2,с.Молотов 1,Молотов 1 а.
275430215,NK RK 11-2025,settlement,2,с.Молотов 2,Молотов 2 а.
275430216,NK RK 11-2025,settlement,2,Пункт Муса,Мұса мекені
275430217,NK RK 11-2025,settlement,2,Сад,Бақ
275430218,NK RK 11-2025,settlement,2,с.Сатан,Сатан а.
275430219,NK RK 11-2025,settlement,2,с.Саралжын,Саралжың а.
275430221,NK RK 11-2025,settlement,2,с.Сертекшалаш,Сертекшалаш а.
275430222,NK RK 11-2025,settlement,2,Туйекыстау,Түйеқыстау
275430223,NK RK 11-2025,settlement,2,с.Узункол 1,Ұзынқол 1 а
275430224,NK RK 11-2025,settlement,2,с.Узункол 2,Ұзынқол 2 а.
275430225,NK RK 11-2025,settlement,2,с.Унгысын,Ұңғысын а.
275430300,NK RK 11-2025,settlement,2,с.Жарменке,Жәрмеңке а.
275430302,NK RK 11-2025,settlement,2,с.Акгиык,Ақгиық а.
275430303,NK RK 11-2025,settlement,2,с.Айдарлы,Айдарлы а.
275430304,NK RK 11-2025,settlement,2,с.Акбулак,Ақбұлақ а.
275430305,NK RK 11-2025,settlement,2,с.Аханколь 1,Аханкөл 1 а.
275430306,NK RK 11-2025,settlement,2,с.Аханколь 2,Аханкөл 2 а.
275430307,NK RK 11-2025,settlement,2,с.Бектас,Бектас а.
275430308,NK RK 11-2025,settlement,2,Бригада 3,Бригада 3
275430309,NK RK 11-2025,settlement,2,Бригада 4,Бригада 4
275430311,NK RK 11-2025,settlement,2,с.Жумагелды,Жұмагелді а.
275430312,NK RK 11-2025,settlement,2,с.Камеш,Кәмеш а.
275430313,NK RK 11-2025,settlement,2,с.Калыш,Қалыш а.
275430314,NK RK 11-2025,settlement,2,с.Коктерек,Көктерек а.
275430315,NK RK 11-2025,settlement,2,с.Копадай,Қопадай а.
275430316,NK RK 11-2025,settlement,2,с.Курманбай,Құрманбай а.
275430317,NK RK 11-2025,settlement,2,с.Кумак,Құмақ а.
275430318,NK RK 11-2025,settlement,2,с.Пазыл,Пазыл а.
275430319,NK RK 11-2025,settlement,2,с.Лукпанколь 1,Лұқпанкөл 1 а.
275430321,NK RK 11-2025,settlement,2,с.Лукпанколь 2,Лұқпанкөл 2 а.
275430322,NK RK 11-2025,settlement,2,с.Сарыбасты,Сарыбасты а.
275430323,NK RK 11-2025,settlement,2,с.Ситали,Ситәлі а.
275430324,NK RK 11-2025,settlement,2,Точка 9,Мекен 9
275430325,NK RK 11-2025,settlement,2,с.Шунгил,Шұңғыл а.
275430400,NK RK 11-2025,settlement,2,с.Шонай,Шонай а.
275430402,NK RK 11-2025,settlement,2,с.Жолдыбай,Жолдыбай а.
275430403,NK RK 11-2025,settlement,2,с.Жумагали,Жұмағали а.
275430404,NK RK 11-2025,settlement,2,с.Золотой,Золотой а.
275430405,NK RK 11-2025,settlement,2,с.Кайып,Қайып а.
275430406,NK RK 11-2025,settlement,2,с.Караколь 1,Қаракөл 1 а.
275430407,NK RK 11-2025,settlement,2,с.Караколь 2,Қаракөл 2 а.
275430408,NK RK 11-2025,settlement,2,с.Караколь 3,Қаракөл 3 а.
275430409,NK RK 11-2025,settlement,2,Казарма 365,Жатақорын 365
275430411,NK RK 11-2025,settlement,2,Казарма 372,Жатақорын 372
275430412,NK RK 11-2025,settlement,2,Казарма 390,Жатақорын 390
275430413,NK RK 11-2025,settlement,2,с.Первомай,Первомай а.
275430414,NK RK 11-2025,settlement,2,с.Сарыбасты,Сарыбасты а.
275430415,NK RK 11-2025,settlement,2,с.Сундет,Сүндет а.
275430416,NK RK 11-2025,settlement,2,с.Тайгара,Тайғара а.
275430417,NK RK 11-2025,settlement,2,точка 390,мекен 390
275430418,NK RK 11-2025,settlement,2,Филимон сад,Филимон бағы
275430419,NK RK 11-2025,settlement,2,с.Шокайколь 1,Шоқайкөл 1 а.
275430421,NK RK 11-2025,settlement,2,с.Шокайколь 2,Шоқайкөл 2 а.
275430422,NK RK 11-2025,settlement,2,с.Шокайколь 3,Шоқайкөл 3 а.
275433000,NK RK 11-2025,sub_district,2,Бисенский с.о.,Бисен а.о.
275433100,NK RK 11-2025,settlement,2,с.Бисен,Бисен а.
275433102,NK RK 11-2025,settlement,2,с.Айбас,Айбас а.
275433103,NK RK 11-2025,settlement,2,с.Акайколь,Ақайкөл а.
275433104,NK RK 11-2025,settlement,2,с.Аксор,Ақсор а.
275433105,NK RK 11-2025,settlement,2,с.Аккемпир,Ақкемпір а.
275433106,NK RK 11-2025,settlement,2,с.Бегале,Бегале а.
275433107,NK RK 11-2025,settlement,2,с.Жулдыз,Жұлдыз а.
275433111,NK RK 11-2025,settlement,2,с.Минаж,Минаж а.
275433112,NK RK 11-2025,settlement,2,с.Пайда,Пайда а.
275433113,NK RK 11-2025,settlement,2,с.Сансызбай,Сансызбай а.
275433114,NK RK 11-2025,settlement,2,с.Топжиде 1,Топжиде 1а.
275433117,NK RK 11-2025,settlement,2,с.Шамиль,Шәміл а.
275433118,NK RK 11-2025,settlement,2,с.Алипкали,Әліпқали а.
275433119,NK RK 11-2025,settlement,2,с.Жумахмет,Жұмахмет а.
275433121,NK RK 11-2025,settlement,2,с.Топжиде 2,Топжиде 2 а.
275433200,NK RK 11-2025,settlement,2,с.Жетібай,Жетібай а.
275433204,NK RK 11-2025,settlement,2,с.Бруцеллез,Бруцеллез а.
275433205,NK RK 11-2025,settlement,2,с.Уайс,Уайс а.
275433206,NK RK 11-2025,settlement,2,с.Досым 1,Досым 1 а.
275433207,NK RK 11-2025,settlement,2,с.Досым 2,Досым 2 а.
275433208,NK RK 11-2025,settlement,2,с.Досым 3,Досым 3 а.
275433209,NK RK 11-2025,settlement,2,с.Еркеатан,Еркеатан а.
275433211,NK RK 11-2025,settlement,2,с.Жалтыр 1,Жалтыр 1 а.
275433212,NK RK 11-2025,settlement,2,с.Жалкаш,Жалқаш а.
275433213,NK RK 11-2025,settlement,2,с.Караой 1,Қараой 1 а.
275433215,NK RK 11-2025,settlement,2,с.Кедебай,Кедебай а.
275433216,NK RK 11-2025,settlement,2,с.Кошкен,Көшкен а.
275433217,NK RK 11-2025,settlement,2,с.Кызылкабак,Қызылқабақ а.
275433218,NK RK 11-2025,settlement,2,с.Пишпанак,Пішпанақ а.
275433219,NK RK 11-2025,settlement,2,с.Рахима,Рахима а.
275433223,NK RK 11-2025,settlement,2,с.Сакау,Сақау а.
275433224,NK RK 11-2025,settlement,2,с.Склад,Қойма а.
275433226,NK RK 11-2025,settlement,2,с.Шалабай,Шалабай а.
275433227,NK RK 11-2025,settlement,2,с.Бисекен,Бисекен а.
275433228,NK RK 11-2025,settlement,2,с.Досым 4,Досым 4 а.
275433229,NK RK 11-2025,settlement,2,с.Жалтыр 2,Жалтыр 2 а.
275433231,NK RK 11-2025,settlement,2,с.Караой 2,Қараой 2 а.
275433232,NK RK 11-2025,settlement,2,с.Караой 3,Қараой 3 а.
275433300,NK RK 11-2025,settlement,2,с.Жиеккум,Жиекқұм а.
275433302,NK RK 11-2025,settlement,2,с.Айткали,Айтқали а.
275433303,NK RK 11-2025,settlement,2,с.Апакай,Апақай а.
275433304,NK RK 11-2025,settlement,2,с.Бескудук 1,Бесқұдық 1 а.
275433305,NK RK 11-2025,settlement,2,с.Бескудук 2,Бесқұдық 2 а.
275433306,NK RK 11-2025,settlement,2,с.Ескимектеп,Ескімектеп а.
275433307,NK RK 11-2025,settlement,2,с.Ескали,Есқали а.
275433308,NK RK 11-2025,settlement,2,с.Жакия,Жақия а.
275433309,NK RK 11-2025,settlement,2,с.Карагул,Қарақұл а.
275433312,NK RK 11-2025,settlement,2,с.Кошкен,Көшкен а.
275433313,NK RK 11-2025,settlement,2,с.Мергенбай,Мергенбай а.
275433314,NK RK 11-2025,settlement,2,с.Мурадым,Мұрадым а.
275433315,NK RK 11-2025,settlement,2,с.Мысык,Мысық а.
275433316,NK RK 11-2025,settlement,2,с.Нияз 1,Нияз 1 а.
275433317,NK RK 11-2025,settlement,2,с.Нияз 2,Нияз 2 а.
275433318,NK RK 11-2025,settlement,2,с.Склад,Склад а.
275433319,NK RK 11-2025,settlement,2,с.Рзалы,Рзалы а.
275433321,NK RK 11-2025,settlement,2,с.Туйеолген 1,Түйеөлген 1 а.
275433322,NK RK 11-2025,settlement,2,с.Хамза,Хамза а.
275433323,NK RK 11-2025,settlement,2,с.Айткали 2,Айтқали 2 а.
275433324,NK RK 11-2025,settlement,2,с.Гатау,Ғатау а.
275433325,NK RK 11-2025,settlement,2,с.Туйеолген 2,Түйеөлген 2 а.
275433400,NK RK 11-2025,settlement,2,с.Коктерек,Көктерек а.
275433402,NK RK 11-2025,settlement,2,с.Акколмек,Ақкөлмек а.
275433403,NK RK 11-2025,settlement,2,с.Бахай,Бахай а.
275433404,NK RK 11-2025,settlement,2,с.Бегалы,Бегалы а.
275433405,NK RK 11-2025,settlement,2,с.Бестобе,Бестөбе а.
275433407,NK RK 11-2025,settlement,2,Ески ферма,Ескіферма
275433408,NK RK 11-2025,settlement,2,с.Жазагали,Жазағали а.
275433409,NK RK 11-2025,settlement,2,Жаманкора,Жаманқора
275433411,NK RK 11-2025,settlement,2,с.Жумагали,Жұмағали а.
275433412,NK RK 11-2025,settlement,2,с.Ибраим,Ыбрайым а.
275433413,NK RK 11-2025,settlement,2,с.Каракалпак,Қарақалпақ а.
275433415,NK RK 11-2025,settlement,2,с.Караунгир,Қараүңгір а.
275433418,NK RK 11-2025,settlement,2,с.Макай,Мақай а.
275433419,NK RK 11-2025,settlement,2,с.Мендыхан,Меңдіхан а.
275433422,NK RK 11-2025,settlement,2,с.Нурпейс,Нұрпейіс а.
275433423,NK RK 11-2025,settlement,2,с.Ойтакан,Ойтақан а.
275433424,NK RK 11-2025,settlement,2,с.Сатыпалды,Сатыпалды а.
275433425,NK RK 11-2025,settlement,2,с.Суйтшигали,Сүтшіғали а.
275433426,NK RK 11-2025,settlement,2,с.Хайролла,Хайролла а.
275433427,NK RK 11-2025,settlement,2,с.Шандыр,Шандыр а.
275433428,NK RK 11-2025,settlement,2,с.Шапи,Шәпи а.
275433429,NK RK 11-2025,settlement,2,с.Шукургали,Шүкірғали а.
275433431,NK RK 11-2025,settlement,2,с.Жалгызшагыл,Жалғызшағыл а.
275433432,NK RK 11-2025,settlement,2,с.Насимолла,Насимолла а.
275433433,NK RK 11-2025,settlement,2,с.Утебали,Өтебәлі а.
275435000,NK RK 11-2025,sub_district,2,Уялинский с.о.,Ұялы а.о
275435100,NK RK 11-2025,settlement,2,с.Уялы,Ұялы а.
275435103,NK RK 11-2025,settlement,2,с.Арыстан,Арыстан а.
275435104,NK RK 11-2025,settlement,2,с.Базарбай,Базарбай а.
275435105,NK RK 11-2025,settlement,2,с.Биримжар,Бірімжар а.
275435106,NK RK 11-2025,settlement,2,с.Донгелек,Дөңгелек а.
275435107,NK RK 11-2025,settlement,2,с.Ескисельпо,Ескісельпо а.
275435108,NK RK 11-2025,settlement,2,с.Жунис 1,Жүніс 1 а.
275435111,NK RK 11-2025,settlement,2,с.Зулкарнай,Зұлқарнай а.
275435112,NK RK 11-2025,settlement,2,с.Кази,Қази а.
275435113,NK RK 11-2025,settlement,2,с.Калык,Қалық а.
275435114,NK RK 11-2025,settlement,2,с.Кызылуй,Қызылүй а.
275435116,NK RK 11-2025,settlement,2,с.Орак,Орақ а.
275435117,NK RK 11-2025,settlement,2,с.Сары,Сары а.
275435119,NK RK 11-2025,settlement,2,с.Тажиман,Тәжіман а.
275435121,NK RK 11-2025,settlement,2,с.Темиреш,Теміреш а.
275435122,NK RK 11-2025,settlement,2,с.Умирбек,Өмірбек а.
275435123,NK RK 11-2025,settlement,2,с.Теренкудук,Тереңқұдық а.
275435124,NK RK 11-2025,settlement,2,с.Байкунак,Байқонақ а.
275435125,NK RK 11-2025,settlement,2,с.Бирлик,Бірлік а.
275435126,NK RK 11-2025,settlement,2,с.Дуйсемали,Дүйсемәлі а.
275435127,NK RK 11-2025,settlement,2,с.Жолкудук,Жолқұдық а.
275435128,NK RK 11-2025,settlement,2,с.Миялыой,Миялыой а.
275435129,NK RK 11-2025,settlement,2,с.Мусиргали,Мүсірғали а.
275435131,NK RK 11-2025,settlement,2,с.Салык,Салық а.
275435132,NK RK 11-2025,settlement,2,с.Науша,Науша а.
275435133,NK RK 11-2025,settlement,2,с.Жумалы,Жұмалы а.
275435134,NK RK 11-2025,settlement,2,с.Толыбай,Толыбай а.
275435135,NK RK 11-2025,settlement,2,с.Файзолла,Файзолла а.
275435200,NK RK 11-2025,settlement,2,с.Кеной,Кеңой а.
275435202,NK RK 11-2025,settlement,2,с.Адик,Адік а.
275435203,NK RK 11-2025,settlement,2,с.Акмектеп,Ақмектеп а.
275435204,NK RK 11-2025,settlement,2,с.Амангали,Аманғали а.
275435205,NK RK 11-2025,settlement,2,с.Арал,Арал а.
275435206,NK RK 11-2025,settlement,2,с.Дуйсенгали,Дүйсенғали а.
275435207,NK RK 11-2025,settlement,2,с.Жайлау,Жайлау а.
275435208,NK RK 11-2025,settlement,2,с.Жазит,Жазит а.
275435209,NK RK 11-2025,settlement,2,с.Жумабек,Жұмабек а.
275435211,NK RK 11-2025,settlement,2,с.Ибис,Ибіс а.
275435212,NK RK 11-2025,settlement,2,с.Имаш,Имаш а.
275435213,NK RK 11-2025,settlement,2,с.Илял,Илял а.
275435214,NK RK 11-2025,settlement,2,с.Кабеш,Қабеш а.
275435216,NK RK 11-2025,settlement,2,с.Каражума,Қаражұма а.
275435217,NK RK 11-2025,settlement,2,с.Кенжегара,Кенжеғара а.
275435218,NK RK 11-2025,settlement,2,с.Куат,Қуат а.
275435219,NK RK 11-2025,settlement,2,с.Построй,Построй а.
275435222,NK RK 11-2025,settlement,2,с.Тунпет,Түнпет а.
275435223,NK RK 11-2025,settlement,2,с.Андаш,Андаш а.
275435224,NK RK 11-2025,settlement,2,с.Дуйсенбай,Дүйсенбай а.
275437000,NK RK 11-2025,sub_district,2,с.о.им.Темира Масина,Темір Масин ат.а.о.
275437100,NK RK 11-2025,settlement,2,с.Борли,Бөрілі а.
275437102,NK RK 11-2025,settlement,2,с.Акколь,Ақкөл а.
275437103,NK RK 11-2025,settlement,2,с.Бабас,Бабас а.
275437105,NK RK 11-2025,settlement,2,с.Балбай,Балбай а.
275437106,NK RK 11-2025,settlement,2,с.Даулеткали,Дәулетқали а.
275437108,NK RK 11-2025,settlement,2,с.Какпасор,Қақпасор а.
275437109,NK RK 11-2025,settlement,2,с.Каракенже,Қаракенже а.
275437111,NK RK 11-2025,settlement,2,с.Карабас,Қарабас а.
275437112,NK RK 11-2025,settlement,2,с.Калисакып,Қалисақып а.
275437113,NK RK 11-2025,settlement,2,с.Коныршеген,Қоңыршеген а.
275437114,NK RK 11-2025,settlement,2,с.Кумыскали,Құмысқали а.
275437115,NK RK 11-2025,settlement,2,с.Мухай,Мұхай а.
275437116,NK RK 11-2025,settlement,2,с.Мырзагали,Мырзағали а.
275437117,NK RK 11-2025,settlement,2,с.Мырзагерей,Мырзагерей а.
275437118,NK RK 11-2025,settlement,2,с.Оспан,Оспан а.
275437119,NK RK 11-2025,settlement,2,с.Кадем,Қадем а.
275437121,NK RK 11-2025,settlement,2,с.Сарсен,Сәрсен а.
275437122,NK RK 11-2025,settlement,2,с.Склад,Склад а.
275437123,NK RK 11-2025,settlement,2,с.Строй,Строй а.
275437124,NK RK 11-2025,settlement,2,с.Танкиш,Танкіш а.
275437125,NK RK 11-2025,settlement,2,с.Тогызкудук,Тоғызқұдық а.
275437126,NK RK 11-2025,settlement,2,с.Шандыколь,Шаңдыкөл а.
275437127,NK RK 11-2025,settlement,2,с.Шахман,Шахман а.
275437128,NK RK 11-2025,settlement,2,с.Шынтемир,Шынтемір а.
275437129,NK RK 11-2025,settlement,2,с.Акбузау,Ақбұзау а.
275437131,NK RK 11-2025,settlement,2,с.Жалгызтал,Жалғызтал а.
275437132,NK RK 11-2025,settlement,2,с.Жетижылдык,Жетіжылдық а.
275437133,NK RK 11-2025,settlement,2,с.Кайырболат,Қайырболат а.
275437134,NK RK 11-2025,settlement,2,с.Карабай,Қарабай а.
275437135,NK RK 11-2025,settlement,2,с.Муханбеткали,Мұханбетқали а.
275437136,NK RK 11-2025,settlement,2,с.Султаш,Солташ а.
275437137,NK RK 11-2025,settlement,2,с.Сырмак,Сырмақ а.
275437138,NK RK 11-2025,settlement,2,с.Уйымдас,Ұйымдас а.
275437139,NK RK 11-2025,settlement,2,с.Хамза,Хамза а.
275437141,NK RK 11-2025,settlement,2,с.Хасайын,Хасайын а.
275437142,NK RK 11-2025,settlement,2,с.Шайхолла,Шайхолла а.
275437143,NK RK 11-2025,settlement,2,с.Избас 1,Ізбас 1 а.
275437144,NK RK 11-2025,settlement,2,с.Избас 2,Ізбас 2 а.
275437145,NK RK 11-2025,settlement,2,с.Куйбышев,Куйбышев а.
275437146,NK RK 11-2025,settlement,2,с.Жигер,Жігер а.
275437300,NK RK 11-2025,settlement,2,с.Теренкудук,Тереңқұдық а.
275437303,NK RK 11-2025,settlement,2,с.Аккыстау,Аққыстау а.
275437304,NK RK 11-2025,settlement,2,с.Дола,Дола а.
275437305,NK RK 11-2025,settlement,2,с.Дуйсенгали,Дүйсенғали а.
275437306,NK RK 11-2025,settlement,2,с.Камелден,Кәмелден а.
275437308,NK RK 11-2025,settlement,2,с.Магзомсары,Мағзомсары а.
275437309,NK RK 11-2025,settlement,2,с.Садык,Садық а.
275437311,NK RK 11-2025,settlement,2,с.Самал,Самал а.
275437312,NK RK 11-2025,settlement,2,с.Саламат,Саламат а.
275439000,NK RK 11-2025,sub_district,2,Муратсайский с.о.,Мұратсай а.о.
275439100,NK RK 11-2025,settlement,2,с.Муратсай,Мұратсай а.
275439105,NK RK 11-2025,settlement,2,с.Коккамыс,Көкқамыс а.
275439106,NK RK 11-2025,settlement,2,точка 26,мекен 26
275439200,NK RK 11-2025,settlement,2,с.Ажен,Әжен а.
275439202,NK RK 11-2025,settlement,2,с.Апет,Әпет а.
275439204,NK RK 11-2025,settlement,2,с.Гиззат,Ғиззат а.
275439207,NK RK 11-2025,settlement,2,с.Косжан,Қошжан а.
275439208,NK RK 11-2025,settlement,2,с.Куаншали,Қуанышәлі а.
275439209,NK RK 11-2025,settlement,2,с.Купка,Құпқа  а.
275439212,NK RK 11-2025,settlement,2,с.Магзом,Мағзом а.
275439213,NK RK 11-2025,settlement,2,с.Мухат,Мұхат а.
275439215,NK RK 11-2025,settlement,2,с.Терек,Терек а.
275439400,NK RK 11-2025,settlement,2,с.Тайгара,Тайғара а.
275439405,NK RK 11-2025,settlement,2,с.Кабдир 1,Қәбдір 1 а.
275439406,NK RK 11-2025,settlement,2,с.Кабдир 2,Қәбдір 2 а.
275439407,NK RK 11-2025,settlement,2,с.Кабдир 3,Қәбдір 3 а.
275439408,NK RK 11-2025,settlement,2,с.Кубаш,Құбаш а.
275439409,NK RK 11-2025,settlement,2,с.Майгара 1,Майғара 1 а.
275439411,NK RK 11-2025,settlement,2,с.Майгара 2,Майғара 2 а.
275439412,NK RK 11-2025,settlement,2,с.Мазилбек 1,Мәзілбек 1 а.
275439413,NK RK 11-2025,settlement,2,с.Мазилбек 2,Мәзілбек 2 а.
275439414,NK RK 11-2025,settlement,2,с.Мазилбек 3,Мәзілбек 3 а.
275443000,NK RK 11-2025,sub_district,2,Ординский с.о.,Орда а.о.
275443100,NK RK 11-2025,settlement,2,с.Хан Ордасы,Хан Ордасы а.
275443105,NK RK 11-2025,settlement,2,с.Арыстангали,Арыстанғали а.
275443300,NK RK 11-2025,settlement,2,с.Карасу,Қарасу а.
275443302,NK RK 11-2025,settlement,2,Акферма,Ақферма
275443303,NK RK 11-2025,settlement,2,с.Арыстангали,Арыстанғали а.
275443304,NK RK 11-2025,settlement,2,с.Арон,Арон а.
275443305,NK RK 11-2025,settlement,2,с.Батен,Бәтен а.
275443306,NK RK 11-2025,settlement,2,с.Бекес,Бекес а.
275443307,NK RK 11-2025,settlement,2,с.Бесбала,Бесбала а.
275443308,NK RK 11-2025,settlement,2,с.Бисен,Бисен а.
275443311,NK RK 11-2025,settlement,2,с.Жанаталап,Жаңаталап а.
275443312,NK RK 11-2025,settlement,2,Жанааула,Жаңааула
275443313,NK RK 11-2025,settlement,2,с.Жыра,Жыра а.
275443314,NK RK 11-2025,settlement,2,с.Кадем,Кәдем а.
275443316,NK RK 11-2025,settlement,2,с.Камеш 2,Кәмеш 2 а.
275443317,NK RK 11-2025,settlement,2,с.Казанкап,Қазанқап а.
275443318,NK RK 11-2025,settlement,2,с.Кандыгаш,Қандыағаш а.
275443319,NK RK 11-2025,settlement,2,с.Карабала,Қарабала а.
275443321,NK RK 11-2025,settlement,2,с.Кареке,Қареке а.
275443322,NK RK 11-2025,settlement,2,с.Караорыс,Қараорыс а.
275443323,NK RK 11-2025,settlement,2,с.Карагуль,Қарағұл а.
275443325,NK RK 11-2025,settlement,2,Курорт,Курорт
275443326,NK RK 11-2025,settlement,2,с.Майлыкуыс,Майлықуыс а.
275443327,NK RK 11-2025,settlement,2,с.Мат,Мат а.
275443328,NK RK 11-2025,settlement,2,с.Менжан,Меңжан а.
275443329,NK RK 11-2025,settlement,2,Райздрав,Аудденсаулықсақтау
275443331,NK RK 11-2025,settlement,2,с.Рахмет,Рахмет а.
275443332,NK RK 11-2025,settlement,2,Сад,Бақ
275443333,NK RK 11-2025,settlement,2,с.Самат,Самат а.
275443334,NK RK 11-2025,settlement,2,с.Самиголла,Самиғолла а.
275443335,NK RK 11-2025,settlement,2,с.Сапар,Сапар а.
275443336,NK RK 11-2025,settlement,2,Стан,Қос
275443337,NK RK 11-2025,settlement,2,с.Садык,Садық а.
275443338,NK RK 11-2025,settlement,2,с.Сыралы,Сырәлі а.
275443339,NK RK 11-2025,settlement,2,с.Сокыркарт,Соқырқарт а.
275443341,NK RK 11-2025,settlement,2,с.Суйинали,Сүйінәлі а.
275443342,NK RK 11-2025,settlement,2,точка 4,мекен 4
275443343,NK RK 11-2025,settlement,2,точка 10,мекен 10
275443344,NK RK 11-2025,settlement,2,точка 11,мекен 11
275443345,NK RK 11-2025,settlement,2,с.Шамак,Шамақ а.
275443346,NK RK 11-2025,settlement,2,с.Ысык,Ысық а.
275443347,NK RK 11-2025,settlement,2,с.Бибол,Бибол а.
275443348,NK RK 11-2025,settlement,2,с.Елеу,Елеу а.
275443349,NK RK 11-2025,settlement,2,с.Жалгыз карагай,Жалғыз қарағай а.
275443351,NK RK 11-2025,settlement,2,с.Кара оба,Қара оба а.
275443352,NK RK 11-2025,settlement,2,с.Солдат жиде,Солдат жиде а.
275443354,NK RK 11-2025,settlement,2,с.Шайман,Шайман а.
275443400,NK RK 11-2025,settlement,2,с.Сейткали,Сейітқали а.
275443402,NK RK 11-2025,settlement,2,с.Абутали,Әбутәлі а.
275443403,NK RK 11-2025,settlement,2,с.Айтен,Әйтен а.
275443404,NK RK 11-2025,settlement,2,с.Айтали,Айтәлі а.
275443405,NK RK 11-2025,settlement,2,с.Аймекен,Аймекен а.
275443407,NK RK 11-2025,settlement,2,с.Бакыш 2,Бақыш 2 а.
275443408,NK RK 11-2025,settlement,2,с.Бозай,Бозай а.
275443409,NK RK 11-2025,settlement,2,с.Карткожак,Қартқожақ а.
275443411,NK RK 11-2025,settlement,2,с.Копмола,Көпмола а.
275443412,NK RK 11-2025,settlement,2,с.Кубайт,Құбайт а.
275443413,NK RK 11-2025,settlement,2,Комплекс,Кешен
275443414,NK RK 11-2025,settlement,2,с.Куанали,Қуанәлі а.
275443415,NK RK 11-2025,settlement,2,с.Кырыкуй,Қырықүй а.
275443416,NK RK 11-2025,settlement,2,с.Магаз,Мағаз а.
275443417,NK RK 11-2025,settlement,2,с.Макар,Мақар а.
275443418,NK RK 11-2025,settlement,2,с.Минай,Минай а.
275443419,NK RK 11-2025,settlement,2,с.Ружан,Ружан а.
275443421,NK RK 11-2025,settlement,2,с.Сайын,Сайын а.
275443423,NK RK 11-2025,settlement,2,с.Сырга,Сырға а.
275443424,NK RK 11-2025,settlement,2,с.Ташу,Ташу а.
275443425,NK RK 11-2025,settlement,2,с.Тинали,Тінәлі а.
275443426,NK RK 11-2025,settlement,2,точка 1,мекен 1
275443427,NK RK 11-2025,settlement,2,точка 2,мекен 2
275443428,NK RK 11-2025,settlement,2,точка 3,мекен 3
275443429,NK RK 11-2025,settlement,2,точка 4,мекен 4
275443431,NK RK 11-2025,settlement,2,точка 5,мекен 5
275443432,NK RK 11-2025,settlement,2,точка 6,мекен 6
275443433,NK RK 11-2025,settlement,2,точка 7,мекен 7
275443434,NK RK 11-2025,settlement,2,точка 8,мекен 8
275443435,NK RK 11-2025,settlement,2,точка 38,мекен 38
275443436,NK RK 11-2025,settlement,2,с.Уап,Уап а.
275443438,NK RK 11-2025,settlement,2,с.Чумный,Чумный а.
275443439,NK RK 11-2025,settlement,2,с.Шамиш,Шәміш а.
275443441,NK RK 11-2025,settlement,2,с.Шортангали,Шортанғали а.
275443442,NK RK 11-2025,settlement,2,с.Боздак,Боздақ а.
275443443,NK RK 11-2025,settlement,2,с.Казарма,Казарма а.
275443444,NK RK 11-2025,settlement,2,точка 3 два,мекен 3 екі
275443445,NK RK 11-2025,settlement,2,с.Минай 2,Минай 2 а.
275443446,NK RK 11-2025,settlement,2,с.Подхоз,Подхоз а.
275443500,NK RK 11-2025,settlement,2,с.Уштерек,Үштерек а.
275443502,NK RK 11-2025,settlement,2,с.Алипкали,Әліпқали а.
275443503,NK RK 11-2025,settlement,2,с.Аксай,Ақсай а.
275443504,NK RK 11-2025,settlement,2,с.Аккыстау,Аққыстау а.
275443505,NK RK 11-2025,settlement,2,с.Аксор,Ақсор а.
275443507,NK RK 11-2025,settlement,2,с.Гайнолла,Ғайнолла а.
275443508,NK RK 11-2025,settlement,2,с.Дорба,Дорба а.
275443509,NK RK 11-2025,settlement,2,с.Ебин,Ебін а.
275443511,NK RK 11-2025,settlement,2,с.Ескендир,Ескендір а.
275443512,NK RK 11-2025,settlement,2,с.Ескимектеп,Ескімектеп а.
275443513,NK RK 11-2025,settlement,2,с.Ерсайын,Ерсайын а.
275443514,NK RK 11-2025,settlement,2,Жанааула,Жаңааула
275443515,NK RK 11-2025,settlement,2,с.Караболтек,Қарабөлтек а.
275443516,NK RK 11-2025,settlement,2,с.Кожахмет,Қожахмет а.
275443517,NK RK 11-2025,settlement,2,с.Конырбай,Қоңырбай а.
275443518,NK RK 11-2025,settlement,2,с.Кызылагаш,Қызылағаш а.
275443519,NK RK 11-2025,settlement,2,с.Мурат,Мұрат а.
275443521,NK RK 11-2025,settlement,2,Стан,Қос
275443522,NK RK 11-2025,settlement,2,с.Сулеймен,Сүлеймен а.
275443523,NK RK 11-2025,settlement,2,с.Улмекен,Ұлмекен а.
275443525,NK RK 11-2025,settlement,2,с.Шау,Шау а.
275443526,NK RK 11-2025,settlement,2,с.Шау 2,Шау 2 а.
275443527,NK RK 11-2025,settlement,2,с.Абдол,Абдол а.
275443528,NK RK 11-2025,settlement,2,с.Кос 2,Қос 2 а.
275447000,NK RK 11-2025,sub_district,2,Саралжинский с.о.,Саралжың а.о.
275447100,NK RK 11-2025,settlement,2,с.Саралжын,Саралжың а.
275447102,NK RK 11-2025,settlement,2,с.Акой,Ақой а.
275447103,NK RK 11-2025,settlement,2,с.Караой,Қараой а.
275447104,NK RK 11-2025,settlement,2,с.Каракудук,Қарақұдық а.
275447106,NK RK 11-2025,settlement,2,с.Кызылой,Қызылой а.
275447107,NK RK 11-2025,settlement,2,с.Молжыра,Молжыра а.
275447108,NK RK 11-2025,settlement,2,с.Ысыкой,Ысықой а.
275447109,NK RK 11-2025,settlement,2,с.Суйектижыра,Сүйектіжыра а.
275447136,NK RK 11-2025,settlement,2,с.Курманколь 2,Құрманкөл 2 а.
275447137,NK RK 11-2025,settlement,2,с.Молжыра,Молжыра а.
275447138,NK RK 11-2025,settlement,2,с.Мустахи,Мұстахи а.
275447139,NK RK 11-2025,settlement,2,с.Теректи жыра,Теректі жыра а.
275447141,NK RK 11-2025,settlement,2,с.Зимовка Шукур,Шүкір қыстағы а.
275447142,NK RK 11-2025,settlement,2,с.Бесколь,Бескөл а.
275447143,NK RK 11-2025,settlement,2,с.Бозколмек,Бозкөлмек а.
275447144,NK RK 11-2025,settlement,2,с.Ендидалык,Еңдідалық а.
275447145,NK RK 11-2025,settlement,2,с.Карашеген,Қарашеген а.
275447146,NK RK 11-2025,settlement,2,с.Кабанжыра,Қабанжыра а.
275447147,NK RK 11-2025,settlement,2,с.Караой,Қараой а.
275447148,NK RK 11-2025,settlement,2,с.Керебай,Керебай а.
275447149,NK RK 11-2025,settlement,2,с.Кокмола,Көкмола а.
275447151,NK RK 11-2025,settlement,2,с.Курманколь,Құрманкөл а.
275447152,NK RK 11-2025,settlement,2,с.Лайколь,Лайкөл а.
275447153,NK RK 11-2025,settlement,2,с.Сарыой,Сарыой а.
275447154,NK RK 11-2025,settlement,2,с.Теректижыра,Теректіжыра а.
275800000,NK RK 11-2025,district,2,Сырымский район,Сырым ауданы
275830000,NK RK 11-2025,sub_district,2,Жымпитынский с.о.,Жымпиты а.о.
275830100,NK RK 11-2025,settlement,2,с.Жымпиты,Жымпиты а.
275830200,NK RK 11-2025,settlement,2,с.Саралжын,Саралжын а.
275830203,NK RK 11-2025,settlement,2,с.Дуйсенбай,Дүйсенбай а.
275830204,NK RK 11-2025,settlement,2,с.Капак,Қапақ а.
275830205,NK RK 11-2025,settlement,2,с.Камыстыколь,Қамыстыкөл а.
275830206,NK RK 11-2025,settlement,2,с.Кузентай,Күзентай а.
275830400,NK RK 11-2025,settlement,2,с.Оленти,Өлеңті а.
275830405,NK RK 11-2025,settlement,2,с.Орысколь,Орыскөл а.
275830406,NK RK 11-2025,settlement,2,с.Саугабай,Сауғабай а.
275830407,NK RK 11-2025,settlement,2,с.Такырколь,Такыркөл а.
275833000,NK RK 11-2025,sub_district,2,Алгабасский с.о.,Алғабас а.о.
275833100,NK RK 11-2025,settlement,2,с.Алгабас,Алғабас а.
275833300,NK RK 11-2025,settlement,2,с.Жанаонир,Жаңаөңір а.
275833302,NK RK 11-2025,settlement,2,с.Кыстаубай 1,Қыстаубай 1 а.
275833303,NK RK 11-2025,settlement,2,с.Кыстаубай 2,Қыстаубай 2 а.
275833305,NK RK 11-2025,settlement,2,с.Сулыколь,Сулыкөл а.
275833500,NK RK 11-2025,settlement,2,с.Сасыкколь,Сасықкөл а.
275833504,NK RK 11-2025,settlement,2,с.Жаман,Жаман а.
275833507,NK RK 11-2025,settlement,2,с.Кокеншеген,Көкеншеген а.
275833508,NK RK 11-2025,settlement,2,с.Кызылагаш,Қызылағаш а.
275835000,NK RK 11-2025,sub_district,2,Аралтобинский с.о.,Аралтөбе а.о.
275835100,NK RK 11-2025,settlement,2,с.Аралтобе,Аралтөбе а.
275835102,NK RK 11-2025,settlement,2,с.Борбас,Борбас а.
275835105,NK RK 11-2025,settlement,2,с.Тиксай,Тіксай а.
275835200,NK RK 11-2025,settlement,2,с.Кызылагаш,Қызылағаш а.
275835202,NK RK 11-2025,settlement,2,с.Коржыной,Қоржыной а.
275837000,NK RK 11-2025,sub_district,2,Буланский с.о.,Бұлан а.о.
275837100,NK RK 11-2025,settlement,2,с.Булан,Бұлан а.
275837102,NK RK 11-2025,settlement,2,Ветпункт,Малемдеуорны
275837103,NK RK 11-2025,settlement,2,Жанабаз,Жаңабаз
275837200,NK RK 11-2025,settlement,2,с.Жамбыл,Жамбыл а.
275837202,NK RK 11-2025,settlement,2,с.Акперли,Ақперлі а.
275839000,NK RK 11-2025,sub_district,2,Булдуртинский с.о.,Бұлдырты а.о.
275839100,NK RK 11-2025,settlement,2,с.Булдурта,Бұлдырты а.
275839200,NK RK 11-2025,settlement,2,с.Аккудук,Аққұдық а.
275839202,NK RK 11-2025,settlement,2,с.Егиндиой,Егіндіой а.
275839400,NK RK 11-2025,settlement,2,с.Когерис,Көгеріс а.
275839500,NK RK 11-2025,settlement,2,с.Каракудук,Қарақұдық а.
275839503,NK RK 11-2025,settlement,2,с.Костобе,Қостөбе а.
275839504,NK RK 11-2025,settlement,2,с.Кошабай,Қошабай а.
275843000,NK RK 11-2025,sub_district,2,Елтайский с.о.,Елтай а.о.
275843100,NK RK 11-2025,settlement,2,с.Таскудук,Тасқұдық а.
275843200,NK RK 11-2025,settlement,2,с.Алатау,Алатау а.
275845000,NK RK 11-2025,sub_district,2,Жетыкольский с.о.,Жетікөл а.о.
275845100,NK RK 11-2025,settlement,2,с.Косарал,Қосарал а.
275845300,NK RK 11-2025,settlement,2,с.Жетыколь,Жетікөл а.
275845303,NK RK 11-2025,settlement,2,Акбольница,Ақбольница
275845304,NK RK 11-2025,settlement,2,с.Акколь,Ақкөл а.
275845305,NK RK 11-2025,settlement,2,с.Баба 1,Баба 1 а.
275845306,NK RK 11-2025,settlement,2,с.Баба 2,Баба 2 а.
275845307,NK RK 11-2025,settlement,2,с.Баба 3,Баба 3 а.
275845308,NK RK 11-2025,settlement,2,с.Жетиколь,Жетікөл а.
275845309,NK RK 11-2025,settlement,2,с.Орбисим,Өрбісім а.
275845311,NK RK 11-2025,settlement,2,с.Саралжынсай,Саралжынсай а.
275845312,NK RK 11-2025,settlement,2,с.Сыпыра,Сыпыра а.
275847000,NK RK 11-2025,sub_district,2,Жосалинский с.о.,Жосалы а.о.
275847100,NK RK 11-2025,settlement,2,с.Коныр,Қоңыр а.
275847400,NK RK 11-2025,settlement,2,с.Тамды,Тамды а.
275853000,NK RK 11-2025,sub_district,2,Кособинский с.о.,Қособа а.о.
275853100,NK RK 11-2025,settlement,2,с.Кособа,Қособа а.
275853200,NK RK 11-2025,settlement,2,с.Жыракудук,Жырақұдық а.
275853203,NK RK 11-2025,settlement,2,с.Акшкол,Ақшкол а.
275853204,NK RK 11-2025,settlement,2,с.Аяккол,Аяққол а.
275853205,NK RK 11-2025,settlement,2,с.Жетимсай,Жетімсай а.
275853209,NK RK 11-2025,settlement,2,с.Наху,Наху а.
275853215,NK RK 11-2025,settlement,2,с.Шагат,Шағат а.
275853217,NK RK 11-2025,settlement,2,с.Агатай,Ағатай а.
275853222,NK RK 11-2025,settlement,2,с.Жаманколь,Жаманкөл а.
275853223,NK RK 11-2025,settlement,2,с.Жыралышыганак,Жыралышығанақ а.
275853226,NK RK 11-2025,settlement,2,с.Батыр,Батыр а.
275853227,NK RK 11-2025,settlement,2,с.Кудуксай,Құдықсай а.
275853228,NK RK 11-2025,settlement,2,с.Кулак,Құлақ а.
275855000,NK RK 11-2025,sub_district,2,Саройский с.о.,Сарыой а.о.
275855100,NK RK 11-2025,settlement,2,с.Шагырлой,Шағырлой а.
275855300,NK RK 11-2025,settlement,2,с.Коздикара,Көздіқара а.
275855308,NK RK 11-2025,settlement,2,с.Оралбай,Оралбай а.
275857000,NK RK 11-2025,sub_district,2,Талдыбулакский с.о.,Талдыбұлақ а.о.
275857100,NK RK 11-2025,settlement,2,с.Талдыбулак,Талдыбұлақ а.
275857400,NK RK 11-2025,settlement,2,с.Казахстан,Қазақстан а.
275859000,NK RK 11-2025,sub_district,2,Шолаканкатынский с.о.,Шолақаңқаты а.о.
275859100,NK RK 11-2025,settlement,2,с.Тоганас,Тоғанас а.
275859200,NK RK 11-2025,settlement,2,с.Анкаты,Аңқаты а.
275859300,NK RK 11-2025,settlement,2,с.Караганды,Қарағанды а.
275859400,NK RK 11-2025,settlement,2,с.Куспанколь,Құспанкөл а.
276000000,NK RK 11-2025,district,2,Таскалинский район,Тасқала ауданы
276030000,NK RK 11-2025,sub_district,2,Таскалинский с.о.,Тасқала а.о.
276030100,NK RK 11-2025,settlement,2,с.Таскала,Тасқала а.
276030200,NK RK 11-2025,settlement,2,с.Жігер,Жігер а.
276030300,NK RK 11-2025,settlement,2,с.Бірлік,Бірлік а.
276033000,NK RK 11-2025,sub_district,2,Актауский с.о.,Ақтау а.о.
276033100,NK RK 11-2025,settlement,2,с.Актау,Ақтау а.
276033102,NK RK 11-2025,settlement,2,с.Кулаково,Кулаково а.
276033200,NK RK 11-2025,settlement,2,с.Ақкүтір,Ақкүтір а.
276033203,NK RK 11-2025,settlement,2,с.Жигули,Жигули а.
276033400,NK RK 11-2025,settlement,2,с.Кызылбас,Қызылбас а.
276033402,NK RK 11-2025,settlement,2,с.Аккушик,Ақкүшік а.
276033500,NK RK 11-2025,settlement,2,с.Қараой,Қараой а.
276035000,NK RK 11-2025,sub_district,2,Амагельдинский с.о.,Амангелді а.о.
276035100,NK RK 11-2025,settlement,2,с.Амангельды,Амангелді а.
276035400,NK RK 11-2025,settlement,2,с.Чижа 1,Шежін 1 а.
276035402,NK RK 11-2025,settlement,2,с.Жармолай,Жармолай а.
276035403,NK RK 11-2025,settlement,2,с.Жигули,Жигули а.
276035404,NK RK 11-2025,settlement,2,с.Колек,Көлек а.
276037000,NK RK 11-2025,sub_district,2,Достыкский с.о.,Достық а.о.
276037100,NK RK 11-2025,settlement,2,с.Достык,Достық а.
276037102,NK RK 11-2025,settlement,2,Водокачка,Суайдағыш
276037104,NK RK 11-2025,settlement,2,с.Умурзак,Өмірзақ а.
276037105,NK RK 11-2025,settlement,2,Ферма,Ферма
276037200,NK RK 11-2025,settlement,2,с.Бастау,Бастау а.
276037300,NK RK 11-2025,settlement,2,с.Ынтымақ,Ынтымақ а.
276043000,NK RK 11-2025,sub_district,2,Кощинский с.о.,Көшін а.о.
276043100,NK RK 11-2025,settlement,2,с.Оян,Оян а.
276043102,NK RK 11-2025,settlement,2,с.Айкумис,Айкүміс а.
276043103,NK RK 11-2025,settlement,2,с.Акуй,Ақүй а.
276043104,NK RK 11-2025,settlement,2,Жанааул,Жаңаауыл
276043107,NK RK 11-2025,settlement,2,с.Коянуй,Қоянүй а.
276043108,NK RK 11-2025,settlement,2,с.Койшыгулкудук,Қойшығұлқұдық а.
276043109,NK RK 11-2025,settlement,2,с.Кызылагаш,Қызылағаш а.
276043400,NK RK 11-2025,settlement,2,с.Кеңжайлау,Кеңжайлау а.
276043402,NK RK 11-2025,settlement,2,с.Аппаз,Аппаз а.
276043403,NK RK 11-2025,settlement,2,с.Ашы,Ащы а.
276043405,NK RK 11-2025,settlement,2,с.Жетикудук,Жетіқұдық а.
276043406,NK RK 11-2025,settlement,2,с.Караой,Қараой а.
276045000,NK RK 11-2025,sub_district,2,Казахстанский с.о.,Қазақстан а.о.
276045100,NK RK 11-2025,settlement,2,с.Атамекен,Атамекен а.
276045102,NK RK 11-2025,settlement,2,Производственная бригада,Өндірістік бригада
276045300,NK RK 11-2025,settlement,2,с.Калмакшабын,Қалмақшабын а.
276045302,NK RK 11-2025,settlement,2,с.Аяк,Аяқ а.
276045303,NK RK 11-2025,settlement,2,с.Егизкопа,Егізқопа а.
276045304,NK RK 11-2025,settlement,2,с.Камыстыколь,Қамыстыкөл а.
276045305,NK RK 11-2025,settlement,2,с.Калке,Қалке а.
276045306,NK RK 11-2025,settlement,2,с.Молочная,Молочная а.
276045307,NK RK 11-2025,settlement,2,с.Новостройка,Новостройка а.
276045308,NK RK 11-2025,settlement,2,с.Уштулек,Үштүлек а.
276045309,NK RK 11-2025,settlement,2,с.Шокалак,Шоқалақ а.
276045400,NK RK 11-2025,settlement,2,с.Алмалы,Алмалы а.
276045402,NK RK 11-2025,settlement,2,с.Митрофан,Митрофан а.
276045403,NK RK 11-2025,settlement,2,с.Утеш,Өтеш а.
276045500,NK RK 11-2025,settlement,2,с.Кисыксай,Қисықсай а.
276045502,NK RK 11-2025,settlement,2,с.Волжанка,Волжанка а.
276045503,NK RK 11-2025,settlement,2,с.Жетикудук,Жетіқұдық а.
276045504,NK RK 11-2025,settlement,2,с.Кисыксай 1,Қисықсай 1 а.
276045505,NK RK 11-2025,settlement,2,с.Кисыксай 2,Қисықсай 2 а.
276045507,NK RK 11-2025,settlement,2,с.Тозгуль,Тозгүл а.
276047000,NK RK 11-2025,sub_district,2,Мерекенский с.о.,Мереке а.о.
276047100,NK RK 11-2025,settlement,2,с.Мереке,Мереке а.
276047103,NK RK 11-2025,settlement,2,с.Карабогет,Қарабөгет а.
276047105,NK RK 11-2025,settlement,2,с.Бубенец,Бубенец а.
276047500,NK RK 11-2025,settlement,2,с.Калмак,Қалмақ а.
276047502,NK RK 11-2025,settlement,2,с.Бесколь,Бескөл а.
276047504,NK RK 11-2025,settlement,2,с.Талдыкудык,Талдықұдық а.
276049000,NK RK 11-2025,sub_district,2,Мерейский с.о.,Мерей а.о.
276049100,NK RK 11-2025,settlement,2,с.Мерей,Мерей а.
276049102,NK RK 11-2025,settlement,2,Птичник,Құсқора
276049200,NK RK 11-2025,settlement,2,с.Аққайнар,Аққайнар а.
276049300,NK RK 11-2025,settlement,2,с.Өркен,Өркен а.
276049400,NK RK 11-2025,settlement,2,с.Айнабұлақ,Айнабұлақ а.
276049600,NK RK 11-2025,settlement,2,с.Тоғайлы,Тоғайлы а.
276049602,NK RK 11-2025,settlement,2,с.Азовский,Азовский а.
276049603,NK RK 11-2025,settlement,2,с.Дояр,Дояр а.
276049604,NK RK 11-2025,settlement,2,с.Широкий,Широкий а.
276049605,NK RK 11-2025,settlement,2,с.Шорман,Шорман а.
276053000,NK RK 11-2025,sub_district,2,Чижинский с.о.,Шежін а.о.
276053100,NK RK 11-2025,settlement,2,с.Чижа 2,Шежін 2 а.
276053102,NK RK 11-2025,settlement,2,с.Алмалысай,Алмалысай а.
276053103,NK RK 11-2025,settlement,2,с.Ашы,Ащы а.
276053104,NK RK 11-2025,settlement,2,с.Бирлик,Бірлік а.
276053105,NK RK 11-2025,settlement,2,с.Жармалай,Жармалай а.
276053106,NK RK 11-2025,settlement,2,с.Кусем,Көсем а.
276053109,NK RK 11-2025,settlement,2,с.Жанааул,Жаңаауыл а.
276053113,NK RK 11-2025,settlement,2,с.Тапкан,Тапқан а.
276053200,NK RK 11-2025,settlement,2,с.Еменжар,Еменжар а.
276053300,NK RK 11-2025,settlement,2,с.Талдыбулак,Талдыбұлақ а.
276053303,NK RK 11-2025,settlement,2,с.Майрамкуль,Майрамкүл а.
276053306,NK RK 11-2025,settlement,2,Сад,Бақ
276053307,NK RK 11-2025,settlement,2,с.Студенческая,Студенческая а.
276053308,NK RK 11-2025,settlement,2,с.Центральная,Центральная а.
276200000,NK RK 11-2025,district,2,Теректинский район,Теректі ауданы
276230000,NK RK 11-2025,sub_district,2,с.о.Теректі,Теректі а.о.
276230100,NK RK 11-2025,settlement,2,с.Теректі,Теректі а.
276230106,NK RK 11-2025,settlement,2,с.Шаракап,Шарақап а.
276230300,NK RK 11-2025,settlement,2,с.Тақсай,Тақсай а.
276230400,NK RK 11-2025,settlement,2,с.Яик,Жайық а.
276230500,NK RK 11-2025,settlement,2,с.Кабылтобе,Қабылтөбе а.
276233000,NK RK 11-2025,sub_district,2,Акжаикский с.о.,Ақжайық а.о.
276233100,NK RK 11-2025,settlement,2,с.Акжаик,Ақжайық а.
276233102,NK RK 11-2025,settlement,2,с.Калмак,Қалмақ а.
276233103,NK RK 11-2025,settlement,2,Институт,Институт
276233105,NK RK 11-2025,settlement,2,с.Суттигенды,Сүттігенді а.
276233200,NK RK 11-2025,settlement,2,с.Абай,Абай а.
276233300,NK RK 11-2025,settlement,2,санаторий Акжаик,Ақжайық емдеу-сауықтыру орны
276233400,NK RK 11-2025,settlement,2,с.Ыждағат,Ыждағат а.
276233600,NK RK 11-2025,settlement,2,с.Талпын,Талпын а.
276235000,NK RK 11-2025,sub_district,2,Аксогымский с.о.,Ақсоғым а.о.
276235100,NK RK 11-2025,settlement,2,с.Аксогым,Ақсоғым а.
276235200,NK RK 11-2025,settlement,2,с.Бозай,Бозай а.
276235300,NK RK 11-2025,settlement,2,с.Табынбай,Табынбай а.
276235400,NK RK 11-2025,settlement,2,с.Улкененбек,Үлкенеңбек а.
276237000,NK RK 11-2025,sub_district,2,Аксуатский с.о.,Ақсуат а.о.
276237100,NK RK 11-2025,settlement,2,с.Аксуат,Ақсуат а.
276237200,NK RK 11-2025,settlement,2,с.Айтиево,Әйтиев а.
276237300,NK RK 11-2025,settlement,2,с.Магистральное,Магистральное а.
276237400,NK RK 11-2025,settlement,2,с.Пойма,Пойма а.
276239000,NK RK 11-2025,sub_district,2,Анкатинский с.о.,Аңқаты а.о.
276239100,NK RK 11-2025,settlement,2,с.Анкаты,Аңқаты а.
276239200,NK RK 11-2025,settlement,2,с.Рыбцех,Балықцехы а.
276239300,NK RK 11-2025,settlement,2,с.Ерсары,Ерсары а.
276239303,NK RK 11-2025,settlement,2,с.Тасаншеген,Тасаншеген а.
276239400,NK RK 11-2025,settlement,2,с.Кандык,Қандық а.
276239500,NK RK 11-2025,settlement,2,с.Новая точка,Новая точка а.
276239600,NK RK 11-2025,settlement,2,с.Сатымшеген,Сатымшеген а.
276243000,NK RK 11-2025,sub_district,2,Богдановский с.о.,Богданов а.о.
276243100,NK RK 11-2025,settlement,2,с.Богдановка,Богдановка а.
276243200,NK RK 11-2025,settlement,2,с.Алгабас,Алғабас а.
276243500,NK RK 11-2025,settlement,2,с.Придорожное,Придорожное а.
276243600,NK RK 11-2025,settlement,2,с.Сарсеново,Сәрсен а.
276245000,NK RK 11-2025,sub_district,2,Долинский с.о.,Долина а.о.
276245100,NK RK 11-2025,settlement,2,с.Долинное,Долинное а.
276245102,NK RK 11-2025,settlement,2,с.Аксай,Ақсай а.
276245106,NK RK 11-2025,settlement,2,с.Жанаталап,Жаңаталап а.
276245300,NK RK 11-2025,settlement,2,с.Коныссай,Қоныссай а.
276245500,NK RK 11-2025,settlement,2,с.Тонкерис,Төңкеріс а.
276245502,NK RK 11-2025,settlement,2,с.Алебастрово,Алебастрово а.
276245700,NK RK 11-2025,settlement,2,с.Шоптыкуль,Шөптікөл а.
276249000,NK RK 11-2025,sub_district,2,с.о.Құмақсай,Құмақсай а.о.
276249100,NK RK 11-2025,settlement,2,с.Құмақсай,Құмақсай а.
276253000,NK RK 11-2025,sub_district,2,Подстепновский с.о.,Подстепной а.о.
276253100,NK RK 11-2025,settlement,2,с.Подстепное,Подстепное а.
276253200,NK RK 11-2025,settlement,2,с.Лесопитомник,Лесопитомник а.
276253300,NK RK 11-2025,settlement,2,с.Тукпай,Тұқпай а.
276253400,NK RK 11-2025,settlement,2,с.Юбилейное,Юбилейное а.
276255000,NK RK 11-2025,sub_district,2,Покатиловский с.о.,Покатилов а.о.
276255100,NK RK 11-2025,settlement,2,с.Покатиловка,Покатиловка а.
276259000,NK RK 11-2025,sub_district,2,Приречный с.о.,Приречный а.о.
276259100,NK RK 11-2025,settlement,2,с.Приречное,Приречное а.
276265000,NK RK 11-2025,sub_district,2,Узункольский с.о.,Ұзынкөл а.о.
276265100,NK RK 11-2025,settlement,2,с.Узунколь,Ұзынкөл а.
276269000,NK RK 11-2025,sub_district,2,Чаганский с.о.,Шаған а.о.
276269100,NK RK 11-2025,settlement,2,с.Жана Омир,Жаңа Өмір а.
276269200,NK RK 11-2025,settlement,2,с.Бекей,Бекей а.
276269300,NK RK 11-2025,settlement,2,с.Кемер,Кемер а.
276269302,NK RK 11-2025,settlement,2,Паром,Сал
276269303,NK RK 11-2025,settlement,2,с.Сатым,Сатым а.
276273000,NK RK 11-2025,sub_district,2,Шагатайский с.о.,Шағатай а.о.
276273100,NK RK 11-2025,settlement,2,с.Шагатай,Шағатай а.
276273103,NK RK 11-2025,settlement,2,с.Карабас,Қарабас а.
276273300,NK RK 11-2025,settlement,2,с.Когалытобек,Қоғалытүбек а.
276273400,NK RK 11-2025,settlement,2,с.Кутсиык,Құтсиық а.
276273500,NK RK 11-2025,settlement,2,с.Кызылжар,Қызылжар а.
276275000,NK RK 11-2025,sub_district,2,Шалкарский с.о.,Шалқар а.о.
276275100,NK RK 11-2025,settlement,2,с.Сарыомир,Сарыөмір а.
276275102,NK RK 11-2025,settlement,2,с.Кирки,Кирки а.
276275103,NK RK 11-2025,settlement,2,с.Тюмень,Тюмень а.
276275200,NK RK 11-2025,settlement,2,с.Дуана,Дуана а.
276275300,NK RK 11-2025,settlement,2,с.Шалкар,Шалқар а.
276600000,NK RK 11-2025,district,2,Чингирлауский район,Шыңғырлау ауданы
276630000,NK RK 11-2025,sub_district,2,Чингирлауский с.о.,Шыңғырлау а.о.
276630100,NK RK 11-2025,settlement,2,с.Шынгырлау,Шыңғырлау а.
276630103,NK RK 11-2025,settlement,2,рзд.Успешный,рзд.Успешный
276630200,NK RK 11-2025,settlement,2,с.Аксугум,Ақсоғым а.
276630400,NK RK 11-2025,settlement,2,с.Жанакуш,Жаңакүш а.
276630403,NK RK 11-2025,settlement,2,с.Улгули,Үлгілі а.
276630404,NK RK 11-2025,settlement,2,с.Сага,Саға а.
276630500,NK RK 11-2025,settlement,2,с.Кызылкуль,Қызылкөл а.
276630503,NK RK 11-2025,settlement,2,с.Нарымбай,Нарымбай а.
276630700,NK RK 11-2025,settlement,2,с.Ұрысай,Ұрысай а.
276630702,NK RK 11-2025,settlement,2,с.Кыстаубай,Қыстаубай а.
276630800,NK RK 11-2025,settlement,2,с.Шоктыбай,Шоқтыбай а.
276633000,NK RK 11-2025,sub_district,2,Акбулакский с.о.,Ақбұлақ а.о.
276633100,NK RK 11-2025,settlement,2,с.Акбулак,Ақбұлақ а.
276633102,NK RK 11-2025,settlement,2,с.Агатан,Ақатан а.
276633400,NK RK 11-2025,settlement,2,с.Кутантал,Қотантал а.
276635000,NK RK 11-2025,sub_district,2,Алмазненский с.о.,Алмаз а.о.
276635100,NK RK 11-2025,settlement,2,с.Алмазное,Алмаз а.
276635200,NK RK 11-2025,settlement,2,с.Аккудык,Аққұдық а.
276635300,NK RK 11-2025,settlement,2,с.Сегизсай,Сегізсай а.
276635302,NK RK 11-2025,settlement,2,с.Киндикти,Кіндікті а.
276635304,NK RK 11-2025,settlement,2,с.Чапай,Чапай а.
276637000,NK RK 11-2025,sub_district,2,Ащысайский с.о.,Ащысай а.о.
276637100,NK RK 11-2025,settlement,2,с.Ащысай,Ащысай а.
276637102,NK RK 11-2025,settlement,2,Лесхоз,Орманшар
276637106,NK RK 11-2025,settlement,2,с.Тузово,Тузово а.
276637200,NK RK 11-2025,settlement,2,с.Амангельды,Амангелді а.
276637300,NK RK 11-2025,settlement,2,с.Женишке,Жеңішке а.
276637302,NK RK 11-2025,settlement,2,с.Жамантуз,Жамантұз а.
276637400,NK RK 11-2025,settlement,2,с.Мырзагара,Мырзақара а.
276637500,NK RK 11-2025,settlement,2,с.Талдысай,Талдысай а.
276639000,NK RK 11-2025,sub_district,2,Актауский с.о.,Ақтау а.о.
276639100,NK RK 11-2025,settlement,2,с.Актау,Ақтау а.
276639200,NK RK 11-2025,settlement,2,с.Торыатбас,Торыатбас а.
276643000,NK RK 11-2025,sub_district,2,Карагашский с.о.,Қараағаш а.о.
276643100,NK RK 11-2025,settlement,2,с.Карагаш,Қарағаш а.
276643200,NK RK 11-2025,settlement,2,с.Аксуат,Ақсуат а.
276643400,NK RK 11-2025,settlement,2,с.Кайынды,Қайыңды а.
276643500,NK RK 11-2025,settlement,2,с.Каргалы,Қарғалы а.
276647000,NK RK 11-2025,sub_district,2,Акшатский с.о.,Ақшат а.о.
276647100,NK RK 11-2025,settlement,2,с.Акшат,Ақшат а.
276647108,NK RK 11-2025,settlement,2,с.Юбилейное,Юбилейное а.
276647300,NK RK 11-2025,settlement,2,с.Сулукуль,Сұлукөл а.
276649000,NK RK 11-2025,sub_district,2,Ардакский с.о.,Ардақ а.о.
276649100,NK RK 11-2025,settlement,2,с.Ардак,Ардақ а.
276649104,NK RK 11-2025,settlement,2,с.Тажи,Тәжі а.
276649105,NK RK 11-2025,settlement,2,с.Нижний Карасай,Төменгі Қарасай а.
310000000,NK RK 11-2025,oblast,0,Жамбылская область,Жамбыл облысы
311000000,NK RK 11-2025,district,1,Тараз Г.А.,Тараз Қ.Ә.
311010000,NK RK 11-2025,sub_district,1,г.Тараз,Тараз қ.
311011100,NK RK 11-2025,settlement,1,район Әулиеата,Әулиеата ауданы
311013100,NK RK 11-2025,settlement,1,район Жібек жолы,Жібек жолы ауданы
313600000,NK RK 11-2025,district,2,Байзакский район,Байзақ ауданы
313630000,NK RK 11-2025,sub_district,2,Сарыкемерский с.о.,Сарыкемер а.о.
313630100,NK RK 11-2025,settlement,2,с.Сарыкемер,Сарыкемер а.
313630500,NK RK 11-2025,settlement,2,с.Косак,Қосақ а.
313631000,NK RK 11-2025,sub_district,2,с.о.Байтерек,Бәйтерек а.о.
313631100,NK RK 11-2025,settlement,2,с.Кокбастау,Көкбастау а.
313631200,NK RK 11-2025,settlement,2,с.Базарбай,Базарбай а.
313631300,NK RK 11-2025,settlement,2,с.Тегистик,Тегістік  а.
313631400,NK RK 11-2025,settlement,2,с.Торегельды,Төрегелді а.
313633000,NK RK 11-2025,sub_district,2,Ботамойнакский с.о.,Ботамойнақ а.о.
313633100,NK RK 11-2025,settlement,2,с.Байзак,Байзақ а.
313633200,NK RK 11-2025,settlement,2,с.Ботамойнак,Ботамойнақ а.
313633300,NK RK 11-2025,settlement,2,ст.Учбулак,Үшбұлақ ст.
313635000,NK RK 11-2025,sub_district,2,Бурылский с.о.,Бурыл а.о .
313635100,NK RK 11-2025,settlement,2,с.Бурыл,Бурыл а.
313635400,NK RK 11-2025,settlement,2,с.Кумжота,Құмжота а.
313637000,NK RK 11-2025,sub_district,2,Диханский с.о.,Дихан а.о.
313637100,NK RK 11-2025,settlement,2,с.Дихан,Дихан а.
313637200,NK RK 11-2025,settlement,2,с.Аймантобе,Аймантөбе а.
313637300,NK RK 11-2025,settlement,2,с.Женис,Жеңіс а.
313639000,NK RK 11-2025,sub_district,2,Жалгызтобинский с.о.,Жалғызтөбе а.о.
313639100,NK RK 11-2025,settlement,2,с.Жетыбай,Жетібай а.
313639300,NK RK 11-2025,settlement,2,с.Аккия,Аққия а.
313639500,NK RK 11-2025,settlement,2,с.Торткул,Төрткүл а.
313641000,NK RK 11-2025,sub_district,2,Жанатурмысский с.о.,Жаңатұрмыс а.о
313641100,NK RK 11-2025,settlement,2,с.Жибек жолы,Жібек жолы а.
313641200,NK RK 11-2025,settlement,2,ст.Акчулак,Ақшолақ ст.
313641300,NK RK 11-2025,settlement,2,с.Жанатурмыс,Жаңатұрмыс а.
313641500,NK RK 11-2025,settlement,2,рзд.Кайнар,рзд.Қайнар
313642000,NK RK 11-2025,sub_district,2,Коптерекский с.о.,Көптерек а.о.
313642100,NK RK 11-2025,settlement,2,с.Кенес,Кеңес а.
313644000,NK RK 11-2025,sub_district,2,Кокталский с.о.,Көктал а.о.
313644100,NK RK 11-2025,settlement,2,с.Коктал,Көктал а.
313645000,NK RK 11-2025,sub_district,2,Костюбинский с.о.,Қостөбе а.о.
313645300,NK RK 11-2025,settlement,2,с.Костобе,Қостөбе а.
313646000,NK RK 11-2025,sub_district,2,Мырзатайский с.о.,Мырзатай а.о.
313646100,NK RK 11-2025,settlement,2,с.Мырзатай,Мырзатай а.
313646500,NK RK 11-2025,settlement,2,с.Дихан,Дихан а.
313646700,NK RK 11-2025,settlement,2,с.Сенкибай,Сеңкібай а.
313647000,NK RK 11-2025,sub_district,2,Суханбаевский с.о.,Суханбай а.о.
313647100,NK RK 11-2025,settlement,2,с.Жакаш,Жақаш а.
313647400,NK RK 11-2025,settlement,2,с.Кокозек,Көкөзек а.
313647500,NK RK 11-2025,settlement,2,с.Косы батыр,Қосы батыр а.
313648000,NK RK 11-2025,sub_district,2,Сазтерекский с.о.,Сазтерек а.о.
313648100,NK RK 11-2025,settlement,2,с.Абай,Абай а.
313648400,NK RK 11-2025,settlement,2,с.Актобе,Ақтөбе а.
313648600,NK RK 11-2025,settlement,2,с.Жанасаз,Жаңасаз а.
313649000,NK RK 11-2025,sub_district,2,Темирбекский с.о.,Темірбек а.о.
313649100,NK RK 11-2025,settlement,2,с.Тегистик,Тегістік а.
313649200,NK RK 11-2025,settlement,2,с.Сарыбарак,Сарыбарақ а.
313649300,NK RK 11-2025,settlement,2,с.Шахан,Шахан а.
313653000,NK RK 11-2025,sub_district,2,Туймекентский с.о.,Түймекент а.о.
313653100,NK RK 11-2025,settlement,2,с.Туймекент,Түймекент а.
313653200,NK RK 11-2025,settlement,2,с.Акжар,Ақжар а.
313657000,NK RK 11-2025,sub_district,2,Ульгулинский с.о.,Үлгілі а.о.
313657100,NK RK 11-2025,settlement,2,с.Ульгули,Үлгілі а.
313663000,NK RK 11-2025,sub_district,2,Ынтымакский с.о.,Ынтымақ а.о.
313663100,NK RK 11-2025,settlement,2,с.Мадимар,Мәдімар а.
314000000,NK RK 11-2025,district,2,Жамбылский район,Жамбыл ауданы
314030000,NK RK 11-2025,sub_district,2,Асинский с.о.,Аса а.о.
314030100,NK RK 11-2025,settlement,2,с.Аса,Аса а.
314030500,NK RK 11-2025,settlement,2,с.Рахат,Рахат а.
314033000,NK RK 11-2025,sub_district,2,Айшабибинский с.о.,Айшабибі а.о.
314033100,NK RK 11-2025,settlement,2,с.Айшабиби,Айшабибі а.
314033103,NK RK 11-2025,settlement,2,с.Аулиебастау,Аулиебастау а.
314033107,NK RK 11-2025,settlement,2,с.Карабастау,Карабастау а.
314033300,NK RK 11-2025,settlement,2,с.Каратау,Қаратау а.
314033400,NK RK 11-2025,settlement,2,с.Аулиеколь,Әулиекөл а.
314034000,NK RK 11-2025,sub_district,2,Акбастауский с.о.,Ақбастау а.о.
314034100,NK RK 11-2025,settlement,2,с.Бирлесу-Енбек,Бірлесу-Еңбек а.
314034700,NK RK 11-2025,settlement,2,с.Шокай,Шоқай а.
314037000,NK RK 11-2025,sub_district,2,Бесагашский с.о.,Бесағаш а.о.
314037100,NK RK 11-2025,settlement,2,с.Бесагаш,Бесағаш а.
314039000,NK RK 11-2025,sub_district,2,Гродековский с.о.,Гродеков а.о.
314039100,NK RK 11-2025,settlement,2,с.Гродеково,Гродеково а.
314039300,NK RK 11-2025,settlement,2,с.Кызылдихан,Қызылдиқан а.
314042000,NK RK 11-2025,sub_district,2,Ерназарский с.о.,Ерназар а.о.
314042100,NK RK 11-2025,settlement,2,с.Ерназар,Ерназар а.
314043000,NK RK 11-2025,sub_district,2,Жамбылский с.о.,Жамбыл а.о.
314043200,NK RK 11-2025,settlement,2,с.Шакена Ниязбекова,Шәкен Ниязбеков а.
314043300,NK RK 11-2025,settlement,2,с.Капал,Қапал а.
314045000,NK RK 11-2025,sub_district,2,Колькайнарский с.о.,Көлқайнар а.о.
314045100,NK RK 11-2025,settlement,2,с.Тастобе,Тастөбе а.
314045200,NK RK 11-2025,settlement,2,с.Енбек,Еңбек а.
314045203,NK RK 11-2025,settlement,2,рзд.27,рзд.27
314045300,NK RK 11-2025,settlement,2,с.Жамбыл,Жамбыл а.
314045400,NK RK 11-2025,settlement,2,уч.Колькайнар,Көлқайнар уч.
314045500,NK RK 11-2025,settlement,2,с.Костобе,Қостөбе а.
314046000,NK RK 11-2025,sub_district,2,Каракемерский с.о.,Қаракемер а.о.
314046100,NK RK 11-2025,settlement,2,с.Каракемер,Қаракемер а.
314046400,NK RK 11-2025,settlement,2,с.Кумтиын,Құмтиын а.
314046600,NK RK 11-2025,settlement,2,с.Сенгирбай,Сеңгірбай а.
314048000,NK RK 11-2025,sub_district,2,Кызылкайнарский с.о.,Қызылқайнар а.о.
314048100,NK RK 11-2025,settlement,2,с.Кызылкайнар,Қызылқайнар а.
314048200,NK RK 11-2025,settlement,2,с.Жасоркен,Жасөркен а.
314049000,NK RK 11-2025,sub_district,2,Орнекский с.о.,Өрнек а.о.
314049100,NK RK 11-2025,settlement,2,с.Орнек,Өрнек а.
314049300,NK RK 11-2025,settlement,2,ст.Жума,Жұма ст.
314051000,NK RK 11-2025,sub_district,2,Каратобинский с.о.,Қаратөбе а.о.
314051300,NK RK 11-2025,settlement,2,с.Байтерек,Бәйтерек а.
314061000,NK RK 11-2025,sub_district,2,с.о. Карасу,Қарасу а.о.
314061100,NK RK 11-2025,settlement,2,с.Ащыбулак,Ащыбұлақ а.
314061800,NK RK 11-2025,settlement,2,с.Шайдана,Шәйдана а.
314065000,NK RK 11-2025,sub_district,2,Тогызтарауский с.о.,Тоғызтарау а.о.
314065100,NK RK 11-2025,settlement,2,с.Тогызтарау,Тоғызтарау а.
314065300,NK RK 11-2025,settlement,2,с.Жанаоткель,Жаңаөткел а.
314065500,NK RK 11-2025,settlement,2,с.Кумсуат,Құмсуат а.
314200000,NK RK 11-2025,district,2,Жуалынский район,Жуалы ауданы
314230000,NK RK 11-2025,sub_district,2,Б.Момышулы с.о.,Б.Момышұлы атын.а.о.
314230100,NK RK 11-2025,settlement,2,с.им.Б.Момышулы,Б.Момышұлы атын.а.
314233000,NK RK 11-2025,sub_district,2,Аксайский с.о.,Ақсай а.о.
314233100,NK RK 11-2025,settlement,2,с.Кайрат,Қайрат а.
314233200,NK RK 11-2025,settlement,2,с.Дихан,Диқан а.
314235000,NK RK 11-2025,sub_district,2,Актюбинский с.о.,Ақтөбе а.о.
314235100,NK RK 11-2025,settlement,2,с.Байтерек,Бәйтерек а.
314235300,NK RK 11-2025,settlement,2,с.Жанаталап,Жаңаталап а.
314235400,NK RK 11-2025,settlement,2,ст.Куркуреусу,Құркүреусу ст.
314235500,NK RK 11-2025,settlement,2,с.Актоган,Ақтоған а.
314237000,NK RK 11-2025,sub_district,2,Биликольский с.о.,Билікөл а.о.
314237100,NK RK 11-2025,settlement,2,с.Карабастау,Қарабастау а.
314237200,NK RK 11-2025,settlement,2,с.Дарбаза,Дарбаза а.
314237400,NK RK 11-2025,settlement,2,с.Жылыбулак,Жылыбұлақ а.
314237600,NK RK 11-2025,settlement,2,с.Абдыкадыр,Әбдіқадыр а.
314237603,NK RK 11-2025,settlement,2,Ущелье Аксакалсай,Ақсақалсай шатқалы
314237605,NK RK 11-2025,settlement,2,Ущелье Беркара,Берқара шатқалы
314237607,NK RK 11-2025,settlement,2,отг.Биликоль,Билікөл ж.
314239000,NK RK 11-2025,sub_district,2,Боралдайский с.о.,Боралдай а.о.
314239100,NK RK 11-2025,settlement,2,с.Кольтоган,Көлтоған а.
314239300,NK RK 11-2025,settlement,2,с.Ертай,Ертай а.
314239600,NK RK 11-2025,settlement,2,с.им.Рысбека батыра,Рысбек батыр атын.а.
314243000,NK RK 11-2025,sub_district,2,Нурлыкент с.о.,Нұрлыкент а.о.
314243100,NK RK 11-2025,settlement,2,с.Нурлыкент,Нұрлыкент а.
314243300,NK RK 11-2025,settlement,2,рзд.Казбастау,рзд.Қазбастау
314243500,NK RK 11-2025,settlement,2,с.Туктибай,Түктібай а.
314245000,NK RK 11-2025,sub_district,2,Жетитобинский с.о.,Жетітөбе а.о.
314245100,NK RK 11-2025,settlement,2,с.Карикорган,Кәріқорған а.
314245200,NK RK 11-2025,settlement,2,с.Коныртобе,Қоңыртөбе а.
314245300,NK RK 11-2025,settlement,2,с.Космурат,Қосмұрат а.
314245400,NK RK 11-2025,settlement,2,с.Майбулак,Майбұлақ а.
314245500,NK RK 11-2025,settlement,2,с.Тасбастау,Тасбастау а.
314245600,NK RK 11-2025,settlement,2,с.Шынбулак,Шыңбұлақ а.
314247000,NK RK 11-2025,sub_district,2,Кокбастауский с.о.,Көкбастау а.о.
314247100,NK RK 11-2025,settlement,2,с.Терис,Теріс а.
314247200,NK RK 11-2025,settlement,2,с.Бакалы,Бақалы а.
314247300,NK RK 11-2025,settlement,2,с.Коктобе,Көктөбе а.
314247400,NK RK 11-2025,settlement,2,с.Косболтек,Қосбөлтек а.
314249000,NK RK 11-2025,sub_district,2,Куренбельский с.о.,Күреңбел а.о.
314249100,NK RK 11-2025,settlement,2,с.Куренбель,Күреңбел а.
314249200,NK RK 11-2025,settlement,2,с.Каратас,Қаратас а.
314253000,NK RK 11-2025,sub_district,2,Карасазский с.о.,Қарасаз а.о.
314253100,NK RK 11-2025,settlement,2,с.Карасаз,Қарасаз а.
314253200,NK RK 11-2025,settlement,2,с.Акбастау,Ақбастау а.
314253300,NK RK 11-2025,settlement,2,с.Журумбай,Жұрымбай а.
314253400,NK RK 11-2025,settlement,2,с.Карасу,Қарасу а.
314253500,NK RK 11-2025,settlement,2,с.Коктас,Көктас а.
314254000,NK RK 11-2025,sub_district,2,Кошкаратинский с.о.,Қошқарата а.о.
314254100,NK RK 11-2025,settlement,2,с.Кошкарата,Қошқарата а.
314254200,NK RK 11-2025,settlement,2,с.Актасты,Ақтасты а.
314254500,NK RK 11-2025,settlement,2,с.Кызтоган,Қызтоған а.
314255000,NK RK 11-2025,sub_district,2,Шакпакский с.о.,Шақпақ а.о.
314255100,NK RK 11-2025,settlement,2,с.Шакпак ата,Шақпақата а.
314255200,NK RK 11-2025,settlement,2,с.Таттибая Дуйсебайулы,Тәттібай Дүйсебайұлы а.
314255300,NK RK 11-2025,settlement,2,с.Амансай,Амансай а.
314255400,NK RK 11-2025,settlement,2,ст.Шакпак,Шақпақ ст.
314255500,NK RK 11-2025,settlement,2,с.Интымак,Ынтымақ а.
314257000,NK RK 11-2025,sub_district,2,Кызыларыкский с.о.,Қызыларық а.о.
314257100,NK RK 11-2025,settlement,2,с.Кызыларык,Қызыларық а.
314257200,NK RK 11-2025,settlement,2,с.Актобе,Ақтөбе а.
314257300,NK RK 11-2025,settlement,2,с.Алатау,Алатау а.
314257600,NK RK 11-2025,settlement,2,ст.Сурум,Сырым ст.
314257700,NK RK 11-2025,settlement,2,с.Терсащибулак,Терісащыбұлақ а.
314263000,NK RK 11-2025,sub_district,2,Мынбулакский с.о.,Мыңбұлақ а.о.
314263100,NK RK 11-2025,settlement,2,с.Кольбастау,Көлбастау а.
314263400,NK RK 11-2025,settlement,2,с.Талапты,Талапты а.
314800000,NK RK 11-2025,district,2,Кордайский район,Қордай ауданы
314830000,NK RK 11-2025,sub_district,2,Кордайский с.о.,Қордай а.о.
314830100,NK RK 11-2025,settlement,2,с.Кордай,Қордай а.
314832000,NK RK 11-2025,sub_district,2,Алгинский с.о.,Алға а.о.
314832100,NK RK 11-2025,settlement,2,с.Алга,Алға а.
314832400,NK RK 11-2025,settlement,2,с.Кокадыр,Көкадыр а.
314832600,NK RK 11-2025,settlement,2,с.Музбель,Мұзбел а.
314833000,NK RK 11-2025,sub_district,2,Аухаттинский с.о.,Ауқатты а.о.
314833100,NK RK 11-2025,settlement,2,с.Аухатты,Ауқатты а.
314833200,NK RK 11-2025,settlement,2,с.Кызылсай,Қызылсай а.
314833208,NK RK 11-2025,settlement,2,с.Урюкты,Өрікті а.
314833300,NK RK 11-2025,settlement,2,с.Байтерек,Бәйтерек а.
314835000,NK RK 11-2025,sub_district,2,Беткайнарский с.о.,Бетқайнар а.о.
314835100,NK RK 11-2025,settlement,2,с.Беткайнар,Бетқайнар а.
314835500,NK RK 11-2025,settlement,2,с.Соганды,Соғанды а.
314836000,NK RK 11-2025,sub_district,2,Жамбылский с.о.,Жамбыл а.о.
314836100,NK RK 11-2025,settlement,2,с.Жамбыл,Жамбыл а.
314836300,NK RK 11-2025,settlement,2,с.Жанатурмыс,Жаңатұрмыс а.
314837000,NK RK 11-2025,sub_district,2,Кененский с.о.,Кенен а.о.
314837100,NK RK 11-2025,settlement,2,с.Кенен,Кенен а.
314838000,NK RK 11-2025,sub_district,2,Какпатасский с.о.,Қақпатас а.о.
314838100,NK RK 11-2025,settlement,2,с.Какпатас,Қақпатас а.
314838200,NK RK 11-2025,settlement,2,с.Бериктас,Беріктас а.
314839000,NK RK 11-2025,sub_district,2,Каракемерский с.о.,Қаракемер а.о.
314839100,NK RK 11-2025,settlement,2,с.Каракемер,Қаракемер а.
314839200,NK RK 11-2025,settlement,2,с.Керу,Керу а.
314841000,NK RK 11-2025,sub_district,2,Карасайский с.о.,Қарасай а.о.
314841100,NK RK 11-2025,settlement,2,с.им.Карасай батыра,Қарасай батыр атын.а.
314841200,NK RK 11-2025,settlement,2,с.Енбек,Еңбек а.
314843000,NK RK 11-2025,sub_district,2,Карасуский с.о.,Қарасу а.о.
314843100,NK RK 11-2025,settlement,2,с.Карасу,Қарасу а.
314843200,NK RK 11-2025,settlement,2,с.Отеген,Өтеген а.
314845000,NK RK 11-2025,sub_district,2,Касыкский с.о.,Қасық а.о.
314845100,NK RK 11-2025,settlement,2,с.Альжан ана,Әлжан ана а.
314847000,NK RK 11-2025,sub_district,2,Масанчинский с.о.,Масанчи а.о.
314847100,NK RK 11-2025,settlement,2,с.Масанчи,Масанчи а.
314847200,NK RK 11-2025,settlement,2,с.Кунбатыс 1,Күнбатыс 1 а.
314847300,NK RK 11-2025,settlement,2,с.Кунбатыс 2,Күнбатыс 2 а.
314849000,NK RK 11-2025,sub_district,2,Ногайбайский с.о.,Ноғайбай а.о.
314849100,NK RK 11-2025,settlement,2,с.Ногайбай,Ноғайбай а.
314849300,NK RK 11-2025,settlement,2,с.Сарыбастау,Сарыбастау а.
314849400,NK RK 11-2025,settlement,2,с.Шарбакты,Шарбақты а.
314851000,NK RK 11-2025,sub_district,2,Отарский с.о.,Отар а.о.
314851100,NK RK 11-2025,settlement,2,с.Отар,Отар а.
314851200,NK RK 11-2025,settlement,2,рзд.Анрахай,рзд.Аңырақай
314851207,NK RK 11-2025,settlement,2,с.Шынырау,Шыңырау а.
314851300,NK RK 11-2025,settlement,2,рзд.Бель,рзд.Бел
314851400,NK RK 11-2025,settlement,2,п.Гвардейский,Гвардейский к.
314853000,NK RK 11-2025,sub_district,2,Сарыбулакский с.о.,Сарыбұлақ а.о.
314853100,NK RK 11-2025,settlement,2,с.Сарыбулак,Сарыбұлақ а.
314853200,NK RK 11-2025,settlement,2,с.Кайнар,Қайнар а.
314854000,NK RK 11-2025,sub_district,2,Сортобинский с.о.,Сортөбе а.о.
314854100,NK RK 11-2025,settlement,2,с.Сортобе,Сортөбе а.
314854200,NK RK 11-2025,settlement,2,с.Булар батыра,Бұлар батыр а.
314855000,NK RK 11-2025,sub_district,2,Степновский с.о.,Степной а.о.
314855100,NK RK 11-2025,settlement,2,с.Степное,Степное а.
314855400,NK RK 11-2025,settlement,2,с.Калгута,Қолғұта а.
314855500,NK RK 11-2025,settlement,2,с.Арал,Арал а.
314856000,NK RK 11-2025,sub_district,2,Сулуторский с.о.,Сұлуторы а.о.
314856100,NK RK 11-2025,settlement,2,с.Сулуторы,Сұлуторы а.
314856300,NK RK 11-2025,settlement,2,с.Коктобе,Көктөбе а.
314857000,NK RK 11-2025,sub_district,2,Улкенсулуторский с.о.,Үлкенсұлуторы а.о.
314857100,NK RK 11-2025,settlement,2,с.Улкенсулутор,Үлкенсұлуторы а.
315000000,NK RK 11-2025,district,2,район Турара Рыскулова,Тұрар Рысқұлов ауданы
315030000,NK RK 11-2025,sub_district,2,Куланский с.о.,Құлан а.о.
315030100,NK RK 11-2025,settlement,2,с.Кулан,Құлан а.
315030200,NK RK 11-2025,settlement,2,с.Каракат,Қарақат а.
315030300,NK RK 11-2025,settlement,2,с.Шенгер,Шөңгер а.
315031000,NK RK 11-2025,sub_district,2,Абайский с.о.,Абай а.о.
315031100,NK RK 11-2025,settlement,2,с.Енбекши,Еңбекші а.
315031500,NK RK 11-2025,settlement,2,с.Кокарык,Көкарық а.
315033000,NK RK 11-2025,sub_district,2,Акыртобинский с.о.,Ақыртөбе а.о.
315033100,NK RK 11-2025,settlement,2,с.Акыртобе,Ақыртөбе а.
315033380,NK RK 11-2025,settlement,2,с.Малдыбай,Малдыбай а.
315034000,NK RK 11-2025,sub_district,2,Жанатурмысский с.о.,Жаңатұрмыс а.о.
315034100,NK RK 11-2025,settlement,2,с.Жанатурмыс,Жаңатұрмыс а.
315034106,NK RK 11-2025,settlement,2,ст.Мунке,Мүңке ст.
315035000,NK RK 11-2025,sub_district,2,Каракыстакский с.о.,Қарақыстақ а.о.
315035100,NK RK 11-2025,settlement,2,с.Каменка,Каменка а.
315035300,NK RK 11-2025,settlement,2,с.Жалпаксаз,Жалпақсаз а.
315035600,NK RK 11-2025,settlement,2,с.Казах,Қазақ а.
315035700,NK RK 11-2025,settlement,2,с.Тасшолак,Тасшолақ а.
315036000,NK RK 11-2025,sub_district,2,Кокдоненский с.о.,Көкдөнен а.о.
315036100,NK RK 11-2025,settlement,2,с.Кокдонен,Көкдөнен а.
315036400,NK RK 11-2025,settlement,2,с.Жаксылык,Жақсылық а.
315036700,NK RK 11-2025,settlement,2,ст.Кумарык,Құмарық ст.
315037000,NK RK 11-2025,sub_district,2,Корагатинский с.о.,Қорағаты а.о.
315037100,NK RK 11-2025,settlement,2,с.Корагаты,Қорағаты а.
315037200,NK RK 11-2025,settlement,2,с.Аккайнар,Аққайнар а.
315037500,NK RK 11-2025,settlement,2,ст.Корагаты,Қорағаты ст.
315037700,NK RK 11-2025,settlement,2,с.Мамыртобе,Мамыртөбе а.
315037900,NK RK 11-2025,settlement,2,с.Тайкудык,Тайқұдық а.
315039000,NK RK 11-2025,sub_district,2,Когершинский с.о.,Көгершін а.о.
315039100,NK RK 11-2025,settlement,2,с.Когершин,Көгершін а.
315039600,NK RK 11-2025,settlement,2,с.Косапан,Қосапан а.
315040000,NK RK 11-2025,sub_district,2,Кайындинский с.о.,Қайыңды а.о.
315040100,NK RK 11-2025,settlement,2,с.Кайынды,Қайыңды а.
315040200,NK RK 11-2025,settlement,2,с.Согети,Сөгеті а.
315040400,NK RK 11-2025,settlement,2,с.Мамай,Мамай а.
315041000,NK RK 11-2025,sub_district,2,Кумарыкский с.о.,Құмарық а.о.
315041100,NK RK 11-2025,settlement,2,с.Кумарык,Құмарық а.
315041200,NK RK 11-2025,settlement,2,с.Алгабас,Алғабас а.
315041600,NK RK 11-2025,settlement,2,с.Каракемер,Қаракемер а.
315042000,NK RK 11-2025,sub_district,2,Акбулакский с.о.,Ақбұлақ а.о.
315042100,NK RK 11-2025,settlement,2,с.им.Рахима Сабденова,Рахым Сәбденов ат.а
315042108,NK RK 11-2025,settlement,2,рзд.98,рзд.98
315042300,NK RK 11-2025,settlement,2,с.Байтели,Байтелі а.
315042600,NK RK 11-2025,settlement,2,с.Кызылшаруа,Қызылшаруа а.
315043000,NK RK 11-2025,sub_district,2,Луговской с.о.,Луговой а.о.
315043100,NK RK 11-2025,settlement,2,с.Луговое,Луговое а.
315045000,NK RK 11-2025,sub_district,2,с.о.Акниет,Ақниет а.о.
315045100,NK RK 11-2025,settlement,2,с.Динмухамеда Кунаева,Дінмұхамед Қонаев а.
315045200,NK RK 11-2025,settlement,2,с.Абылкаир,Әбілқайыр а.
315051000,NK RK 11-2025,sub_district,2,Орнекский с.о.,Өрнек а.о.
315051100,NK RK 11-2025,settlement,2,с.Орнек,Өрнек а.
315051200,NK RK 11-2025,settlement,2,с.им.Абжапара Жилкишиева,Абжапар Жылқышиев атын.а.
315051300,NK RK 11-2025,settlement,2,с.Жарлысу,Жарлысу а.
315051500,NK RK 11-2025,settlement,2,с.Салимбай Прманов,Сәлімбай Прманов а.
315051600,NK RK 11-2025,settlement,2,с.Сункайты,Сұңғайты а.
315055000,NK RK 11-2025,sub_district,2,Теренозекский с.о.,Тереңөзек а.о.
315055100,NK RK 11-2025,settlement,2,с.Теренозек,Тереңөзек а.
315055280,NK RK 11-2025,settlement,2,с.Кокарык,Көкарық а.
315055800,NK RK 11-2025,settlement,2,с.Шолак-Кайынды,Шолақ-Қайыңды а.
315400000,NK RK 11-2025,district,2,Меркенский район,Мерке ауданы
315430000,NK RK 11-2025,sub_district,2,Меркенский с.о.,Мерке а.о.
315430100,NK RK 11-2025,settlement,2,с.Мерке,Мерке а.
315430200,NK RK 11-2025,settlement,2,санаторий Мерке,Мерке емдеу-сауықтыру орны
315431000,NK RK 11-2025,sub_district,2,Акерменский с.о.,Ақермен а.о.
315431100,NK RK 11-2025,settlement,2,с.Акермен,Ақермен а.
315431300,NK RK 11-2025,settlement,2,с.Аккоз-Кайнар,Ақкөз-Қайнар а.
315431500,NK RK 11-2025,settlement,2,с.Алтынарык,Алтынарық а.
315431600,NK RK 11-2025,settlement,2,с.Кентай,Кентай а.
315432000,NK RK 11-2025,sub_district,2,Актоганский с.о.,Ақтоған а.о.
315432100,NK RK 11-2025,settlement,2,с.Актоган,Ақтоған а.
315432106,NK RK 11-2025,settlement,2,кр.хоз Мамай,Мамай шарқож
315432108,NK RK 11-2025,settlement,2,Отдельно стоящий дом Ойранды,Ойранды жеке үйі
315432109,NK RK 11-2025,settlement,2,кр.хоз Толеби,Төле би шарқож
315432500,NK RK 11-2025,settlement,2,с.Казахдикан,Қазақдиқан а.
315432505,NK RK 11-2025,settlement,2,Тракторная бригада,Трактор бригадасы
315433000,NK RK 11-2025,sub_district,2,Жамбылский с.о.,Жамбыл а.о.
315433100,NK RK 11-2025,settlement,2,с.Жамбыл,Жамбыл а.
315433400,NK RK 11-2025,settlement,2,с.Турлыбай батыр,Тұрлыбай батыр а.
315433403,NK RK 11-2025,settlement,2,Животноводческая база 1,Малшаруашылығы базасы 1
315433404,NK RK 11-2025,settlement,2,Животноводческая база 2,Малшаруашылығы базасы 2
315433405,NK RK 11-2025,settlement,2,Животноводческая база 3,Малшаруашылығы базасы 3
315433406,NK RK 11-2025,settlement,2,Животноводческая база 4,Малшаруашылығы базасы 4
315433600,NK RK 11-2025,settlement,2,с.Жеміс-жидек,Жеміс-жидек а.
315433605,NK RK 11-2025,settlement,2,МТФ,МТФ
315433700,NK RK 11-2025,settlement,2,с.Талдыбулак,Талдыбұлақ а.
315435000,NK RK 11-2025,sub_district,2,Жанатоганский с.о.,Жаңатоған а.о.
315435100,NK RK 11-2025,settlement,2,с.Костоган,Қостоған а.
315435105,NK RK 11-2025,settlement,2,МТФ П.К.,МТФ П.К.
315435300,NK RK 11-2025,settlement,2,с.Кызылсай,Қызылсай а.
315435400,NK RK 11-2025,settlement,2,с.Мынказан,Мыңқазан а.
315437000,NK RK 11-2025,sub_district,2,Кенесский с.о.,Кеңес а.о.
315437100,NK RK 11-2025,settlement,2,с.Кенес,Кеңес а.
315437700,NK RK 11-2025,settlement,2,с.Жаугаш,Жауғаш а.
315441000,NK RK 11-2025,sub_district,2,с.о.Андас батыра,Андас батыр а.о.
315441100,NK RK 11-2025,settlement,2,с. Андас батыра,Андас батыр а.
315441200,NK RK 11-2025,settlement,2,с.Аралкишлак,Аралқышлақ а.
315441300,NK RK 11-2025,settlement,2,п.Гранитогорск,Гранитогорск к.
315441400,NK RK 11-2025,settlement,2,с.Кызылкишлак,Қызылқышлақ а.
315441500,NK RK 11-2025,settlement,2,ст.Чолдавар,Шалдабар ст.
315443000,NK RK 11-2025,sub_district,2,Ойталский с.о,Ойтал а.о.
315443100,NK RK 11-2025,settlement,2,с.Ойтал,Ойтал а.
315443300,NK RK 11-2025,settlement,2,с.Маханда,Маханда а.
315443400,NK RK 11-2025,settlement,2,ст.Мерке,Меркі ст.
315444000,NK RK 11-2025,sub_district,2,Т.Рыскуловский с.о.,Т.Рыскулов а.о.
315444100,NK RK 11-2025,settlement,2,с.Т.Рыскулова,Т.Рыскулов а.
315444103,NK RK 11-2025,settlement,2,МТФ Т.Рыскулов,Т.Рыскулов МТФ
315444300,NK RK 11-2025,settlement,2,с.Интернациональное,Интернациональное а.
315445000,NK RK 11-2025,sub_district,2,Сарымолдаевский с.о.,Сарымолдаев а.о.
315445100,NK RK 11-2025,settlement,2,с.Сарымолдаева,Сарымолдаев а.
315445300,NK RK 11-2025,settlement,2,с.Екпенды,Екпінді а.
315445400,NK RK 11-2025,settlement,2,с.Ойтал,Ойтал а.
315446000,NK RK 11-2025,sub_district,2,Суратский с.о.,Сұрат а.о.
315446100,NK RK 11-2025,settlement,2,с.Сурат,Сұрат а.
315446103,NK RK 11-2025,settlement,2,МТФ П.К.,МТФ П.К.
315446200,NK RK 11-2025,settlement,2,с.Аккайнар,Аққайнар а.
315446600,NK RK 11-2025,settlement,2,с.Тескентоган,Тескентоған а.
315447000,NK RK 11-2025,sub_district,2,Таттинский с.о.,Тәтті а.о.
315447100,NK RK 11-2025,settlement,2,с.Татти,Тәтті а.
315447200,NK RK 11-2025,settlement,2,с.Бельарык,Беларық а.
315447300,NK RK 11-2025,settlement,2,с.Карасу,Қарасу а.
315447400,NK RK 11-2025,settlement,2,с.Ак жол,Ақ жол а.
315447500,NK RK 11-2025,settlement,2,рзд.Тасоткель,рзд.Тасөткел
315447600,NK RK 11-2025,settlement,2,ст.Татти,Тәтті ст.
315447700,NK RK 11-2025,settlement,2,рзд.Чемен,рзд.Шемен
315451000,NK RK 11-2025,sub_district,2,Акаралский с.о.,Ақарал а.о.
315451100,NK RK 11-2025,settlement,2,с.Акарал,Ақарал а.
315451500,NK RK 11-2025,settlement,2,с.Сыпатай,Сыпатай а.
315453000,NK RK 11-2025,sub_district,2,Аспаринский с.о.,Аспара а.о.
315453100,NK RK 11-2025,settlement,2,с.Аспара,Аспара а.
315453200,NK RK 11-2025,settlement,2,с.Кайындысай,Қайыңдысай а.
315453300,NK RK 11-2025,settlement,2,с.Кумарык,Құмарық а.
315600000,NK RK 11-2025,district,2,Мойынкумский район,Мойынқұм ауданы
315630000,NK RK 11-2025,sub_district,2,Мойынкумский с.о.,Мойынқұм а.о.
315630100,NK RK 11-2025,settlement,2,с.Мойынкум,Мойынқұм а.
315632000,NK RK 11-2025,sub_district,2,Акбакайская с.а.,Ақбақай а.ә.
315632100,NK RK 11-2025,settlement,2,с.Акбакай,Ақбақай а.
315633000,NK RK 11-2025,sub_district,2,Аксуекская с.а.,Ақсүйек а.ә.
315633100,NK RK 11-2025,settlement,2,с.Аксуек,Ақсүйек а.
315634000,NK RK 11-2025,sub_district,2,Биназарский с.о.,Биназар а.о.
315634100,NK RK 11-2025,settlement,2,с.Биназар,Биназар а.
315635000,NK RK 11-2025,sub_district,2,Бирликский с.о.,Бірлік а.о.
315635100,NK RK 11-2025,settlement,2,с.Бирлик,Бірлік а.
315636000,NK RK 11-2025,sub_district,2,Жамбылский с.о.,Жамбыл а.о.
315636100,NK RK 11-2025,settlement,2,с.Жамбыл,Жамбыл а.
315637000,NK RK 11-2025,sub_district,2,Карабогетский с.о.,Қарабөгет а.о.
315637100,NK RK 11-2025,settlement,2,с.Карабогет,Қарабөгет а.
315637400,NK RK 11-2025,settlement,2,с.Кумозек,Құмөзек а.
315637500,NK RK 11-2025,settlement,2,с.Сарыозек,Сарыөзек а.
315638000,NK RK 11-2025,sub_district,2,Кенесский с.о.,Кеңес а.о.
315638100,NK RK 11-2025,settlement,2,с.Айдарлы,Айдарлы а.
315639000,NK RK 11-2025,sub_district,2,Кызылталский с.о.,Қызылтал а.о.
315639100,NK RK 11-2025,settlement,2,с.Кокжелек,Көкжелек а.
315639400,NK RK 11-2025,settlement,2,с.им.Назарбекова А.,Назарбеков Айтбай атын.а.
315640000,NK RK 11-2025,sub_district,2,Кылышбайский с.о.,Қылышбай а.о.
315640100,NK RK 11-2025,settlement,2,с.им.Кылышбай Ержанулы,Қылышбай Ержанұлы атын.а.
315641000,NK RK 11-2025,sub_district,2,Мирненская с.а.,Мирный а.ә.
315641100,NK RK 11-2025,settlement,2,с.Мирный,Мирный а.
315643000,NK RK 11-2025,sub_district,2,Кызылотауский с.о.,Қызылотау а.о.
315643100,NK RK 11-2025,settlement,2,с.Кушаман,Күшаман а.
315645000,NK RK 11-2025,sub_district,2,Мынаралский с.о.,Мыңарал а.о.
315645100,NK RK 11-2025,settlement,2,с.Мынарал,Мыңарал а.
315645200,NK RK 11-2025,settlement,2,ст.Кашкантениз,Қашқантеңіз ст.
315645300,NK RK 11-2025,settlement,2,ст.Мынарал,Мыңарал ст.
315647000,NK RK 11-2025,sub_district,2,Уланбелский с.о.,Ұланбел а.о.
315647100,NK RK 11-2025,settlement,2,с.Уланбель,Ұланбел а.
315649000,NK RK 11-2025,sub_district,2,Хантауский с.о.,Хантау а.о.
315649100,NK RK 11-2025,settlement,2,с.Хантау,Хантау а.
315649300,NK RK 11-2025,settlement,2,с.Кияхты,Кияқты а.
315651000,NK RK 11-2025,sub_district,2,Чиганакский с.о.,Шығанақ а.о.
315651100,NK RK 11-2025,settlement,2,с.Шыганак,Шығанақ а.
315651200,NK RK 11-2025,settlement,2,с.Бурубайтал,Буырылбайтал а.
315651300,NK RK 11-2025,settlement,2,ст.Бурубайтал,Буырылбайтал ст.
316000000,NK RK 11-2025,district,4,Сарысуский район,Сарысу ауданы
316020100,NK RK 11-2025,settlement,1,г.Жанатас,Жаңатас қ.
316033000,NK RK 11-2025,sub_district,2,Байкадамский с.о.,Байқадам а.о.
316033100,NK RK 11-2025,settlement,2,с.Саудакент,Саудакент а.
316033103,NK RK 11-2025,settlement,2,Лесхоз,Орманшар
316035000,NK RK 11-2025,sub_district,2,Жайылминский с.о.,Жайылма а.о.
316035100,NK RK 11-2025,settlement,2,с.Жайылма,Жайылма а.
316035105,NK RK 11-2025,settlement,2,с.Шаихан,Шайхан а.
316035200,NK RK 11-2025,settlement,2,с.Актам,Ақтам а.
316035600,NK RK 11-2025,settlement,2,с.Кызылдикан,Қызылдиқан а.
316035603,NK RK 11-2025,settlement,2,с.Бестам,Бестам а.
316035605,NK RK 11-2025,settlement,2,с.Буйрекколь,Бүйреккөл а.
316035607,NK RK 11-2025,settlement,2,с.Исабай,Исабай а.
316035609,NK RK 11-2025,settlement,2,с.Казоты,Қазоты а.
316035617,NK RK 11-2025,settlement,2,с.Ушназар,Үшназар а.
316035621,NK RK 11-2025,settlement,2,с.Шешенбай,Шешенбай а.
316035700,NK RK 11-2025,settlement,2,с.Маятас,Маятас а.
316036000,NK RK 11-2025,sub_district,2,Жанаталапский с.о.,Жаңаталап а.о.
316036100,NK RK 11-2025,settlement,2,с.Жанаталап,Жаңаталап а.
316036103,NK RK 11-2025,settlement,2,с.Жаркудык,Жарқұдық а.
316036600,NK RK 11-2025,settlement,2,с.Уюм,Ұйым а.
316037000,NK RK 11-2025,sub_district,2,Жанаарыкский с.о.,Жаңаарық а.о.
316037100,NK RK 11-2025,settlement,2,с.Узакбай Сыздыкбаева,Ұзақбай Сыздықбаев а.
316037103,NK RK 11-2025,settlement,2,с.Акпанбет,Ақпанбет а.
316037105,NK RK 11-2025,settlement,2,с.Жекетал,Жекетал а.
316037107,NK RK 11-2025,settlement,2,с.Кокбулак,Көкбұлақ а.
316037109,NK RK 11-2025,settlement,2,с.Илгерибас,Ілгерібас а.
316037200,NK RK 11-2025,settlement,2,с.Актогай,Ақтоғай а.
316038000,NK RK 11-2025,sub_district,2,Игликский с.о.,Игілік а.о.
316038100,NK RK 11-2025,settlement,2,с.Ондирис,Өндіріс а.
316038105,NK RK 11-2025,settlement,2,с.Талас,Талас а.
316038400,NK RK 11-2025,settlement,2,с.Игилик,Игілік а.
316039000,NK RK 11-2025,sub_district,2,Камкалинский с.о.,Қамқалы а.о.
316039100,NK RK 11-2025,settlement,2,с.Шыганак,Шығанақ а.
316039200,NK RK 11-2025,settlement,2,с.Жайлауколь,Жайлаукөл а.
316039300,NK RK 11-2025,settlement,2,с.Камкалы,Қамқалы а.
316041000,NK RK 11-2025,sub_district,2,Туркестанский с.о.,Түркістан а.о.
316041100,NK RK 11-2025,settlement,2,с.Ашира Буркитбаева,Әшір Бүркітбаев а.
316041200,NK RK 11-2025,settlement,2,с.Арыстанды,Арыстанды а.
316041400,NK RK 11-2025,settlement,2,с.Ушбас,Үшбас а.
316043000,NK RK 11-2025,sub_district,2,Тогызкентский с.о.,Тоғызкент а.о.
316043100,NK RK 11-2025,settlement,2,с.Тогызкент,Тоғызкент а.
316043300,NK RK 11-2025,settlement,2,с.Майлыколь,Майлыкөл а.
316043400,NK RK 11-2025,settlement,2,с.Әбілда,Әбілда а.
316047000,NK RK 11-2025,sub_district,2,Досболский с.о.,Досбол а.о.
316047100,NK RK 11-2025,settlement,2,с.Досбол,Досбол а.
316047300,NK RK 11-2025,settlement,2,с.Кокдала-киши,Көкдала-кіші а.
316047500,NK RK 11-2025,settlement,2,с.Кокдала-улкен,Көкдала-үлкен а.
316047700,NK RK 11-2025,settlement,2,с.Шагалалы,Шағалалы а.
316200000,NK RK 11-2025,district,4,Таласский район,Талас ауданы
316220100,NK RK 11-2025,settlement,1,г.Каратау,Қаратау қ.
316231000,NK RK 11-2025,sub_district,2,Аккольский с.о.,Ақкөл а.о.
316231100,NK RK 11-2025,settlement,2,с.Акколь,Ақкөл а.
316232000,NK RK 11-2025,sub_district,2,Аккумский с.о.,Аққұм а.о.
316232100,NK RK 11-2025,settlement,2,с.Аккум,Аққұм а.
316235000,NK RK 11-2025,sub_district,2,с.о.Берікқара,Берікқара а.о.
316235100,NK RK 11-2025,settlement,2,с.Майтобе,Майтөбе а.
316235200,NK RK 11-2025,settlement,2,с.Кожагаппар,Қожағаппар а.
316237000,NK RK 11-2025,sub_district,2,Кенесский с.о.,Кеңес а.о.
316237100,NK RK 11-2025,settlement,2,с.Болтирик шешен,Бөлтірік шешен а.
316237200,NK RK 11-2025,settlement,2,с.Кошек батыра,Көшек батыр а.
316238000,NK RK 11-2025,sub_district,2,Кокталский с.о.,Көктал а.о.
316238100,NK RK 11-2025,settlement,2,с.Коктал,Көктал а.
316239000,NK RK 11-2025,sub_district,2,Каратауский с.о.,Қаратау а.о.
316239100,NK RK 11-2025,settlement,2,с.Есей би,Есей би а.
316239200,NK RK 11-2025,settlement,2,с.Караой,Қараой а.
316240000,NK RK 11-2025,sub_district,2,Каскабулакский с.о.,Қасқабұлақ а.о.
316240100,NK RK 11-2025,settlement,2,с.Каскабулак,Қасқабұлақ а.
316241000,NK RK 11-2025,sub_district,2,Кызылаутский с.о.,Қызыләуіт а.о.
316241100,NK RK 11-2025,settlement,2,с.Кызылаут,Қызыләуіт а.
316241200,NK RK 11-2025,settlement,2,с.Актобе,Ақтөбе а.
316243000,NK RK 11-2025,sub_district,2,Ойыкский с.о.,Ойық а.о.
316243100,NK RK 11-2025,settlement,2,с.Ойык,Ойық а.
316243200,NK RK 11-2025,settlement,2,с.Турымкул,Тұрымқұл а.
316243400,NK RK 11-2025,settlement,2,с.Сейлбек,Сейілбек а.
316245000,NK RK 11-2025,sub_district,2,Тамдинский с.о.,Тамды а.о.
316245100,NK RK 11-2025,settlement,2,с.Тамды,Тамды а.
316245105,NK RK 11-2025,settlement,2,с.Котырбулак,Қотырбұлақ а.
316247000,NK RK 11-2025,sub_district,2,Ушаралский с.о.,Үшарал а.о.
316247100,NK RK 11-2025,settlement,2,с.Ушарал,Үшарал а.
316247200,NK RK 11-2025,settlement,2,с.Арал,Арал а.
316247300,NK RK 11-2025,settlement,2,с.Кайыр,Қайыр а.
316249000,NK RK 11-2025,sub_district,2,Бостандыкский с.о.,Бостандық а.о.
316249100,NK RK 11-2025,settlement,2,с.Бостандык,Бостандық а.
316249400,NK RK 11-2025,settlement,2,с.Талапты,Талапты а.
316259000,NK RK 11-2025,sub_district,2,Шакировский с.о.,Шакіров а.о.
316259100,NK RK 11-2025,settlement,2,с.им.Шакирова,Шакіров атын.а.
316259500,NK RK 11-2025,settlement,2,с.Тамабек,Тамабек а.
316600000,NK RK 11-2025,district,4,Шуский район,Шу ауданы
316621000,NK RK 11-2025,sub_district,1,Шуская г.а.,Шу қ.ә.
316621100,NK RK 11-2025,settlement,1,г.Шу,Шу қ.
316630000,NK RK 11-2025,sub_district,2,Толебийский с.о.,Төле би а.о
316630100,NK RK 11-2025,settlement,2,с.Толе би,Төле би а.
316630300,NK RK 11-2025,settlement,2,с.Кокжиек,Көкжиек а.
316631000,NK RK 11-2025,sub_district,2,Алгинский с.о.,Алға а.о.
316631100,NK RK 11-2025,settlement,2,с.Алга,Алға а.
316631107,NK RK 11-2025,settlement,2,уч.Караколь,Қаракөл уч.
316631180,NK RK 11-2025,settlement,2,с.Жайсан,Жәйсаң а.
316631200,NK RK 11-2025,settlement,2,с.Сауытбек,Сауытбек а.
316632000,NK RK 11-2025,sub_district,2,Бирликский с.о.,Бірлік а.о.
316632100,NK RK 11-2025,settlement,2,с.Бирлик,Бірлік а.
316633000,NK RK 11-2025,sub_district,2,Далакайнарский с.о.,Далақайнар а.о.
316633100,NK RK 11-2025,settlement,2,с.Далакайнар,Далақайнар а.
316634000,NK RK 11-2025,sub_district,2,Аксуский с.о.,Ақсу а.о.
316634100,NK RK 11-2025,settlement,2,с.Аксу,Ақсу а.
316634300,NK RK 11-2025,settlement,2,с.им.Оразалы батыра,Оразалы батыр атын.а.
316635000,NK RK 11-2025,sub_district,2,Дулатский с.о.,Дулат а.о.
316635100,NK RK 11-2025,settlement,2,с.Байдибек,Бәйдібек а.
316635400,NK RK 11-2025,settlement,2,с.Болтирик,Бөлтірік а.
316635402,NK RK 11-2025,settlement,2,с.Актасты,Ақтасты а.
316636000,NK RK 11-2025,sub_district,2,Бирликустемский с.о.,Бірлікүстем а.о.
316636100,NK RK 11-2025,settlement,2,с.Бирликустем,Бірлікүстем а.
316637000,NK RK 11-2025,sub_district,2,Ескишуский с.о.,Ескі Шу а.о.
316637100,NK RK 11-2025,settlement,2,с.Бельбасар,Белбасар а.
316637300,NK RK 11-2025,settlement,2,с.Енбекши,Еңбекші а.
316637500,NK RK 11-2025,settlement,2,с.Тасоткель,Тасөткел а.
316638000,NK RK 11-2025,sub_district,2,Жанажолский с.о.,Жаңажол а.о.
316638100,NK RK 11-2025,settlement,2,с.Жанажол,Жаңажол а.
316639000,NK RK 11-2025,sub_district,2,Жанакогамский с.о.,Жаңақоғам а.о.
316639100,NK RK 11-2025,settlement,2,с.Коктобе,Көктөбе а.
316640000,NK RK 11-2025,sub_district,2,Балуан Шолакский с.о.,Балуан Шолақ атын.а.о.
316640100,NK RK 11-2025,settlement,2,с.им.Балуана Шолака,Балуан Шолақ атын.а.
316640200,NK RK 11-2025,settlement,2,с.Жидели,Жиделі а.
316641000,NK RK 11-2025,sub_district,2,Шокпарский с.о.,Шоқпар а.о.
316641100,NK RK 11-2025,settlement,2,с.Шокпар,Шоқпар а.
316641103,NK RK 11-2025,settlement,2,уч.Талапкер,Талапкер уч.
316641200,NK RK 11-2025,settlement,2,ст.Алайгыр,Алаайғыр ст.
316641300,NK RK 11-2025,settlement,2,ст.Эспе,Еспе ст.
316641400,NK RK 11-2025,settlement,2,ст.Кулакшино,Құлақшын ст.
316641500,NK RK 11-2025,settlement,2,ст.Шокпар,Шоқпар ст.
316643000,NK RK 11-2025,sub_district,2,Коккайнарский с.о.,Көкқайнар а.о.
316643100,NK RK 11-2025,settlement,2,с.Коккайнар,Көкқайнар а.
316645000,NK RK 11-2025,sub_district,2,Корагатинский с.о.,Қорағаты а.о.
316645100,NK RK 11-2025,settlement,2,с.Мойынкум,Мойынқұм а.
316645300,NK RK 11-2025,settlement,2,с.Енбек,Еңбек а.
316645400,NK RK 11-2025,settlement,2,с.Жиенбет,Жиенбет а.
316647000,NK RK 11-2025,sub_district,2,с.о.Динмухамеда Кунаева,Дінмұхамед Қонаев а.о.
316647100,NK RK 11-2025,settlement,2,с.Динмухамеда Кунаева,Дінмұхамед Қонаев а.
316649000,NK RK 11-2025,sub_district,2,Ондирисский с.о.,Өндіріс а.о.
316649100,NK RK 11-2025,settlement,2,с.Абай,Абай а.
316651000,NK RK 11-2025,sub_district,2,Тасоткелский с.о.,Тасөткел а.о.
316651100,NK RK 11-2025,settlement,2,с.Тасоткель,Тасөткел а.
316651200,NK RK 11-2025,settlement,2,ст.Аспара,Аспара ст.
316651300,NK RK 11-2025,settlement,2,рзд.Кумозек,рзд.Құмөзек
316655000,NK RK 11-2025,sub_district,2,Актобинский с.о.,Ақтөбе а.о.
316655100,NK RK 11-2025,settlement,2,с.Актобе,Ақтөбе а.
330000000,NK RK 11-2025,oblast,0,область Жетісу,Жетісу облысы
331000000,NK RK 11-2025,district,3,Талдыкорган Г.А.,Талдықорған Қ.Ә.
331010000,NK RK 11-2025,sub_district,1,г.Талдыкорган,Талдықорған қ.
331039000,NK RK 11-2025,sub_district,2,Еркинский с.о.,Еркін а.о.
331039100,NK RK 11-2025,settlement,2,с.Еркин,Еркін а.
331039200,NK RK 11-2025,settlement,2,Отделение 3,Бөлімше 3
331045000,NK RK 11-2025,sub_district,2,Отенайский с.о.,Өтенай а.о.
331045100,NK RK 11-2025,settlement,2,с.Отенай,Өтенай а.
331045380,NK RK 11-2025,settlement,2,с.Енбек,Еңбек а.
331045500,NK RK 11-2025,settlement,2,с.Мойнак,Мойнақ а.
331045780,NK RK 11-2025,settlement,2,уч.Ынтымак,Ынтымақ  уч.
331045800,NK RK 11-2025,settlement,2,с.Пригородное,Пригородное а.
331800000,NK RK 11-2025,district,3,Текели Г.А.,Текелі Қ.Ә.
331810000,NK RK 11-2025,sub_district,1,г.Текели,Текелі қ.
331833000,NK RK 11-2025,sub_district,2,Рудничный с.о.,Рудничный а.о.
331833100,NK RK 11-2025,settlement,2,с.Рудничный,Рудничный а.
333200000,NK RK 11-2025,district,2,Аксуский район,Ақсу ауданы
333230000,NK RK 11-2025,sub_district,2,Жансугуровский с.о.,Жансүгіров а.о.
333230100,NK RK 11-2025,settlement,2,с.Жансугуров,Жансүгіров а.
333230200,NK RK 11-2025,settlement,2,с.Алтынарык,Алтынарық а.
333230300,NK RK 11-2025,settlement,2,с.Кокозек,Көкөзек а.
333233000,NK RK 11-2025,sub_district,2,Аксуский с.о.,Ақсу а.о.
333233100,NK RK 11-2025,settlement,2,с.Аксу,Ақсу а.
333233200,NK RK 11-2025,settlement,2,с.Казсельхозтехника,Казсельхозтехника а.
333233300,NK RK 11-2025,settlement,2,с.Кокжайдак,Көкжайдақ а.
333233400,NK RK 11-2025,settlement,2,с.Казахстан,Қазақстан а.
333233500,NK RK 11-2025,settlement,2,с.Оним,Өнім а.
333233600,NK RK 11-2025,settlement,2,с.Шолакозек,Шолақөзек а.
333235000,NK RK 11-2025,sub_district,2,Арасанский с.о.,Арасан а.о.
333235100,NK RK 11-2025,settlement,2,с.Арасан,Арасан а.
333235200,NK RK 11-2025,settlement,2,с.Арасан-Капал,Арасан-Қапал а.
333235300,NK RK 11-2025,settlement,2,с.Кызылжар,Қызылжар а.
333237000,NK RK 11-2025,sub_district,2,Егинсуский с.о.,Егінсу а.о.
333237100,NK RK 11-2025,settlement,2,с.Егинсу,Егінсу а.
333237200,NK RK 11-2025,settlement,2,ст.Кумтобе,Құмтөбе ст.
333239000,NK RK 11-2025,sub_district,2,Есеболатовский с.о.,Есеболатов а.о.
333239100,NK RK 11-2025,settlement,2,с.Есеболатов,Есеболатов а.
333239200,NK RK 11-2025,settlement,2,с.Кызылкайын,Қызылқайың а.
333239300,NK RK 11-2025,settlement,2,с.Энергетик,Энергетик а.
333245000,NK RK 11-2025,sub_district,2,Жаналыкский с.о.,Жаңалық а.о.
333245100,NK RK 11-2025,settlement,2,с.Жаналык,Жаңалық а.
333247000,NK RK 11-2025,sub_district,2,Кошкентальский с.о.,Көшкентал а.о.
333247100,NK RK 11-2025,settlement,2,с.Кошкентал,Көшкентал а.
333247200,NK RK 11-2025,settlement,2,с.Колтабан,Көлтабан а.
333249000,NK RK 11-2025,sub_district,2,Капальский с.о,Қапал а.о.
333249100,NK RK 11-2025,settlement,2,с.Капал,Қапал а.
333253000,NK RK 11-2025,sub_district,2,Каракозский с.о.,Қаракөз а.о.
333253100,NK RK 11-2025,settlement,2,с.Каракоз,Қаракөз а.
333253200,NK RK 11-2025,settlement,2,с.Кенкарын,Кеңқарын а.
333255000,NK RK 11-2025,sub_district,2,Карасуский с.о.,Қарасу а.о.
333255100,NK RK 11-2025,settlement,2,с.Кенжыра,Кеңжыра а.
333255200,NK RK 11-2025,settlement,2,с.Енбек,Еңбек а.
333255300,NK RK 11-2025,settlement,2,с.Тарас,Тарас а.
333259000,NK RK 11-2025,sub_district,2,Карашиликский с.о.,Қарашілік а.о.
333259100,NK RK 11-2025,settlement,2,с.Сагабуйен,Сағабүйен а.
333259300,NK RK 11-2025,settlement,2,с.Карашилик,Қарашілік а.
333259400,NK RK 11-2025,settlement,2,с.Сагакурес,Сағакүрес а.
333265000,NK RK 11-2025,sub_district,2,Кызылагашский с.о.,Қызылағаш а.о.
333265100,NK RK 11-2025,settlement,2,с.Кызылагаш,Қызылағаш а.
333265200,NK RK 11-2025,settlement,2,с.Заречное,Заречное а.
333265400,NK RK 11-2025,settlement,2,с.Копалы,Қопалы а.
333267000,NK RK 11-2025,sub_district,2,с.о.Барлыбека Сырттанова,Барлыбек Сырттанов а.о.
333267100,NK RK 11-2025,settlement,2,с.Барлыбека Сырттанова,Барлыбек Сырттанов а.
333267200,NK RK 11-2025,settlement,2,с.Копа,Қопа а.
333269000,NK RK 11-2025,sub_district,2,Матайский с.о.,Матай а.о.
333269100,NK RK 11-2025,settlement,2,с.Матай,Матай а.
333269200,NK RK 11-2025,settlement,2,рзд.Акозек,рзд.Ақөзек
333269300,NK RK 11-2025,settlement,2,рзд.Береке,рзд.Береке
333269400,NK RK 11-2025,settlement,2,рзд.Жасказах,рзд.Жасқазақ
333269600,NK RK 11-2025,settlement,2,с.Кураксу,Құрақсу а.
333273000,NK RK 11-2025,sub_district,2,Молалинский с.о.,Молалы а.о.
333273100,NK RK 11-2025,settlement,2,с.Молалы,Молалы а.
333273200,NK RK 11-2025,settlement,2,ст.Алажиде,Алажиде ст.
333273400,NK RK 11-2025,settlement,2,рзд.Кайракты,рзд.Қайрақты
333273500,NK RK 11-2025,settlement,2,рзд.Караой,рзд.Қараой
333275000,NK RK 11-2025,sub_district,2,Ойтоганский с.о.,Ойтоған а.о.
333275100,NK RK 11-2025,settlement,2,с.Ойтоган,Ойтоған а.
333275300,NK RK 11-2025,settlement,2,с.Улгили,Үлгілі а.
333277000,NK RK 11-2025,sub_district,2,Суыксайский с.о.,Суықсай а.о.
333277100,NK RK 11-2025,settlement,2,с.Суыксай,Суықсай а.
333277200,NK RK 11-2025,settlement,2,с.Актобе,Ақтөбе а.
333277300,NK RK 11-2025,settlement,2,с.Ащыбулак,Ащыбұлақ а.
333277400,NK RK 11-2025,settlement,2,с.Баласаз,Баласаз а.
333400000,NK RK 11-2025,district,4,Алакольский район,Алакөл ауданы
333420000,NK RK 11-2025,sub_district,3,Ушаральская г.а.,Үшарал қ.ә.
333420100,NK RK 11-2025,settlement,1,г.Ушарал,Үшарал қ.
333420200,NK RK 11-2025,settlement,2,МТФ 3,МТФ 3
333433000,NK RK 11-2025,sub_district,2,Акжарский с.о.,Ақжар а.о.
333433100,NK RK 11-2025,settlement,2,с.Акжар,Ақжар а.
333433200,NK RK 11-2025,settlement,2,с.Коныр,Қоңыр а.
333433300,NK RK 11-2025,settlement,2,с.Майлышат,Майлышат а.
333435000,NK RK 11-2025,sub_district,2,Актубекский с.о.,Ақтүбек а.о.
333435100,NK RK 11-2025,settlement,2,с.Актубек,Ақтүбек а.
333437000,NK RK 11-2025,sub_district,2,Архарлинский с.о.,Арқарлы а.о.
333437100,NK RK 11-2025,settlement,2,с.Архарлы,Арқарлы а.
333439000,NK RK 11-2025,sub_district,2,Бескольский с.о.,Бескөл а.о.
333439100,NK RK 11-2025,settlement,2,с.Булакты,Бұлақты а.
333439200,NK RK 11-2025,settlement,2,с.Бесколь,Бескөл а.
333439300,NK RK 11-2025,settlement,2,рзд.Пятый,рзд.Бесінші
333439400,NK RK 11-2025,settlement,2,с.Каратума,Қаратұма а.
333439500,NK RK 11-2025,settlement,2,рзд.13,рзд.13
333439600,NK RK 11-2025,settlement,2,рзд.Сайхан,рзд.Сайқан
333441000,NK RK 11-2025,sub_district,2,с.о.Сапак,Сапақ а.о.
333441100,NK RK 11-2025,settlement,2,с.Сапак,Сапақ а.
333441200,NK RK 11-2025,settlement,2,с.Бибакан,Бибақан а.
333443000,NK RK 11-2025,sub_district,2,Достыкский с.о.,Достық а.о.
333443100,NK RK 11-2025,settlement,2,с.Достык,Достық а.
333443200,NK RK 11-2025,settlement,2,ст.Жаланашколь,Жалаңашкөл ст.
333443300,NK RK 11-2025,settlement,2,ст.Коктума,Көктұма ст.
333445000,NK RK 11-2025,sub_district,2,Екпендинский с.о.,Екпінді а.о.
333445100,NK RK 11-2025,settlement,2,с.Екпенди,Екпінді а.
333445200,NK RK 11-2025,settlement,2,с.Карлыгаш,Қарлығаш а.
333445300,NK RK 11-2025,settlement,2,с.Ушкаиын,Үшқайың а.
333447000,NK RK 11-2025,sub_district,2,Енбекшинский с.о.,Еңбекші а.о.
333447100,NK RK 11-2025,settlement,2,с.Енбекши,Еңбекші а.
333449000,NK RK 11-2025,sub_district,2,Жагатальский с.о.,Жағатал а.о.
333449100,NK RK 11-2025,settlement,2,с.Казахстан,Қазақстан а.
333449200,NK RK 11-2025,settlement,2,с.Бесагаш,Бесағаш а.
333451000,NK RK 11-2025,sub_district,2,Жанаминский с.о.,Жанама а.о.
333451100,NK RK 11-2025,settlement,2,с.Жанама,Жанама а.
333451200,NK RK 11-2025,settlement,2,с.Старая Жанама,Ескі Жанама а.
333451300,NK RK 11-2025,settlement,2,с.Карабулак,Қарабұлақ а.
333453000,NK RK 11-2025,sub_district,2,Жайпакский с.о.,Жайпақ а.о.
333453100,NK RK 11-2025,settlement,2,с.Жайпак,Жайпақ а.
333455000,NK RK 11-2025,sub_district,2,Жыландинский с.о.,Жыланды а.о.
333455100,NK RK 11-2025,settlement,2,с.Жыланды,Жыланды а.
333455200,NK RK 11-2025,settlement,2,с.Төңкеріс,Төңкеріс а.
333455300,NK RK 11-2025,settlement,2,с.Кокжар,Көкжар а.
333455400,NK RK 11-2025,settlement,2,с.Майкан,Майқан а.
333455500,NK RK 11-2025,settlement,2,с.Шынжылы,Шынжылы а.
333457000,NK RK 11-2025,sub_district,2,Кольбайский с.о.,Көлбай а.о.
333457100,NK RK 11-2025,settlement,2,с.Кольбай,Көлбай а.
333457200,NK RK 11-2025,settlement,2,с.Алемды,Әлемді а.
333457300,NK RK 11-2025,settlement,2,с.Бұдыр,Бұдыр а.
333457400,NK RK 11-2025,settlement,2,с.Кызылкайын,Қызылқайың а.
333459000,NK RK 11-2025,sub_district,2,Кабанбайский с.о.,Қабанбай а.о.
333459100,NK RK 11-2025,settlement,2,с.Кабанбай,Қабанбай а.
333459200,NK RK 11-2025,settlement,2,с.Жамбыл,Жамбыл а.
333461000,NK RK 11-2025,sub_district,2,Кайнарский с.о.,Қайнар а.о.
333461100,NK RK 11-2025,settlement,2,с.Кайнар,Қайнар а.
333463000,NK RK 11-2025,sub_district,2,Камыскалинский с.о.,Қамысқала а.о.
333463100,NK RK 11-2025,settlement,2,с.Камыскала,Қамысқала а.
333463200,NK RK 11-2025,settlement,2,с.Алаколь,Алакөл а.
333465000,NK RK 11-2025,sub_district,2,Кызылащинский с.о.,Қызылащы а.о.
333465100,NK RK 11-2025,settlement,2,с.Жумахан Балапанов,Жұмахан Балапанов а.
333467000,NK RK 11-2025,sub_district,2,Лепсинский с.о.,Лепсі а.о.
333467100,NK RK 11-2025,settlement,2,с.Лепсинск,Лепсі а.
333467200,NK RK 11-2025,settlement,2,с.Байзерек,Байзерек а.
333467300,NK RK 11-2025,settlement,2,с.Жунжурек,Жүнжүрек а.
333467400,NK RK 11-2025,settlement,2,с.Чимбулак,Шымбұлақ а.
333469000,NK RK 11-2025,sub_district,2,Теректинский с.о.,Теректі а.о.
333469100,NK RK 11-2025,settlement,2,с.Теректы,Теректі а.
333469200,NK RK 11-2025,settlement,2,с.Талдыбулак,Талдыбұлақ а.
333471000,NK RK 11-2025,sub_district,2,Токжайлауский с.о.,Тоқжайлау а.о.
333471100,NK RK 11-2025,settlement,2,с.Токжайлау,Тоқжайлау а.
333473000,NK RK 11-2025,sub_district,2,Ушбулакский с.о.,Үшбұлақ а.о.
333473100,NK RK 11-2025,settlement,2,с.Ушбулак,Үшбұлақ а.
333473200,NK RK 11-2025,settlement,2,с.Айпара,Айпара а.
333473300,NK RK 11-2025,settlement,2,с.Кенес,Кеңес а.
333475000,NK RK 11-2025,sub_district,2,Ынталинский с.о.,Ынталы а.о.
333475100,NK RK 11-2025,settlement,2,с.Ынталы,Ынталы а.
333477000,NK RK 11-2025,sub_district,2,Ыргайтинский с.о.,Ырғайты а.о.
333477100,NK RK 11-2025,settlement,2,с.Коктума,Көктұма а.
333477200,NK RK 11-2025,settlement,2,с.Акши,Ақши а.
333600000,NK RK 11-2025,district,2,Ескельдинский район,Ескелді ауданы
333630000,NK RK 11-2025,sub_district,2,Карабулакский с.о.,Қарабұлақ а.о.
333630100,NK RK 11-2025,settlement,2,с.Карабулак,Қарабұлақ а.
333630200,NK RK 11-2025,settlement,2,с.Абай,Абай а.
333630300,NK RK 11-2025,settlement,2,с.Матая Баисова,Матай Баисов а.
333630400,NK RK 11-2025,settlement,2,с.Ешкиольмес,Ешкіөлмес а.
333630500,NK RK 11-2025,settlement,2,с.Оркусак,Өрқұсақ а.
333630600,NK RK 11-2025,settlement,2,с.Шымыр,Шымыр а.
333633000,NK RK 11-2025,sub_district,2,Алдабергеновский с.о.,Алдабергенов а.о.
333633100,NK RK 11-2025,settlement,2,с.Алдабергеново,Алдабергенов а.
333633200,NK RK 11-2025,settlement,2,с.Жаналык,Жаңалық а.
333633300,NK RK 11-2025,settlement,2,с.Жастар,Жастар а.
333635000,NK RK 11-2025,sub_district,2,с.о.им.Бактыбая Жолбарысулы,Бақтыбай Жолбарысұлы атын.а.о
333635100,NK RK 11-2025,settlement,2,с.им.Бактыбая Жолбарысулы,Бақтыбай Жолбарысұлы атын.а.
333635200,NK RK 11-2025,settlement,2,с.Отенай,Өтенай а.
333635300,NK RK 11-2025,settlement,2,с.Ельтай,Елтай а.
333637000,NK RK 11-2025,sub_district,2,Жалгызагашский с.о.,Жалғызағаш а.о.
333637100,NK RK 11-2025,settlement,2,с.Жалгызагаш,Жалғызағаш а.
333637200,NK RK 11-2025,settlement,2,с.Бигаш,Биғаш а.
333639000,NK RK 11-2025,sub_district,2,Кокжазыкский с.о.,Көкжазық а.о.
333639100,NK RK 11-2025,settlement,2,с.Кокжазык,Көкжазық а.
333639200,NK RK 11-2025,settlement,2,с.Боктерли,Бөктерлі а.
333639300,NK RK 11-2025,settlement,2,с.Тенлик,Теңлік а.
333643000,NK RK 11-2025,sub_district,2,Кайнарлинский с.о.,Қайнарлы а.о.
333643100,NK RK 11-2025,settlement,2,с.Кайнарлы,Қайнарлы а.
333643200,NK RK 11-2025,settlement,2,с.Актасты,Ақтасты а.
333643300,NK RK 11-2025,settlement,2,с.Коржымбай,Қоржымбай а.
333647000,NK RK 11-2025,sub_district,2,Каратальский с.о.,Қаратал а.о.
333647100,NK RK 11-2025,settlement,2,с.Каратальское,Қаратал а.
333647200,NK RK 11-2025,settlement,2,с.Теректы,Теректі а.
333649000,NK RK 11-2025,sub_district,2,Конырский с.о.,Қоңыр а.о.
333649100,NK RK 11-2025,settlement,2,с.Коныр,Қоңыр а.
333649200,NK RK 11-2025,settlement,2,с.Алмалы,Алмалы а.
333649300,NK RK 11-2025,settlement,2,с.Коктобе,Көктөбе а.
333653000,NK RK 11-2025,sub_district,2,Сырымбетовский с.о.,Сырымбет а.о.
333653100,NK RK 11-2025,settlement,2,с.Сырымбет,Сырымбет а.
333655000,NK RK 11-2025,sub_district,2,Туленгутский с.о.,Төлеңгіт а.о.
333655100,NK RK 11-2025,settlement,2,с.Жетысу,Жетісу а.
333655200,NK RK 11-2025,settlement,2,с.Екпенди,Екпінді а.
333655300,NK RK 11-2025,settlement,2,с.Жендик,Жеңдік а.
333657000,NK RK 11-2025,sub_district,2,с.о. Акын Сара,Ақын Сара а.о.
333657100,NK RK 11-2025,settlement,2,с.Акын Сара,Ақын Сара а.
333657200,NK RK 11-2025,settlement,2,с.Акешки,Ақешкі а.
333657300,NK RK 11-2025,settlement,2,с.Актума,Ақтұма а.
333657400,NK RK 11-2025,settlement,2,с.Тамбала,Тамбала а.
334000000,NK RK 11-2025,district,2,Кербулакский район,Кербұлақ ауданы
334030000,NK RK 11-2025,sub_district,2,Сарыозекский с.о.,Сарыөзек а.о.
334030100,NK RK 11-2025,settlement,2,с.Сарыозек,Сарыөзек а.
334030200,NK RK 11-2025,settlement,2,ст.Дос,Дос ст.
334030300,NK RK 11-2025,settlement,2,ст.Койкырыккан,Қойқырыққан ст.
334030400,NK RK 11-2025,settlement,2,ст.Майтобе,Майтөбе ст.
334033000,NK RK 11-2025,sub_district,2,Алтынемельский с.о.,Алтынемел а.о.
334033100,NK RK 11-2025,settlement,2,с.Алтынемель,Алтынемел а.
334033200,NK RK 11-2025,settlement,2,с.Байгазы,Байғазы а.
334033300,NK RK 11-2025,settlement,2,с.Карлыгаш,Қарлығаш а.
334033400,NK RK 11-2025,settlement,2,с.Кызылшкол,Қызылмектеп а.
334033500,NK RK 11-2025,settlement,2,с.Тастыбастау,Тастыбастау а.
334035000,NK RK 11-2025,sub_district,2,Басшийский с.о.,Басши а.о.
334035100,NK RK 11-2025,settlement,2,с.Басши,Басши а.
334035200,NK RK 11-2025,settlement,2,с.Актобе,Ақтөбе а.
334035400,NK RK 11-2025,settlement,2,с.Нурум,Нұрым а.
334037000,NK RK 11-2025,sub_district,2,Жайнак батырский с.о.,Жайнақ батыр а.о.
334037100,NK RK 11-2025,settlement,2,с.Жайнак батыра,Жайнақ батыр а.
334037200,NK RK 11-2025,settlement,2,с.Акбастау,Ақбастау а.
334037300,NK RK 11-2025,settlement,2,с.Доланалы,Доланалы а.
334037400,NK RK 11-2025,settlement,2,с.Жаналык,Жаңалық а.
334037500,NK RK 11-2025,settlement,2,с.Карымсак,Қарымсақ а.
334039000,NK RK 11-2025,sub_district,2,Жоламанский с.о.,Жоламан а.о.
334039100,NK RK 11-2025,settlement,2,с.Жоламан,Жоламан а.
334039200,NK RK 11-2025,settlement,2,ст.Алтындала,Алтындала ст.
334039300,NK RK 11-2025,settlement,2,ст.Архарлы,Арқарлы ст.
334039400,NK RK 11-2025,settlement,2,ст.Дала,Дала ст.
334039500,NK RK 11-2025,settlement,2,ст.Жоламан,Жоламан ст.
334039600,NK RK 11-2025,settlement,2,ст.Сайлы,Сайлы ст.
334039700,NK RK 11-2025,settlement,2,с.Самен,Самен а.
334041000,NK RK 11-2025,sub_district,2,Талдыбулакский с.о.,Талдыбұлақ а.о.
334041100,NK RK 11-2025,settlement,2,с.Талдыбулак,Талдыбұлақ а.
334041200,NK RK 11-2025,settlement,2,с.Бостан,Бостан а.
334041300,NK RK 11-2025,settlement,2,с.Терысаккан,Терісаққан а.
334043000,NK RK 11-2025,sub_district,2,Коксуский с.о.,Көксу а.о.
334043100,NK RK 11-2025,settlement,2,с.Коксу,Көксу а.
334043200,NK RK 11-2025,settlement,2,с.Бериктас,Беріктас а.
334043300,NK RK 11-2025,settlement,2,с.Коктал,Көктал а.
334043400,NK RK 11-2025,settlement,2,с.Косагаш,Қосағаш а.
334045000,NK RK 11-2025,sub_district,2,Карашокинский с.о.,Қарашоқы а.о.
334045100,NK RK 11-2025,settlement,2,с.Карашокы,Қарашоқы а.
334045200,NK RK 11-2025,settlement,2,с.Архарлы,Арқарлы а.
334047000,NK RK 11-2025,sub_district,2,Каспанский с.о.,Қаспан а.о.
334047100,NK RK 11-2025,settlement,2,с.Каспан,Қаспан а.
334047200,NK RK 11-2025,settlement,2,с.Кайнарлы,Қайнарлы а.
334047300,NK RK 11-2025,settlement,2,с.Коксай,Көксай а.
334047400,NK RK 11-2025,settlement,2,с.Сайлыколь,Сайлыкөл а.
334047500,NK RK 11-2025,settlement,2,с.Шаган,Шаған а.
334049000,NK RK 11-2025,sub_district,2,Когалинский с.о.,Қоғалы а.о.
334049100,NK RK 11-2025,settlement,2,с.Когалы,Қоғалы а.
334049200,NK RK 11-2025,settlement,2,с.Коноваловка,Коноваловка а.
334049300,NK RK 11-2025,settlement,2,с.Куренбел,Күреңбел а.
334049400,NK RK 11-2025,settlement,2,с.Тастыозек,Тастыөзек а.
334049500,NK RK 11-2025,settlement,2,с.Шаган,Шаған а.
334053000,NK RK 11-2025,sub_district,2,Кызылжарский с.о.,Қызылжар а.о.
334053100,NK RK 11-2025,settlement,2,с.Кызылжар,Қызылжар а.
334053200,NK RK 11-2025,settlement,2,Дорожный участок Аксункар,Ақсұңқар жол учаскесі
334053300,NK RK 11-2025,settlement,2,с.Желдикара,Желдіқара а.
334053400,NK RK 11-2025,settlement,2,с.Шилису,Шилісу а.
334055000,NK RK 11-2025,sub_district,2,Сарыбастауский с.о.,Сарыбастау а.о.
334055100,NK RK 11-2025,settlement,2,с.Сарыбастау,Сарыбастау а.
334055200,NK RK 11-2025,settlement,2,с.Архарлы,Арқарлы а.
334055300,NK RK 11-2025,settlement,2,ст.Балгалы,Балғалы ст.
334055400,NK RK 11-2025,settlement,2,с.Малайсары,Малайсары а.
334055500,NK RK 11-2025,settlement,2,ст.Малайсары,Малайсары ст.
334055600,NK RK 11-2025,settlement,2,ст.Тары,Тары ст.
334057000,NK RK 11-2025,sub_district,2,Сарыбулакский с.о.,Сарыбұлақ а.о.
334057100,NK RK 11-2025,settlement,2,с.Карагаш,Қараағаш а.
334057200,NK RK 11-2025,settlement,2,Ферма 3 Казансу,Қазансу 3 фермасы
334057300,NK RK 11-2025,settlement,2,Ферма 2 Сарыбулак,Сарыбұлақ 2 фермасы
334057400,NK RK 11-2025,settlement,2,Ферма 1 Шилису,Шилісу 1 фермасы
334063000,NK RK 11-2025,sub_district,2,Шанханайский с.о.,Шанханай а.о.
334063100,NK RK 11-2025,settlement,2,с.Шанханай,Шанханай а.
334063200,NK RK 11-2025,settlement,2,с.Коянкоз,Қоянкөз а.
334063300,NK RK 11-2025,settlement,2,с.Майтобе,Майтөбе а.
334067000,NK RK 11-2025,sub_district,2,Шубарский с.о.,Шұбар а.о
334067100,NK RK 11-2025,settlement,2,с.Шубар,Шұбар а.
334067200,NK RK 11-2025,settlement,2,с.Аралтобе,Аралтөбе а.
334067300,NK RK 11-2025,settlement,2,с.Онжас,Онжас а.
334200000,NK RK 11-2025,district,2,Коксуский район,Көксу ауданы
334230000,NK RK 11-2025,sub_district,2,Балпыкский с.о.,Балпық а.о.
334230100,NK RK 11-2025,settlement,2,с.Балпык би,Балпық  би а.
334230200,NK RK 11-2025,settlement,2,с.Акшатоган,Ақшатоған а.
334230300,NK RK 11-2025,settlement,2,с.Теректы,Теректі а.
334233000,NK RK 11-2025,sub_district,2,Айнабулакский с.о.,Айнабұлақ а.о.
334233100,NK RK 11-2025,settlement,2,ст.Айнабулак,Айнабұлақ ст.
334233200,NK RK 11-2025,settlement,2,рзд.Копир,рзд.Көпір
334233300,NK RK 11-2025,settlement,2,Подхоз ПЧ-45,ПЧ-45 қосшар
334233400,NK RK 11-2025,settlement,2,рзд.Тауарасы,рзд.Тауарасы
334235000,NK RK 11-2025,sub_district,2,Алгабасский с.о.,Алғабас а.о.
334235100,NK RK 11-2025,settlement,2,с.Алгабас,Алғабас а.
334235200,NK RK 11-2025,settlement,2,с.Кызылтоган,Қызылтоған а.
334239000,NK RK 11-2025,sub_district,2,Енбекшинский с.о.,Еңбекші а.о.
334239100,NK RK 11-2025,settlement,2,с.Зылихи Тамшыбай,Зылиха Тамшыбай а.
334239200,NK RK 11-2025,settlement,2,с.Бескайнар,Бесқайнар а.
334239300,NK RK 11-2025,settlement,2,с.Кенарал,Кеңарал а.
334239400,NK RK 11-2025,settlement,2,с.Каратал,Қаратал а.
334243000,NK RK 11-2025,sub_district,2,с.о. Мусабек,Мұсабек а.о.
334243100,NK RK 11-2025,settlement,2,с.Мусабек,Мұсабек а.
334243200,NK RK 11-2025,settlement,2,ст.Бакша,Бақша ст.
334243300,NK RK 11-2025,settlement,2,ст.Быжы,Быжы ст.
334243400,NK RK 11-2025,settlement,2,с.Маулимбай,Мәулімбай а.
334243500,NK RK 11-2025,settlement,2,ст.Моинкум,Мойынқұм ст.
334245000,NK RK 11-2025,sub_district,2,с.о.Кабылиса,Қабылиса а.о.
334245100,NK RK 11-2025,settlement,2,с.Актекше,Ақтекше а.
334245200,NK RK 11-2025,settlement,2,с.Кокбастау,Көкбастау а.
334247000,NK RK 11-2025,sub_district,2,Лабасинский с.о.,Лабасы а.о.
334247100,NK RK 11-2025,settlement,2,с.Мамбет,Мәмбет а.
334247200,NK RK 11-2025,settlement,2,с.Енбекшиказах,Еңбекшіқазақ а.
334247300,NK RK 11-2025,settlement,2,с.Жамбыл,Жамбыл а.
334247400,NK RK 11-2025,settlement,2,с.Талапты,Талапты а.
334249000,NK RK 11-2025,sub_district,2,Муканшинский с.о.,Мұқаншы а.о.
334249100,NK RK 11-2025,settlement,2,ст.Коксу,Көксу ст.
334249200,NK RK 11-2025,settlement,2,с.Жетыжал,Жетіжал а.
334249300,NK RK 11-2025,settlement,2,с.50 лет Казахстана,Қазақстанның 50 жылдығы а.
334249500,NK RK 11-2025,settlement,2,с.Муканши,Мұқаншы а.
334249600,NK RK 11-2025,settlement,2,с.Надиризбек,Нәдірізбек а.
334253000,NK RK 11-2025,sub_district,2,Мукринский с.о.,Мұқры а.о.
334253100,NK RK 11-2025,settlement,2,с.Мукры,Мұқры а.
334253102,NK RK 11-2025,settlement,2,уч.Алмалы,Алмалы уч.
334253103,NK RK 11-2025,settlement,2,уч.Желдикора,Желдіқора уч.
334253104,NK RK 11-2025,settlement,2,уч.Точка,Точка уч.
334253200,NK RK 11-2025,settlement,2,с.10 лет Казахстана,Қазақстанның 10 жылдығы а.
334255000,NK RK 11-2025,sub_district,2,Жарлыозекский с.о.,Жарлыөзек а.о.
334255100,NK RK 11-2025,settlement,2,с.Жарлыозек,Жарлыөзек а.
334255200,NK RK 11-2025,settlement,2,с.Бозтоган,Бозтоған а.
334255300,NK RK 11-2025,settlement,2,с.Муканшы,Мұқаншы а.
334400000,NK RK 11-2025,district,4,Каратальский район,Қаратал ауданы
334420000,NK RK 11-2025,sub_district,3,Уштобинская г.а.,Үштөбе қ.ә.
334420100,NK RK 11-2025,settlement,1,г.Уштобе,Үштөбе қ.
334420200,NK RK 11-2025,settlement,2,с.Ойсаз,Ойсаз а.
334420300,NK RK 11-2025,settlement,2,с.Ушкомей,Үшкөмей а.
334420400,NK RK 11-2025,settlement,2,с.Достык,Достық а.
334433000,NK RK 11-2025,sub_district,2,Балпыкский с.о.,Балпық а.о.
334433100,NK RK 11-2025,settlement,2,с.Жанаталап,Жаңаталап а.
334433200,NK RK 11-2025,settlement,2,с.Оян,Оян а.
334433400,NK RK 11-2025,settlement,2,с.Умтул,Ұмтыл а.
334435000,NK RK 11-2025,sub_district,2,Ельтайский с.о.,Елтай а.о.
334435100,NK RK 11-2025,settlement,2,с.Каражиде,Қаражиде а.
334435400,NK RK 11-2025,settlement,2,с.Сарыбулак,Сарыбұлақ а.
334437000,NK RK 11-2025,sub_district,2,Ескельдинский с.о.,Ескелді а.о.
334437100,NK RK 11-2025,settlement,2,с.Ескельди би,Ескелді би а.
334437200,NK RK 11-2025,settlement,2,с.Кызылжар,Қызылжар а.
334437300,NK RK 11-2025,settlement,2,с.Кокдала,Көкдала а.
334437400,NK RK 11-2025,settlement,2,с.Кайнар,Қайнар а.
334439000,NK RK 11-2025,sub_district,2,Байшегирский с.о.,Бәйшегір а.о.
334439100,NK RK 11-2025,settlement,2,с.Акжар,Ақжар а.
334439300,NK RK 11-2025,settlement,2,с.Алмалы,Алмалы а.
334439400,NK RK 11-2025,settlement,2,с.Дөңши,Дөңши а.
334443000,NK RK 11-2025,sub_district,2,с.о.Жолбарыс батыра,Жолбарыс батыр а.о.
334443100,NK RK 11-2025,settlement,2,с.Кальпе,Қалпе а.
334443200,NK RK 11-2025,settlement,2,с.Айдар,Айдар а.
334443400,NK RK 11-2025,settlement,2,с.Канабек,Қанабек а.
334443500,NK RK 11-2025,settlement,2,с.Карашенгель,Қарашеңгел а.
334445000,NK RK 11-2025,sub_district,2,Кызылбалыкский с.о.,Қызылбалық а.о.
334445100,NK RK 11-2025,settlement,2,с.Копбирлик,Көпбірлік а.
334445200,NK RK 11-2025,settlement,2,с.Каракум,Қарақұм а.
334447000,NK RK 11-2025,sub_district,2,Бастобинский с.о.,Бастөбе а.о.
334447100,NK RK 11-2025,settlement,2,с.Бастобе,Бастөбе а.
334447300,NK RK 11-2025,settlement,2,с.Жылыбулак,Жылыбұлақ а.
334447400,NK RK 11-2025,settlement,2,с.Кішітөбе,Кішітөбе а.
334447500,NK RK 11-2025,settlement,2,рзд.Курышдаласы,рзд.Күрішдаласы
334447800,NK RK 11-2025,settlement,2,с.Ортатобе,Ортатөбе а.
334447880,NK RK 11-2025,settlement,2,рзд.47,рзд.47
334449000,NK RK 11-2025,sub_district,2,с.о.Айту би,Айту би а.о.
334449100,NK RK 11-2025,settlement,2,с.Кокпекти,Көкпекті а.
334449200,NK RK 11-2025,settlement,2,с.Айту,Айту а.
334449300,NK RK 11-2025,settlement,2,с.Жасталап,Жасталап а.
334449400,NK RK 11-2025,settlement,2,с.Кожбан,Қожбан а.
334453000,NK RK 11-2025,sub_district,2,Тастобинский с.о.,Тастөбе а.о.
334453100,NK RK 11-2025,settlement,2,с.Тастобе,Тастөбе а.
334453200,NK RK 11-2025,settlement,2,с.Бесагаш,Бесағаш а.
334453300,NK RK 11-2025,settlement,2,с.Бирлик,Бірлік а.
334600000,NK RK 11-2025,district,4,Панфиловский район,Панфилов ауданы
334620000,NK RK 11-2025,sub_district,1,Жаркентская г.а.,Жаркент қ.ә.
334620100,NK RK 11-2025,settlement,1,г.Жаркент,Жаркент қ.
334633000,NK RK 11-2025,sub_district,2,Айдарлинский с.о.,Айдарлы а.о.
334633100,NK RK 11-2025,settlement,2,с.Айдарлы,Айдарлы а.
334633200,NK RK 11-2025,settlement,2,с.Дарбазакум,Дарбазақұм а.
334633300,NK RK 11-2025,settlement,2,с.Сарпылдак,Сарпылдақ а.
334635000,NK RK 11-2025,sub_district,2,Баскунчинский с.о.,Басқұншы а.о.
334635100,NK RK 11-2025,settlement,2,с.Баскунши,Басқұншы а.
334635200,NK RK 11-2025,settlement,2,с.Алмалы,Алмалы а.
334637000,NK RK 11-2025,sub_district,2,Бирликский с.о.,Бірлік а.о.
334637100,NK RK 11-2025,settlement,2,с.Алтыуй,Алтыүй а.
334637200,NK RK 11-2025,settlement,2,с.Надек,Надек а.
334637300,NK RK 11-2025,settlement,2,с.Суптай,Сұптай а.
334637400,NK RK 11-2025,settlement,2,с.Шижин,Шежін а.
334637402,NK RK 11-2025,settlement,2,уч.Хонахай,Қонақай уч.
334639000,NK RK 11-2025,sub_district,2,Коктальский с.о.,Көктал а.о.
334639100,NK RK 11-2025,settlement,2,с.Коктал,Көктал а.
334639200,NK RK 11-2025,settlement,2,с.Акжазык,Ақжазық а.
334639300,NK RK 11-2025,settlement,2,с.Аккудык,Аққұдық а.
334643000,NK RK 11-2025,sub_district,2,Коныроленский с.о.,Қоңырөлең а.о.
334643100,NK RK 11-2025,settlement,2,с.Коныролен,Қоңырөлең а.
334643200,NK RK 11-2025,settlement,2,с.Кермеагаш,Кермеағаш а.
334643300,NK RK 11-2025,settlement,2,с.Сарытобе,Сарытөбе а.
334643400,NK RK 11-2025,settlement,2,с.Борибай би,Бөрібай би а.
334643500,NK RK 11-2025,settlement,2,с.Ынталы,Ынталы а.
334645000,NK RK 11-2025,sub_district,2,с.о.Атамекен,Атамекен а.о.
334645100,NK RK 11-2025,settlement,2,с.Атамекен,Атамекен а.
334645200,NK RK 11-2025,settlement,2,с.Ават,Ават а.
334645300,NK RK 11-2025,settlement,2,с.Ынтымак,Ынтымақ а.
334645400,NK RK 11-2025,settlement,2,с.Хоргос,Қорғас а.
334647000,NK RK 11-2025,sub_district,2,Сарыбельский с.о.,Сарыбел а.о.
334647100,NK RK 11-2025,settlement,2,с.Сарыбель,Сарыбел а.
334647200,NK RK 11-2025,settlement,2,с.Садыр,Садыр а.
334647300,NK RK 11-2025,settlement,2,с.Турпан,Тұрпан  а.
334649000,NK RK 11-2025,sub_district,2,Талдинский с.о.,Талды а.о.
334649100,NK RK 11-2025,settlement,2,с.Талды,Талды а.
334649200,NK RK 11-2025,settlement,2,с.Енбекши,Еңбекші а.
334653000,NK RK 11-2025,sub_district,2,Улкенагашский с.о.,Үлкенағаш а.о.
334653100,NK RK 11-2025,settlement,2,с.Аулиеагаш,Әулиеағаш а.
334653200,NK RK 11-2025,settlement,2,с.Жаркент-Арасан,Жаркент-Арасан а.
334653300,NK RK 11-2025,settlement,2,с.Коктал-Арасан,Көктал-Арасан а.
334655000,NK RK 11-2025,sub_district,2,Улкеншыганский с.о.,Үлкеншыған а.о.
334655100,NK RK 11-2025,settlement,2,с.Улкеншыган,Үлкеншыған а.
334655200,NK RK 11-2025,settlement,2,с.Аккент,Ақкент а.
334655300,NK RK 11-2025,settlement,2,с.Кырыккудык,Қырыққұдық а.
334655400,NK RK 11-2025,settlement,2,с.Кішішыған,Кішішыған а.
334657000,NK RK 11-2025,sub_district,2,Ушаралский с.о.,Үшарал а.о.
334657100,NK RK 11-2025,settlement,2,с.Ушарал,Үшарал а.
334657200,NK RK 11-2025,settlement,2,с.Акарал,Ақарал а.
334657300,NK RK 11-2025,settlement,2,с.Кызылжиде,Қызылжиде а.
334659000,NK RK 11-2025,sub_district,2,Чулакайский с.о.,Шолақай а.о.
334659100,NK RK 11-2025,settlement,2,с.Чулакай,Шолақай а.
334659200,NK RK 11-2025,settlement,2,с.Диханкайрат,Диқанқайрат а.
334659300,NK RK 11-2025,settlement,2,с.Жидели,Жиделі а.
334800000,NK RK 11-2025,district,4,Сарканский район,Сарқан ауданы
334820000,NK RK 11-2025,sub_district,3,Сарканская г.а.,Сарқан қ.ә.
334820100,NK RK 11-2025,settlement,1,г.Саркан,Сарқан қ.
334820200,NK RK 11-2025,settlement,2,с.Бирлик,Бірлік а.
334833000,NK RK 11-2025,sub_district,2,Аманбоктерский с.о.,Аманбөктер а.о.
334833100,NK RK 11-2025,settlement,2,с.Аманбоктер,Аманбөктер а.
334833200,NK RK 11-2025,settlement,2,с.Баянбай,Баянбай а.
334835000,NK RK 11-2025,sub_district,2,Амангельдинский с.о.,Амангелді а.о.
334835100,NK RK 11-2025,settlement,2,с.Пограничник,Пограничник а.
334835200,NK RK 11-2025,settlement,2,с.Кокозек,Көкөзек а.
334835400,NK RK 11-2025,settlement,2,с.Караултобе,Қарауылтөбе а.
334837000,NK RK 11-2025,sub_district,2,Бакалинский с.о.,Бақалы а.о.
334837100,NK RK 11-2025,settlement,2,с.Бакалы,Бақалы а.
334837200,NK RK 11-2025,settlement,2,с.Какимжан,Кәкімжан а.
334837300,NK RK 11-2025,settlement,2,с.Таскудык,Тасқұдық а.
334839000,NK RK 11-2025,sub_district,2,Екиашинский с.о.,Екіаша а.о.
334839100,NK RK 11-2025,settlement,2,с.Екиаша,Екіаша а.
334839200,NK RK 11-2025,settlement,2,с.Тополевка,Тополевка а.
334843000,NK RK 11-2025,sub_district,2,Алмалинский с.о.,Алмалы а.о.
334843100,NK RK 11-2025,settlement,2,с.Алмалы,Алмалы а.
334843200,NK RK 11-2025,settlement,2,с.Абай,Абай а.
334847000,NK RK 11-2025,sub_district,2,Коктерекский с.о.,Көктерек а.о.
334847100,NK RK 11-2025,settlement,2,с.Коктерек,Көктерек а.
334849000,NK RK 11-2025,sub_district,2,Карабогетский с.о.,Қарабөгет а.о.
334849100,NK RK 11-2025,settlement,2,с.Карабогет,Қарабөгет а.
334849300,NK RK 11-2025,settlement,2,с.Еркин,Еркін а.
334851000,NK RK 11-2025,sub_district,2,Карашиганский с.о.,Қарашыған а.о.
334851100,NK RK 11-2025,settlement,2,с.им.М.Тулебаева,М.Төлебаев атын.а.
334851200,NK RK 11-2025,settlement,2,с.Шубартубек,Шұбартүбек а.
334851300,NK RK 11-2025,settlement,2,с.Ульга,Үлгі а.
334853000,NK RK 11-2025,sub_district,2,Койлыкский с.о.,Қойлық а.о.
334853100,NK RK 11-2025,settlement,2,с.Койлык,Қойлық а.
334855000,NK RK 11-2025,sub_district,2,Лепсинский с.о.,Лепсі а.о.
334855100,NK RK 11-2025,settlement,2,с.Лепсы,Лепсі а.
334855200,NK RK 11-2025,settlement,2,ст.Акбалык,Ақбалық ст.
334855300,NK RK 11-2025,settlement,2,ст.Арганаты,Арғанаты ст.
334855400,NK RK 11-2025,settlement,2,рзд.Керегетас,рзд.Керегетас
334855500,NK RK 11-2025,settlement,2,рзд.Кокшалгын,рзд.Көкшалғын
334855600,NK RK 11-2025,settlement,2,ст.Каратас,Қаратас ст.
334855700,NK RK 11-2025,settlement,2,рзд.Сарыкурак,рзд.Сарықұрақ
334855800,NK RK 11-2025,settlement,2,с.Кокжиде,Көкжиде а.
334857000,NK RK 11-2025,sub_district,2,Черкасский с.о.,Черкасск а.о.
334857100,NK RK 11-2025,settlement,2,с.Черкасск,Черкасск а.
334857200,NK RK 11-2025,settlement,2,с.Каргалы,Қарғалы а.
334857300,NK RK 11-2025,settlement,2,с.Аккайын,Аққайың а.
334857400,NK RK 11-2025,settlement,2,с.Актума,Ақтума а.
334857500,NK RK 11-2025,settlement,2,с.Теректи,Теректі а.
334857600,NK RK 11-2025,settlement,2,с.Ешкиолмес,Ешкіөлмес а.
334859000,NK RK 11-2025,sub_district,2,Шатырбайский с.о.,Шатырбай а.о.
334859100,NK RK 11-2025,settlement,2,с.Шатырбай,Шатырбай а.
350000000,NK RK 11-2025,oblast,0,Карагандинская область,Қарағанды облысы
351000000,NK RK 11-2025,district,3,Караганда Г.А.,Қарағанды Қ.Ә.
351010000,NK RK 11-2025,sub_district,1,г.Караганда,Қарағанды қ.
351011000,NK RK 11-2025,sub_district,3,Әлихан Бөкейхан р.а.,Әлихан Бөкейхан а.ә.
351011100,NK RK 11-2025,settlement,1,район Әлихан Бөкейхан,Әлихан Бөкейхан ауданы
351013000,NK RK 11-2025,sub_district,1,р.а. им.Казыбек би,Қазыбек би атын. а.ә.
351013100,NK RK 11-2025,settlement,1,район им.Казыбек би,Қазыбек би атын.ауданы
351600000,NK RK 11-2025,district,1,Балхаш Г.А.,Балқаш Қ.Ә.
351600200,NK RK 11-2025,settlement,1,п.Конырат,Қоңырат к.
351610000,NK RK 11-2025,sub_district,1,г.Балхаш,Балқаш қ.
351635000,NK RK 11-2025,sub_district,1,Гульшатская п.а.,Гүлшат к.ә.
351635100,NK RK 11-2025,settlement,1,п.Гульшат,Гүлшат к.
351645000,NK RK 11-2025,sub_district,1,Саякская п.а.,Саяқ к.ә.
351645100,NK RK 11-2025,settlement,1,п.Саяк,Саяқ к.
352100000,NK RK 11-2025,district,1,Приозерск Г.А.,Приозерск Қ.Ә.
352110000,NK RK 11-2025,sub_district,1,г.Приозерск,Приозерск қ.
352200000,NK RK 11-2025,district,1,Сарань Г.А.,Саран Қ.Ә.
352210000,NK RK 11-2025,sub_district,1,г.Сарань,Саран қ.
352231000,NK RK 11-2025,sub_district,1,Актасская п.а.,Ақтас к.ә.
352231100,NK RK 11-2025,settlement,1,п.Актас,Ақтас к.
352400000,NK RK 11-2025,district,1,Темиртау Г.А.,Теміртау Қ.Ә.
352410000,NK RK 11-2025,sub_district,1,г.Темиртау,Теміртау қ.
352431000,NK RK 11-2025,sub_district,1,Актауская п.а.,Ақтау к.ә.
352431100,NK RK 11-2025,settlement,1,п.Актау,Ақтау к.
352800000,NK RK 11-2025,district,1,Шахтинск Г.А.,Шахтинск Қ.Ә.
352810000,NK RK 11-2025,sub_district,1,г.Шахтинск,Шахтинск қ.
352835000,NK RK 11-2025,sub_district,1,Долинская п.а.,Долинка к.ә.
352835100,NK RK 11-2025,settlement,1,п.Долинка,Долинка к.
352839000,NK RK 11-2025,sub_district,1,Новодолинская п.а.,Новодолинка к.ә.
352839100,NK RK 11-2025,settlement,1,п.Новодолинский,Новодолинский к.
352845000,NK RK 11-2025,sub_district,1,Шаханская п.а.,Шақан к.ә.
352845100,NK RK 11-2025,settlement,1,п.Шахан,Шақан к.
353200000,NK RK 11-2025,district,4,Абайский район,Абай ауданы
353220000,NK RK 11-2025,sub_district,1,Абайская г.а.,Абай қ.ә.
353220100,NK RK 11-2025,settlement,1,г.Абай,Абай қ.
353233000,NK RK 11-2025,sub_district,2,Акбастауский с.о.,Ақбастау а.о.
353233100,NK RK 11-2025,settlement,2,с.Акбастау,Ақбастау а.
353237000,NK RK 11-2025,sub_district,2,Дзержинский с.о.,Дзержинский а.о.
353237100,NK RK 11-2025,settlement,2,с.Сарепта,Сарепта а.
353237200,NK RK 11-2025,settlement,2,с.Койбас,Қойбас а.
353237300,NK RK 11-2025,settlement,2,с.Коянды,Қоянды а.
353239000,NK RK 11-2025,sub_district,2,Дубовский с.о.,Дубов а.о.
353239100,NK RK 11-2025,settlement,2,с.Дубовка,Дубовка а.
353241000,NK RK 11-2025,sub_district,2,Есенгельдинский с.о.,Есенгелді а.о.
353241100,NK RK 11-2025,settlement,2,с.Есенгельды,Есенгелді а.
353241200,NK RK 11-2025,settlement,2,с.Пахотное,Пахотное а.
353249000,NK RK 11-2025,sub_district,2,Ильичевский с.о.,Ильич а.о.
353249100,NK RK 11-2025,settlement,2,с.Юбилейное,Юбилейное а.
353249200,NK RK 11-2025,settlement,2,с.Жон,Жон а.
353249500,NK RK 11-2025,settlement,2,с.Тасзаемка,Тасзаемка а.
353253000,NK RK 11-2025,sub_district,2,Коксунский с.о.,Көксун а.о.
353253100,NK RK 11-2025,settlement,2,с.Коксун,Көксун а.
353253200,NK RK 11-2025,settlement,2,с.Жартас,Жартас а.
353253400,NK RK 11-2025,settlement,2,с.Северное,Северное а.
353253500,NK RK 11-2025,settlement,2,с.Южное,Южное а.
353257000,NK RK 11-2025,sub_district,2,Карабасская п.а.,Қарабас к.ә.
353257100,NK RK 11-2025,settlement,2,п.Карабас,Қарабас к.
353259000,NK RK 11-2025,sub_district,2,Карагандинский с.о.,Қарағанды а.о.
353259100,NK RK 11-2025,settlement,2,с.Жартас,Жартас а.
353259300,NK RK 11-2025,settlement,2,с.Восход,Восход а.
353259700,NK RK 11-2025,settlement,2,с.Поливное,Поливное а.
353261000,NK RK 11-2025,sub_district,2,Кулайгырский с.о.,Құлаайғыр а.о.
353261100,NK RK 11-2025,settlement,2,с.Кулайгыр,Құлаайғыр а.
353261200,NK RK 11-2025,settlement,2,с.Жаманжол,Жаманжол а.
353261800,NK RK 11-2025,settlement,2,с.Ялта,Ялта а.
353263000,NK RK 11-2025,sub_district,2,Курминский с.о.,Құрма а.о.
353263100,NK RK 11-2025,settlement,2,с.Курминское,Құрма а.
353263200,NK RK 11-2025,settlement,2,с.Жумабек,Жұмабек а.
353263300,NK RK 11-2025,settlement,2,с.Спасск,Спасск а.
353267000,NK RK 11-2025,sub_district,2,Мичуринский с.о.,Мичурин а.о.
353267100,NK RK 11-2025,settlement,2,с.Агрогородок,Агрогородок а.
353267200,NK RK 11-2025,settlement,2,с.Садовое,Садовое а.
353267800,NK RK 11-2025,settlement,2,с.Ягодное,Ягодное а.
353281000,NK RK 11-2025,sub_district,2,Самарский с.о.,Самара а.о.
353281100,NK RK 11-2025,settlement,2,с.Самарка,Самарка а.
353281400,NK RK 11-2025,settlement,2,с.Огороды,Огороды а.
353285000,NK RK 11-2025,sub_district,2,Топарская п.а.,Топар к.ә.
353285100,NK RK 11-2025,settlement,2,п.Топар,Топар к.
353289000,NK RK 11-2025,sub_district,2,Южная п.а.,Южный к.ә.
353289100,NK RK 11-2025,settlement,2,п.Южный,Южный к.
353600000,NK RK 11-2025,district,2,Актогайский район,Ақтоғай ауданы
353630000,NK RK 11-2025,sub_district,2,Актогайский с.о.,Ақтоғай а.о.
353630100,NK RK 11-2025,settlement,2,с.Актогай,Ақтоғай а.
353630105,NK RK 11-2025,settlement,2,зимовка Аксай,Ақсай қыстауы
353631000,NK RK 11-2025,sub_district,2,Абайский с.о.,Абай а.о.
353631100,NK RK 11-2025,settlement,2,с.Абай,Абай а.
353631105,NK RK 11-2025,settlement,2,зимовка Ақферма,Ақферма қыстауы
353631107,NK RK 11-2025,settlement,2,зимовка Таскын,Тасқын қыстауы
353631108,NK RK 11-2025,settlement,2,зимовка Айдын,Айдын қыстауы
353631109,NK RK 11-2025,settlement,2,зимовка Аксай,Ақсай қыстауы
353631111,NK RK 11-2025,settlement,2,зимовка Аккора,Аққора қыстауы
353631112,NK RK 11-2025,settlement,2,Звероферма,Аң фермасы
353631113,NK RK 11-2025,settlement,2,зимовка Калкан,Қалқан қыстауы
353631114,NK RK 11-2025,settlement,2,зимовка Орта Жолекен,Орта Жөлекең қыстауы
353631115,NK RK 11-2025,settlement,2,зимовка Ортакора,Ортақора қыстауы
353631116,NK RK 11-2025,settlement,2,зимовка Ошаган,Ошаған қыстауы
353631117,NK RK 11-2025,settlement,2,зимовка Нижний Жолекен,Төменгі Жөлекең қыстауы
353631118,NK RK 11-2025,settlement,2,зимовка Жапекен,Жапекен қыстауы
353631300,NK RK 11-2025,settlement,2,с.Акшкол,Ақшкөл а.
353631303,NK RK 11-2025,settlement,2,зимовка Акатан,Ақатан қыстауы
353631305,NK RK 11-2025,settlement,2,зимовка Бакалшы,Бақалшы қыстауы
353631306,NK RK 11-2025,settlement,2,зимовка Бидайык,Бидайық қыстауы
353631313,NK RK 11-2025,settlement,2,зимовка Копелбай,Копелбай қыстауы
353631315,NK RK 11-2025,settlement,2,зимовка Каркын,Қаркын қыстауы
353631316,NK RK 11-2025,settlement,2,зимовка Койбагар,Қойбағар қыстауы
353631321,NK RK 11-2025,settlement,2,зимовка Сарыозек,Сарыөзек қыстауы
353633000,NK RK 11-2025,sub_district,2,Айыртасский с.о.,Айыртас а.о.
353633100,NK RK 11-2025,settlement,2,с.Айыртас,Айыртас а.
353633102,NK RK 11-2025,settlement,2,зимовка Аккора,Аққора қыстауы
353633103,NK RK 11-2025,settlement,2,зимовка Бесбулак,Бесбұлақ қыстауы
353633104,NK RK 11-2025,settlement,2,зимовка Аксай,Ақсай қыстауы
353633106,NK RK 11-2025,settlement,2,зимовка Егиндыбулак 2,Егіндыбұлақ 2 қыстауы
353633107,NK RK 11-2025,settlement,2,зимовка Азимбай,Әзімбай қыстауы
353633108,NK RK 11-2025,settlement,2,зимовка Би,Би қыстауы
353633109,NK RK 11-2025,settlement,2,зимовка Кабыргаши,Қабырғашы қыстауы
353633111,NK RK 11-2025,settlement,2,зимовка Кызылтас,Қызылтас қыстауы
353633113,NK RK 11-2025,settlement,2,зимовка Куттымбет,Құттымбет қыстауы
353633115,NK RK 11-2025,settlement,2,зимовка Еспе,Еспе қыстауы
353633118,NK RK 11-2025,settlement,2,ЛСП,ЛСП
353633119,NK RK 11-2025,settlement,2,зимовка Маубас,Маубас қыстауы
353633121,NK RK 11-2025,settlement,2,зимовка Нурабай,Нұрабай қыстауы
353633123,NK RK 11-2025,settlement,2,зимовка Ойран,Ойран қыстауы
353633125,NK RK 11-2025,settlement,2,зимовка Огизтау,Өгізтау қыстауы
353633127,NK RK 11-2025,settlement,2,зимовка Садуакас,Садуакас қыстауы
353633129,NK RK 11-2025,settlement,2,зимовка Туайт,Туайт қыстауы
353633131,NK RK 11-2025,settlement,2,зимовка Шубарайгыр,Шұбарайғыр қыстауы
353633133,NK RK 11-2025,settlement,2,зимовка Шубаркудык,Шұбарқұдық қыстауы
353633134,NK RK 11-2025,settlement,2,зимовка Амирсана,Әмірсана қыстауы
353633135,NK RK 11-2025,settlement,2,зимовка Асылбек,Асылбек қыстауы
353633136,NK RK 11-2025,settlement,2,зимовка Ешкиолмес,Ешкіөлмес қыстауы
353633137,NK RK 11-2025,settlement,2,зимовка Карабас,Қарабас қыстауы
353633138,NK RK 11-2025,settlement,2,зимовка Караоба,Қараоба қыстауы
353633139,NK RK 11-2025,settlement,2,зимовка Калыш,Қалыш қыстауы
353633141,NK RK 11-2025,settlement,2,зимовка Кииксу,Қииқсу қыстауы
353633142,NK RK 11-2025,settlement,2,зимовка Куней,Күней қыстауы
353633143,NK RK 11-2025,settlement,2,зимовка Таскызыл,Тасқызыл қыстауы
353633144,NK RK 11-2025,settlement,2,зимовка Шубартау,Шұбартау қыстауы
353633145,NK RK 11-2025,settlement,2,зимовка Косшыбай,Қосшыбай қыстауы
353633146,NK RK 11-2025,settlement,2,зимовка Раскол,Раскол қыстауы
353633147,NK RK 11-2025,settlement,2,зимовка Балтоккен,Балтөккен қыстауы
353633148,NK RK 11-2025,settlement,2,зимовка Долагай,Долағай  қыстауы
353633149,NK RK 11-2025,settlement,2,зимовка Жакыпбек,Жақыпбек қыстауы
353633151,NK RK 11-2025,settlement,2,зимовка Игенбай,Игенбай қыстауы
353633152,NK RK 11-2025,settlement,2,зимовка Бойдак,Бойдақ қыстауы
353633153,NK RK 11-2025,settlement,2,зимовка Дарибек,Дәрібек қыстауы
353633154,NK RK 11-2025,settlement,2,зимовка Катпар,Қатпар қыстауы
353641000,NK RK 11-2025,sub_district,2,с.о.Жидебай,Жидебай а.о.
353641100,NK RK 11-2025,settlement,2,с.Сауле,Сәуле а.
353641105,NK RK 11-2025,settlement,2,МТС,МТС
353641107,NK RK 11-2025,settlement,2,зимовка Корпетай,Көрпетай қыстауы
353641111,NK RK 11-2025,settlement,2,зимовка Донгелекагаш,Дөңгелекағаш қыстауы
353641113,NK RK 11-2025,settlement,2,зимовка Карыагаш,Кәріағаш қыстауы
353641114,NK RK 11-2025,settlement,2,зимовка Нуркей,Нұркей қыстауы
353641117,NK RK 11-2025,settlement,2,зимовка Тесыктас,Тесіктас қыстауы
353641200,NK RK 11-2025,settlement,2,с.Жаланаш,Жалаңаш а.
353641202,NK RK 11-2025,settlement,2,зимовка Акбулак,Ақбұлақ қыстауы
353641203,NK RK 11-2025,settlement,2,зимовка Бозбие,Бозбие қыстауы
353641206,NK RK 11-2025,settlement,2,зимовка Жанкел,Жанкел қыстауы
353641211,NK RK 11-2025,settlement,2,зимовка Кашкынбай,Қашқынбай қыстауы
353641212,NK RK 11-2025,settlement,2,зимовка Сарыарка,Сарыарқа қыстауы
353641213,NK RK 11-2025,settlement,2,зимовка Теке,Теке қыстауы
353641214,NK RK 11-2025,settlement,2,зимовка Тескенсу,Тескенсу қыстауы
353641300,NK RK 11-2025,settlement,2,с.Ушарал,Үшарал а.
353641305,NK RK 11-2025,settlement,2,зимовка Жиенбай,Жиенбай қыстауы
353641306,NK RK 11-2025,settlement,2,зимовка Жыланды,Жыланды қыстауы
353641307,NK RK 11-2025,settlement,2,зимовка Канатбек,Қанатбек қыстауы
353641308,NK RK 11-2025,settlement,2,зимовка Киргиз,Қырғыз қыстауы
353641309,NK RK 11-2025,settlement,2,зимовка Нуртай,Нұртай қыстауы
353641311,NK RK 11-2025,settlement,2,зимовка Сарыозек 1,Сарыөзек 1 қыстауы
353641312,NK RK 11-2025,settlement,2,зимовка Сарыозек 2,Сарыөзек 2 қыстауы
353641314,NK RK 11-2025,settlement,2,зимовка Ушарал,Үшарал қыстауы
353641317,NK RK 11-2025,settlement,2,зимовка Сарыозек,Сарыөзек қыстауы
353641400,NK RK 11-2025,settlement,2,с.Каракой,Қарақой а.
353641402,NK RK 11-2025,settlement,2,зимовка Айкай,Айқай қыстауы
353641406,NK RK 11-2025,settlement,2,зимовка Жаланаш,Жалаңаш қыстауы
353641411,NK RK 11-2025,settlement,2,зимовка Мухаметжан,Мухаметжан қыстауы
353641412,NK RK 11-2025,settlement,2,зимовка Тыналы,Тыналы қыстауы
353643000,NK RK 11-2025,sub_district,2,с.о. Кежек,Кежек а.о.
353643100,NK RK 11-2025,settlement,2,с.Акший,Ақши а.
353643103,NK RK 11-2025,settlement,2,зимовка Алмалы,Алмалы қыстауы
353643105,NK RK 11-2025,settlement,2,зимовка Бакырбай,Бақырбай қыстауы
353643107,NK RK 11-2025,settlement,2,зимовка Карашын,Қарашын қыстауы
353643109,NK RK 11-2025,settlement,2,зимовка Нура,Нұра қыстауы
353643111,NK RK 11-2025,settlement,2,зимовка Сарыозек,Сарыөзек қыстауы
353643112,NK RK 11-2025,settlement,2,зимовка Саяхат,Саяхат қыстауы
353643113,NK RK 11-2025,settlement,2,зимовка Сорша,Сорша қыстауы
353643115,NK RK 11-2025,settlement,2,зимовка Суртобе,Сұртөбе қыстауы
353643117,NK RK 11-2025,settlement,2,зимовка Талдыбулак,Талдыбұлақ қыстауы
353643118,NK RK 11-2025,settlement,2,зимовка Торак,Торақ қыстауы
353643119,NK RK 11-2025,settlement,2,зимовка Оралбай,Оралбай қыстауы
353643121,NK RK 11-2025,settlement,2,зимовка Шомшек,Шөмшек қыстауы
353645000,NK RK 11-2025,sub_district,2,Карабулакский с.о.,Қарабұлақ а.о.
353645100,NK RK 11-2025,settlement,2,с.Нарманбет,Нарманбет а.
353645102,NK RK 11-2025,settlement,2,зимовка Актоган,Ақтоған қыстауы
353645103,NK RK 11-2025,settlement,2,зимовка Алшынбек,Алшынбек қыстауы
353645104,NK RK 11-2025,settlement,2,зимовка Жанике,Жаніке қыстауы
353645105,NK RK 11-2025,settlement,2,зимовка Заготскот,Малдайындау қыстауы
353645106,NK RK 11-2025,settlement,2,зимовка Иманбай,Иманбай қыстауы
353645107,NK RK 11-2025,settlement,2,зимовка Иса,Иса қыстауы
353645108,NK RK 11-2025,settlement,2,зимовка Киндик,Кіндік қыстауы
353645109,NK RK 11-2025,settlement,2,зимовка Кажи,Қажы қыстауы
353645111,NK RK 11-2025,settlement,2,зимовка Капаш,Қапаш қыстауы
353645112,NK RK 11-2025,settlement,2,зимовка Карабулак,Қарабұлақ қыстауы
353645113,NK RK 11-2025,settlement,2,зимовка Мектеп,Мектеп қыстауы
353645114,NK RK 11-2025,settlement,2,зимовка Омарбек,Омарбек қыстауы
353645115,NK RK 11-2025,settlement,2,зимовка Разах,Разах қыстауы
353645116,NK RK 11-2025,settlement,2,зимовка Рахым,Рахым қыстауы
353645117,NK RK 11-2025,settlement,2,зимовка Сорелен,Сорөлен қыстауы
353645118,NK RK 11-2025,settlement,2,зимовка Стандарт,Стандарт қыстауы
353645119,NK RK 11-2025,settlement,2,зимовка Хасен,Хасен қыстауы
353645121,NK RK 11-2025,settlement,2,зимовка Токал,Тоқал қыстауы
353645122,NK RK 11-2025,settlement,2,зимовка 8 марта,8 март қыстауы
353645123,NK RK 11-2025,settlement,2,зимовка Оспанкарын,Оспанқарын қыстауы
353645124,NK RK 11-2025,settlement,2,зимовка Молалы су,Молалы су қыстауы
353645125,NK RK 11-2025,settlement,2,зимовка Сандық тоған,Сандық тоған қыстауы
353645126,NK RK 11-2025,settlement,2,зимовка Тастобе,Тастобе қыстауы
353645127,NK RK 11-2025,settlement,2,зимовка Қызыл ту,Қызыл ту қыстауы
353645128,NK RK 11-2025,settlement,2,зимовка Нілдібек,Нілдібек қыстауы
353645129,NK RK 11-2025,settlement,2,зимовка Арин,Әрін қыстауы
353645200,NK RK 11-2025,settlement,2,с.Дуаншы,Дуаншы а.
353645202,NK RK 11-2025,settlement,2,зимовка Арын,Арын қыстауы
353645203,NK RK 11-2025,settlement,2,зимовка Баскора,Басқора қыстауы
353645204,NK RK 11-2025,settlement,2,зимовка Бульдозер,Бульдозер қыстауы
353645205,NK RK 11-2025,settlement,2,зимовка Енбек,Еңбек қыстауы
353645206,NK RK 11-2025,settlement,2,зимовка Мектеп,Мектеп қыстауы
353645207,NK RK 11-2025,settlement,2,зимовка Туйекора,Түйеқора қыстауы
353645208,NK RK 11-2025,settlement,2,зимовка Думан,Думан қыстауы
353645300,NK RK 11-2025,settlement,2,с.Карасу,Қарасу а.
353645302,NK RK 11-2025,settlement,2,зимовка Калыш,Қалыш қыстауы
353645303,NK RK 11-2025,settlement,2,зимовка Кажы,Қажы қыстауы
353645304,NK RK 11-2025,settlement,2,зимовка Нарманбет,Нарменбет қыстауы
353645305,NK RK 11-2025,settlement,2,зимовка Сага,Саға қыстауы
353645306,NK RK 11-2025,settlement,2,зимовка Сутбай,Сүтбай қыстауы
353645307,NK RK 11-2025,settlement,2,зимовка Телеуберли,Тілеуберлі қыстауы
353645308,NK RK 11-2025,settlement,2,зимовка Туйебай,Түйебай қыстауы
353645309,NK RK 11-2025,settlement,2,зимовка Шолак,Шолақ қыстауы
353645311,NK RK 11-2025,settlement,2,зимовка Шалкар,Шалқар қыстауы
353645312,NK RK 11-2025,settlement,2,зимовка Ащықарын,Ащықарын қыстауы
353645313,NK RK 11-2025,settlement,2,зимовка Алдаберли,Алдаберлі қыстауы
353645314,NK RK 11-2025,settlement,2,зимовка Карабузау,Қарабұзау қыстауы
353647000,NK RK 11-2025,sub_district,2,с.о. Караменде би,Қараменде би а.о.
353647100,NK RK 11-2025,settlement,2,с.Актас,а.Ақтас
353647105,NK RK 11-2025,settlement,2,зимовка Бишай,Бишай қыстауы
353647106,NK RK 11-2025,settlement,2,зимовка Елубай,Елубай қыстауы
353647107,NK RK 11-2025,settlement,2,зимовка Жуанконыр,Жуанқоңыр қыстауы
353647109,NK RK 11-2025,settlement,2,зимовка Карамола,Қарамола қыстауы
353647111,NK RK 11-2025,settlement,2,зимовка Омар,Омар қыстауы
353647112,NK RK 11-2025,settlement,2,зимовка Мустакай,Мустакай қыстауы
353647113,NK RK 11-2025,settlement,2,зимовка Калпе,Қалпе қыстауы
353647200,NK RK 11-2025,settlement,2,с.Куаныш,Қуаныш а.
353647202,NK RK 11-2025,settlement,2,зимовка Акжарык,Ақжарық қыстауы
353647203,NK RK 11-2025,settlement,2,зимовка Кушколик,Күшкөлік қыстауы
353647204,NK RK 11-2025,settlement,2,зимовка Кызыладыр,Қызыладыр қыстауы
353647205,NK RK 11-2025,settlement,2,зимовка Кызылсенгир,Қызылсеңгір қыстауы
353647206,NK RK 11-2025,settlement,2,зимовка Каражумак,Қаражұмақ қыстауы
353649000,NK RK 11-2025,sub_district,2,Кусакский с.о.,Құсақ а.о.
353649100,NK RK 11-2025,settlement,2,с.Кошкар,Қошқар а.
353649102,NK RK 11-2025,settlement,2,зимовка Басжарасбай,Басжарасбай қыстауы
353649103,NK RK 11-2025,settlement,2,зимовка Керегетас,Керегетас қыстауы
353649104,NK RK 11-2025,settlement,2,зимовка Ортакора,Ортақора қыстауы
353649105,NK RK 11-2025,settlement,2,зимовка Омиржан,Өміржан қыстауы
353649106,NK RK 11-2025,settlement,2,зимовка Жана Омиржан,Жаңа Өміржан қыстауы
353649107,NK RK 11-2025,settlement,2,зимовка Байбори,Байбөрі қыстауы
353649109,NK RK 11-2025,settlement,2,зимовка Бесшокы,Бесшоқы қыстауы
353649115,NK RK 11-2025,settlement,2,зимовка Орта-Сарман,Орта Сарман қыстауы
353649116,NK RK 11-2025,settlement,2,зимовка Баскора,Басқора қыстауы
353649117,NK RK 11-2025,settlement,2,зимовка Белсенди,Белсенді қыстауы
353649118,NK RK 11-2025,settlement,2,зимовка Кайыпкажи,Қайыпқажы қыстауы
353649119,NK RK 11-2025,settlement,2,зимовка Караагаш,Қараағаш қыстауы
353649121,NK RK 11-2025,settlement,2,зимовка Карашокы,Қарашоқы қыстауы
353649122,NK RK 11-2025,settlement,2,зимовка Кызыладыр,Қызыладыр қыстауы
353649123,NK RK 11-2025,settlement,2,зимовка Молак,Молақ қыстауы
353649124,NK RK 11-2025,settlement,2,зимовка Мынбулак,Мыңбұлақ қыстауы
353649125,NK RK 11-2025,settlement,2,зимовка Ортакора,Ортақора қыстауы
353649126,NK RK 11-2025,settlement,2,зимовка Рашид,Рашид қыстауы
353649127,NK RK 11-2025,settlement,2,зимовка Шалхар,Шалқар қыстауы
353649128,NK RK 11-2025,settlement,2,зимовка Сорман,Сорман қыстауы
353649129,NK RK 11-2025,settlement,2,зимовка Байжасар,Байжасар қыстауы
353649131,NK RK 11-2025,settlement,2,зимовка Екпин,Екпін қыстауы
353649132,NK RK 11-2025,settlement,2,зимовка Жасакбай,Жасақбай қыстауы
353649133,NK RK 11-2025,settlement,2,зимовка Карабас,Қарабас қыстауы
353649134,NK RK 11-2025,settlement,2,зимовка Толбасы,Толбасы қыстауы
353649135,NK RK 11-2025,settlement,2,зимовка Кызылбай,Қызылбай қыстауы
353649136,NK RK 11-2025,settlement,2,зимовка Ынтыкбай,Ынтықбай қыстауы
353649137,NK RK 11-2025,settlement,2,зимовка Карашилик,Қарашілік қыстауы
353649138,NK RK 11-2025,settlement,2,зимовка Ортажарасбай,Ортажарасбай қыстауы
353649139,NK RK 11-2025,settlement,2,зимовка Сеитимхан,Сеитімхан қыстауы
353651000,NK RK 11-2025,sub_district,2,Кызыларайский с.о.,Қызыларай а.о
353651100,NK RK 11-2025,settlement,2,с.Акжарык,Ақжарық а.
353651103,NK RK 11-2025,settlement,2,зимовка Амирхан,Әмірхан қыстауы
353651104,NK RK 11-2025,settlement,2,зимовка Денгельбай,Деңгелбай қыстауы
353651105,NK RK 11-2025,settlement,2,зимовка Жазыбек,Жазыбек қыстауы
353651106,NK RK 11-2025,settlement,2,зимовка Кумис,Күміс қыстауы
353651107,NK RK 11-2025,settlement,2,зимовка Карасиыр,Қарасиыр қыстауы
353651108,NK RK 11-2025,settlement,2,зимовка Каратумсык,Қаратұмсық қыстауы
353651111,NK RK 11-2025,settlement,2,зимовка Стандарт,Стандарт қыстауы
353651112,NK RK 11-2025,settlement,2,зимовка Жунусбек,Жүнісбек қыстауы
353651113,NK RK 11-2025,settlement,2,зимовка Алшынбек,Алшынбек қыстауы
353651114,NK RK 11-2025,settlement,2,зимовка Данбай,Данбай қыстауы
353651115,NK RK 11-2025,settlement,2,зимовка Кадырали,Қадырали қыстауы
353651116,NK RK 11-2025,settlement,2,зимовка Кариган,Қариған қыстауы
353651117,NK RK 11-2025,settlement,2,зимовка Отей,Өтей қыстауы
353651118,NK RK 11-2025,settlement,2,зимовка Ыстык,Ыстық қыстауы
353651119,NK RK 11-2025,settlement,2,зимовка Кенасу,Кеңасу қыстауы
353651121,NK RK 11-2025,settlement,2,зимовка Акбулак,Ақбұлақ қыстауы
353651123,NK RK 11-2025,settlement,2,зимовка Акбуйрат,Ақбуйрат қыстауы
353651125,NK RK 11-2025,settlement,2,зимовка Бек,Бек қыстауы
353651127,NK RK 11-2025,settlement,2,зимовка Колденен,Көлденен қыстауы
353651128,NK RK 11-2025,settlement,2,зимовка Кулмакан,Құлмақан қыстауы
353651129,NK RK 11-2025,settlement,2,зимовка Нагыман,Нағыман қыстауы
353651131,NK RK 11-2025,settlement,2,зимовка Сарыжол,Сарыжол қыстауы
353651132,NK RK 11-2025,settlement,2,зимовка Сатай,Сатай қыстауы
353651133,NK RK 11-2025,settlement,2,зимовка Чабан,Қойшы қыстауы
353651134,NK RK 11-2025,settlement,2,зимовка Кошке,Көшке қыстауы
353651135,NK RK 11-2025,settlement,2,зимовка Акбиик,Ақбиік қыстауы
353651136,NK RK 11-2025,settlement,2,зимовка Ермекбай,Ермекбай қыстауы
353651137,NK RK 11-2025,settlement,2,зимовка Домай,Домай қыстауы
353651138,NK RK 11-2025,settlement,2,зимовка Сулейман,Сүлеймен қыстауы
353651139,NK RK 11-2025,settlement,2,зимовка Сатай,Сатай қыстауы
353651141,NK RK 11-2025,settlement,2,зимовка Саржал,Саржал қыстауы
353651142,NK RK 11-2025,settlement,2,зимовка Жанабай-Мекебай,Жанабай-Мекебай қыстауы
353651143,NK RK 11-2025,settlement,2,зимовка Омбай,Омбай қыстауы
353651144,NK RK 11-2025,settlement,2,зимовка Каригон,Кәрігөң қыстауы
353651145,NK RK 11-2025,settlement,2,зимовка Каракойтас,Қарақойтас қыстауы
353651146,NK RK 11-2025,settlement,2,зимовка Ордабек,Ордабек қыстауы
353651147,NK RK 11-2025,settlement,2,зимовка Лиман,Лиман қыстауы
353651148,NK RK 11-2025,settlement,2,зимовка Ыскак,Ысқақ қыстауы
353651149,NK RK 11-2025,settlement,2,зимовка Урпек,Үрпек қыстауы
353651151,NK RK 11-2025,settlement,2,зимовка Дамбай,Дәмбай қыстауы
353651152,NK RK 11-2025,settlement,2,зимовка Кенасу,Кеңасу қыстауы
353651153,NK RK 11-2025,settlement,2,зимовка Турсынбай,Тұрсынбай қыстауы
353655000,NK RK 11-2025,sub_district,2,Нуркенский с.о.,Нүркен а.о.
353655100,NK RK 11-2025,settlement,2,с.Нуркен,Нүркен а.
353655102,NK RK 11-2025,settlement,2,зимовка Балгабек-Аксай,Балғабек-Ақсай қыстауы
353655103,NK RK 11-2025,settlement,2,зимовка Жамбыл,Жамбыл қыстауы
353655104,NK RK 11-2025,settlement,2,зимовка Кокши,Көкши қыстауы
353655105,NK RK 11-2025,settlement,2,зимовка Кояншокы,Қояншоқы қыстауы
353655106,NK RK 11-2025,settlement,2,зимовка Тастыапан,Тастыапан қыстауы
353655107,NK RK 11-2025,settlement,2,зимовка Китай,Қытай қыстауы
353655108,NK RK 11-2025,settlement,2,зимовка Малимбек,Мәлімбек қыстауы
353655109,NK RK 11-2025,settlement,2,зимовка Соран,Сораң қыстауы
353655111,NK RK 11-2025,settlement,2,зимовка Шубарат,Шұбарат қыстауы
353655112,NK RK 11-2025,settlement,2,джайлау Керегетас,Керегетас жайлауы
353655113,NK RK 11-2025,settlement,2,зимовка Айдарлы,Айдарлы қыстауы
353655114,NK RK 11-2025,settlement,2,зимовка Керегетас,Керегетас қыстауы
353655200,NK RK 11-2025,settlement,2,с.Аксенгир,Ақсеңгір а.
353655202,NK RK 11-2025,settlement,2,зимовка Каратумсык,Қаратұмсық қыстауы
353655203,NK RK 11-2025,settlement,2,зимовка Карыншы,Қарыншы қыстауы
353655204,NK RK 11-2025,settlement,2,зимовка Кояныштагай,Қояныштағай қыстауы
353655205,NK RK 11-2025,settlement,2,зимовка Китай,Қытай қыстауы
353655206,NK RK 11-2025,settlement,2,зимовка Магазин,Дүкен қыстауы
353655207,NK RK 11-2025,settlement,2,зимовка Орта Аксай,Орта Ақсай қыстауы
353655208,NK RK 11-2025,settlement,2,зимовка Талдыбулак,Талдыбұлақ қыстауы
353655209,NK RK 11-2025,settlement,2,зимовка Талдыкезен,Талдыкезен қыстауы
353655300,NK RK 11-2025,settlement,2,с.Жалантас,Жалаңтас а.
353655302,NK RK 11-2025,settlement,2,зимовка Айдай,Айдай қыстауы
353655303,NK RK 11-2025,settlement,2,зимовка Аксай,Ақсай қыстауы
353655304,NK RK 11-2025,settlement,2,зимовка Акирек,Ақирек қыстауы
353655305,NK RK 11-2025,settlement,2,зимовка Акши,Ақши қыстауы
353655306,NK RK 11-2025,settlement,2,зимовка Адилбай,Әділбай қыстауы
353655307,NK RK 11-2025,settlement,2,зимовка Бакал,Бақал қыстауы
353655308,NK RK 11-2025,settlement,2,зимовка Жалпаккайын,Жалпаққайың қыстауы
353655309,NK RK 11-2025,settlement,2,зимовка Караагаш,Қараағаш қыстауы
353655311,NK RK 11-2025,settlement,2,зимовка Керуенбулак,Керуенбұлақ қыстауы
353655313,NK RK 11-2025,settlement,2,зимовка Кызыл,Қызыл қыстауы
353655314,NK RK 11-2025,settlement,2,зимовка Теректы,Теректі қыстауы
353655315,NK RK 11-2025,settlement,2,зимовка Адилбай,Әділбай қыстауы
353655400,NK RK 11-2025,settlement,2,с.Жидебай,Жидебай а.
353655403,NK RK 11-2025,settlement,2,зимовка Донгал,Доңғал қыстауы
353655405,NK RK 11-2025,settlement,2,зимовка Карашокы,Қарашоқы қыстауы
353655406,NK RK 11-2025,settlement,2,зимовка Махамбет-Аксай,Махамбет-Ақсай қыстауы
353655407,NK RK 11-2025,settlement,2,зимовка Сагындык,Сағындық қыстауы
353655409,NK RK 11-2025,settlement,2,зимовка Уйрек,Үйрек қыстауы
353655411,NK RK 11-2025,settlement,2,зимовка Шубарт,Шұбарт қыстауы
353655500,NK RK 11-2025,settlement,2,с.Каратал,Қаратал а.
353655503,NK RK 11-2025,settlement,2,зимовка Жамбыл,Жамбыл қыстауы
353655504,NK RK 11-2025,settlement,2,зимовка Караоба,Қараоба қыстауы
353655505,NK RK 11-2025,settlement,2,зимовка Карашилик,Қарашилик қыстауы
353655506,NK RK 11-2025,settlement,2,зимовка Кызылкайын,Қызылқайың қыстауы
353655507,NK RK 11-2025,settlement,2,зимовка Момын,Момын қыстауы
353655508,NK RK 11-2025,settlement,2,зимовка Саран,Сараң қыстауы
353655511,NK RK 11-2025,settlement,2,зимовка Терешокы,Терішоқы қыстауы
353659000,NK RK 11-2025,sub_district,2,Ортадересинский с.о.,Орта Дересін а.о.
353659100,NK RK 11-2025,settlement,2,с.Орта Дересин,Орта Дересін а.
353659102,NK RK 11-2025,settlement,2,с.Бас Дересин,Бас Дересін а.
353659103,NK RK 11-2025,settlement,2,Бригада 8,Бригада 8
353659105,NK RK 11-2025,settlement,2,зимовка Каработа,Қаработа қыстауы
353659106,NK RK 11-2025,settlement,2,зимовка Арнур,Арнұр қыстауы
353659107,NK RK 11-2025,settlement,2,зимовка Саламат,Саламат қыстауы
353659108,NK RK 11-2025,settlement,2,зимовка Токен,Төкен қыстауы
353659111,NK RK 11-2025,settlement,2,зимовка Айтас,Айтас қыстауы
353659112,NK RK 11-2025,settlement,2,зимовка Азат,Азат қыстауы
353659113,NK RK 11-2025,settlement,2,зимовка Нурбол,Нұрбол қыстауы
353659114,NK RK 11-2025,settlement,2,зимовка Шынгыс,Шыңғыс қыстауы
353659115,NK RK 11-2025,settlement,2,зимовка Бектауата,Бектауата қыстауы
353659116,NK RK 11-2025,settlement,2,зимовка Тик Шокы,Тік Шоқы қыстауы
353659117,NK RK 11-2025,settlement,2,зимовка Коныр Кулджа,Коныр Кулджа қыстауы
353659200,NK RK 11-2025,settlement,2,с.Акжайдак,Ақжайдақ а.
353659202,NK RK 11-2025,settlement,2,с.Акулен,Ақөлең а.
353659500,NK RK 11-2025,settlement,2,ст.Орта Дересин,Орта Дересін ст.
353663000,NK RK 11-2025,sub_district,2,Сарытерекский с.о.,Сарытерек а.о.
353663100,NK RK 11-2025,settlement,2,с.Сарытерек,Сарытерек а.
353663103,NK RK 11-2025,settlement,2,зимовка Байкозы,Байқозы қыстауы
353663104,NK RK 11-2025,settlement,2,зимовка Бескора,Бесқора қыстауы
353663105,NK RK 11-2025,settlement,2,зимовка Каракозы,Қарақозы қыстауы
353663106,NK RK 11-2025,settlement,2,зимовка Карашилик,Қарашылық қыстауы
353663107,NK RK 11-2025,settlement,2,зимовка Койтас,Қойтас қыстауы
353663108,NK RK 11-2025,settlement,2,зимовка Коске,Қоске қыстауы
353663109,NK RK 11-2025,settlement,2,зимовка Майбулак,Майбұлақ қыстауы
353663111,NK RK 11-2025,settlement,2,зимовка Улкен Аксай,Үлкен Ақсай қыстауы
353663200,NK RK 11-2025,settlement,2,с.Актумсык,Ақтұмсық а.
353663202,NK RK 11-2025,settlement,2,зимовка Аксай,Ақсай қыстауы
353663203,NK RK 11-2025,settlement,2,зимовка Алибек,Әлібек қыстауы
353663204,NK RK 11-2025,settlement,2,зимовка Достар,Достар қыстауы
353663206,NK RK 11-2025,settlement,2,зимовка Койкелди,Қойкелді қыстауы
353663208,NK RK 11-2025,settlement,2,зимовка Самал,Самал қыстауы
353663209,NK RK 11-2025,settlement,2,зимовка Узынбулак,Ұзынбұлақ  қыстауы
353663211,NK RK 11-2025,settlement,2,зимовка  Каракия,Қарақия қыстауы
353663212,NK RK 11-2025,settlement,2,зимовка Карабауыр,Қарабауыр қыстауы
353663300,NK RK 11-2025,settlement,2,с.Жетымшокы,Жетімшоқы а.
353663302,NK RK 11-2025,settlement,2,зимовка Киши Аксай,Кіші Ақсай қыстауы
353663303,NK RK 11-2025,settlement,2,зимовка Кунгей,Күнгей қыстауы
353663304,NK RK 11-2025,settlement,2,зимовка Кызылжал,Қызылжал қыстауы
353663305,NK RK 11-2025,settlement,2,зимовка Каракемер,Қаракемер қыстауы
353663306,NK RK 11-2025,settlement,2,зимовка Карамула,Қарамола қыстауы
353663307,NK RK 11-2025,settlement,2,зимовка Каратал,Қаратал  қыстауы
353663308,NK RK 11-2025,settlement,2,зимовка Карашилик,Қарашелек қыстауы
353663309,NK RK 11-2025,settlement,2,зимовка Карашокы,Қарашоқы қыстауы
353663312,NK RK 11-2025,settlement,2,зимовка Ушимлик,Ушемлік қыстауы
353663315,NK RK 11-2025,settlement,2,зимовка Райымбек,Райымбек қыстауы
353663316,NK RK 11-2025,settlement,2,зимовка Карагула,Қарағұла қыстауы
353663317,NK RK 11-2025,settlement,2,зимовка Ушшилик,Үшшілік қыстауы
353663318,NK RK 11-2025,settlement,2,зимовка Коянкоз,Қоянкөз қыстауы
353663400,NK RK 11-2025,settlement,2,с.Кенели,Кенелі а.
353663402,NK RK 11-2025,settlement,2,зимовка Айыртас,Айыртас қыстауы
353663403,NK RK 11-2025,settlement,2,зимовка Акшагыл,Ақшағыл қыстауы
353663404,NK RK 11-2025,settlement,2,зимовка Акшокы,Ақшоқы қыстауы
353663405,NK RK 11-2025,settlement,2,зимовка Жанат,Жанат қыстауы
353663406,NK RK 11-2025,settlement,2,зимовка Кособа,Қособа қыстауы
353663407,NK RK 11-2025,settlement,2,зимовка Кызыл,Қызыл қыстауы
353663408,NK RK 11-2025,settlement,2,зимовка Майтас,Майтас қыстауы
353663409,NK RK 11-2025,settlement,2,зимовка Талдыбулак,Талдыбұлақ қыстауы
353663411,NK RK 11-2025,settlement,2,зимовка Шанай,Шанай қыстауы
353663412,NK RK 11-2025,settlement,2,зимовка Жумагул,Жұмағұл қыстауы
353663413,NK RK 11-2025,settlement,2,зимовка Шуленбай Аксайы,Шүленбай Ақсайы қыстауы
353663414,NK RK 11-2025,settlement,2,зимовка Шынырау,Шыңырау қыстауы
353667000,NK RK 11-2025,sub_district,2,Сарышаганская п.а.,Сарышаған к.ә.
353667100,NK RK 11-2025,settlement,2,п.Сарышаган,Сарышаған к.
353667102,NK RK 11-2025,settlement,2,ст.Весна,Весна ст.
353667103,NK RK 11-2025,settlement,2,ст.Новалы,Науалы ст.
353667104,NK RK 11-2025,settlement,2,ст.Коктас,Көктас ст.
353667105,NK RK 11-2025,settlement,2,ст.Каражингил,Қаражыңғыл ст.
353671000,NK RK 11-2025,sub_district,2,Тасаралский с.о.,Тасарал а.о.
353671100,NK RK 11-2025,settlement,2,с.Тасарал,Тасарал а.
353671102,NK RK 11-2025,settlement,2,зимовка Акжолтай,Ақжолтай қыстауы
353671103,NK RK 11-2025,settlement,2,зимовка Асыл,Асыл қыстауы
353671104,NK RK 11-2025,settlement,2,зимовка Байдаулет,Байдаулет қыстауы
353671105,NK RK 11-2025,settlement,2,зимовка Жолдан,Жолдан қыстауы
353671106,NK RK 11-2025,settlement,2,зимовка Онбай,Оңбай қыстауы
353677000,NK RK 11-2025,sub_district,2,с.о. Шабанбай би,Шабанбай би а.о.
353677100,NK RK 11-2025,settlement,2,с.Шабанбай би,Шабанбай би а.
353677103,NK RK 11-2025,settlement,2,зимовка Керегетас,Керегетас қыстауы
353677105,NK RK 11-2025,settlement,2,зимовка Байсокбан,Байсоқбан қыстауы
353677106,NK RK 11-2025,settlement,2,зимовка Белтерек,Белтерек қыстауы
353677107,NK RK 11-2025,settlement,2,зимовка Жинишке,Жіңішке қыстауы
353677108,NK RK 11-2025,settlement,2,зимовка Куйгенсай,Күйгенсай қыстауы
353677109,NK RK 11-2025,settlement,2,зимовка Кунбет,Күнбет қыстауы
353677111,NK RK 11-2025,settlement,2,зимовка Байсултан,Байсұлтан қыстауы
353677112,NK RK 11-2025,settlement,2,зимовка Журымбай,Жұрымбай қыстауы
353677113,NK RK 11-2025,settlement,2,зимовка Каражал,Қаражал қыстауы
353677114,NK RK 11-2025,settlement,2,зимовка Кызылжал,Қызылжал қыстауы
353677200,NK RK 11-2025,settlement,2,с.Бегазы,Бегазы а.
353677202,NK RK 11-2025,settlement,2,зимовка Айыртас,Айыртас қыстауы
353677203,NK RK 11-2025,settlement,2,зимовка Аколке,Ақөлке қыстауы
353677206,NK RK 11-2025,settlement,2,зимовка Каратал,Қаратал қыстауы
353677207,NK RK 11-2025,settlement,2,зимовка Карашокы,Қарашоқы қыстауы
353677208,NK RK 11-2025,settlement,2,зимовка Монша,Монша қыстауы
353677209,NK RK 11-2025,settlement,2,зимовка Сарымантай,Сарымантай қыстауы
353677211,NK RK 11-2025,settlement,2,зимовка Серикбай,Серікбай қыстауы
353677214,NK RK 11-2025,settlement,2,зимовка Шубарозек,Шұбарөзек қыстауы
353677400,NK RK 11-2025,settlement,2,с.Касабай,Қасабай а.
353677402,NK RK 11-2025,settlement,2,зимовка Аккора,Аққора қыстауы
353677403,NK RK 11-2025,settlement,2,зимовка Аксай,Ақсай қыстауы
353677405,NK RK 11-2025,settlement,2,зимовка Кепели,Кепелі қыстауы
353677406,NK RK 11-2025,settlement,2,зимовка Карагандыозек,Қарағандыөзек қыстауы
353677408,NK RK 11-2025,settlement,2,зимовка Молдашилик,Молдашілік қыстауы
353677411,NK RK 11-2025,settlement,2,зимовка Шокпартас,Шоқпартас қыстауы
353677500,NK RK 11-2025,settlement,2,с.Сона,Сона а.
353677507,NK RK 11-2025,settlement,2,зимовка Караша,Қараша қыстауы
353677512,NK RK 11-2025,settlement,2,зимовка Ракыш,Рақыш қыстауы
353677513,NK RK 11-2025,settlement,2,зимовка Тогызбай,Тоғызбай қыстауы
353677514,NK RK 11-2025,settlement,2,зимовка Шоладыр,Шөладыр қыстауы
353679000,NK RK 11-2025,sub_district,2,Шашубайская п.а.,Шәшубай к.ә.
353679100,NK RK 11-2025,settlement,2,п.Шашубай,Шәшубай к.
354000000,NK RK 11-2025,district,2,Бухар-Жырауский район,Бұқар жырау ауданы
354030000,NK RK 11-2025,sub_district,2,Ботакаринская п.а.,Ботоқара к.ә.
354030100,NK RK 11-2025,settlement,2,п.Ботакара,Ботақара к.
354030200,NK RK 11-2025,settlement,2,ст.Ботакара,Ботақара ст.
354031000,NK RK 11-2025,sub_district,2,Зеленобалковский с.о.,Зеленобалка а.о.
354031100,NK RK 11-2025,settlement,2,с.Доскей  ауылы,Доскей ауылы а.
354031102,NK RK 11-2025,settlement,2,с.Аккудук,Аққұдық а.
354031400,NK RK 11-2025,settlement,2,с.Трудовое,Трудовое а.
354033000,NK RK 11-2025,sub_district,2,Акоринская с.а.,Ақөре а.ә.
354033100,NK RK 11-2025,settlement,2,с.Акоре,Ақөре а.
354033107,NK RK 11-2025,settlement,2,с.Косшокы,Қосшоқы а.
354033113,NK RK 11-2025,settlement,2,с.Шатан,Шатан а.
354035000,NK RK 11-2025,sub_district,2,Актобинский с.о.,Ақтөбе а.о.
354035100,NK RK 11-2025,settlement,2,с.Актобе,Ақтөбе а.
354035200,NK RK 11-2025,settlement,2,с.Интумак,Ынтымақ а.
354037000,NK RK 11-2025,sub_district,2,Умуткерский с.о.,Үміткер а.о.
354037100,NK RK 11-2025,settlement,2,с.Умуткер,Үміткер а.
354037200,NK RK 11-2025,settlement,2,с.Тортколь,Төрткөл а.
354037300,NK RK 11-2025,settlement,2,с.Ульга,Үлгі а.
354039000,NK RK 11-2025,sub_district,2,Кызылкаинский с.о.,Қызылқайың а.о.
354039100,NK RK 11-2025,settlement,2,с.Кызылкайын,Қызылқайың а.
354039200,NK RK 11-2025,settlement,2,с.Саратовка,Саратовка а.
354039300,NK RK 11-2025,settlement,2,с.Тасаул,Тасауыл а.
354041000,NK RK 11-2025,sub_district,2,Ботакаринская с.а.,Ботақара а.ә.
354041100,NK RK 11-2025,settlement,2,с.Ботакара,Ботақара а.
354043000,NK RK 11-2025,sub_district,2,Бухар-Жырау с.о.,Бұқар жырау а.о.
354043100,NK RK 11-2025,settlement,2,с.Бухар-Жырау,Бұқар жырау а.
354043200,NK RK 11-2025,settlement,2,с.Семизбуга,Семізбұға а.
354043300,NK RK 11-2025,settlement,2,с.Шалкар,Шалқар а.
354045000,NK RK 11-2025,sub_district,2,Гагаринский с.о.,Гагарин а.о.
354045100,NK RK 11-2025,settlement,2,с.Гагаринское,Гагаринское а.
354045200,NK RK 11-2025,settlement,2,с.Садовое,Садовое а.
354047000,NK RK 11-2025,sub_district,2,с.о.Керней,Керней а.о.
354047100,NK RK 11-2025,settlement,2,с.Керней,Керней а.
354047200,NK RK 11-2025,settlement,2,с.Акжар,Ақжар а.
354047300,NK RK 11-2025,settlement,2,с.Алгабас,Алғабас а.
354051000,NK RK 11-2025,sub_district,2,Молодецкая с.а.,Молодецкая а.ә.
354051100,NK RK 11-2025,settlement,2,с.Жанаталап,Жаңаталап а.
354053000,NK RK 11-2025,sub_district,2,Кокпектинский с.о.,Көкпекті а.о.
354053100,NK RK 11-2025,settlement,2,с.Кокпекты,Көкпекті а.
354053200,NK RK 11-2025,settlement,2,с.Байкадам,Байқадам а.
354053300,NK RK 11-2025,settlement,2,с.Сарытобе,Сарытөбе а.
354055000,NK RK 11-2025,sub_district,2,Тогузкудукский с.о.,Тоғызқұдық а.о.
354055100,NK RK 11-2025,settlement,2,с.Тогызкудук,Тоғызқұдық а.
354055300,NK RK 11-2025,settlement,2,с.Тасшокы,Тасшоқы а.
354055305,NK RK 11-2025,settlement,2,с.Плотинное,Плотинное а.
354057000,NK RK 11-2025,sub_district,2,Каражарский с.о.,Қаражар а.о.
354057100,NK RK 11-2025,settlement,2,с.Каражар,Қаражар а.
354057200,NK RK 11-2025,settlement,2,с.Асыл,Асыл а.
354057300,NK RK 11-2025,settlement,2,с.Волковское,Волковское а.
354057400,NK RK 11-2025,settlement,2,с.Геологическое,Геологическое а.
354059000,NK RK 11-2025,sub_district,2,Каракудукская с.а.,Қарақұдық а.ә.
354059100,NK RK 11-2025,settlement,2,с.Каракудук,Қарақұдық а.
354059105,NK RK 11-2025,settlement,2,с.Жалгызкудук,Жалғызқұдық а.
354059107,NK RK 11-2025,settlement,2,с.Кумыскудук,Күмісқұдық а.
354061000,NK RK 11-2025,sub_district,2,Кушокынская п.а.,Қушоқы к.ә.
354061100,NK RK 11-2025,settlement,2,п.Кушокы,Қушоқы к.
354063000,NK RK 11-2025,sub_district,2,Самаркандский с.о.,Самарқант а.о.
354063100,NK RK 11-2025,settlement,2,с.Самарканд,Самарқант а.
354063200,NK RK 11-2025,settlement,2,с.Тегизжол,Тегісжол а.
354063300,NK RK 11-2025,settlement,2,с.Чкалово,Чкалово а.
354065000,NK RK 11-2025,sub_district,2,Новоузенский с.о.,Новоузен а.о.
354065100,NK RK 11-2025,settlement,2,с.Новоузенка,Новоузенка а.
354065103,NK RK 11-2025,settlement,2,ст.Тегисжол,Тегісжол ст.
354065200,NK RK 11-2025,settlement,2,с.Севан,Севан а.
354065300,NK RK 11-2025,settlement,2,с.Стан,Стан а.
354067000,NK RK 11-2025,sub_district,2,Петровский с.о.,Петров а.о.
354067100,NK RK 11-2025,settlement,2,с.Петровка,Петровка а.
354067107,NK RK 11-2025,settlement,2,с.Чайлы,Шәйлі а.
354067200,NK RK 11-2025,settlement,2,с.Жанакала,Жаңақала а.
354067300,NK RK 11-2025,settlement,2,с.Жастилек,Жастілек а.
354069000,NK RK 11-2025,sub_district,2,с.о. Баймырза,Баймырза а.о.
354069100,NK RK 11-2025,settlement,2,с.Баймырза,Баймырза а.
354069200,NK RK 11-2025,settlement,2,с.Астаховка,Астаховка а.
354071000,NK RK 11-2025,sub_district,2,Шешенкаринский с.о.,Шешенқара а.о.
354071100,NK RK 11-2025,settlement,2,с.Шешенкара,Шешенқара а.
354071105,NK RK 11-2025,settlement,2,с.Уштау,Үштау а.
354071200,NK RK 11-2025,settlement,2,с.Ашису,Ащысу а.
354073000,NK RK 11-2025,sub_district,2,Акбелский с.о.,Ақбел а.о.
354073100,NK RK 11-2025,settlement,2,с.Акбел,Ақбел а.
354073200,NK RK 11-2025,settlement,2,с.Алабас,Алабас а.
354073300,NK RK 11-2025,settlement,2,с.Курама,Құрама а.
354075000,NK RK 11-2025,sub_district,2,Ростовский с.о.,Ростов а.о.
354075100,NK RK 11-2025,settlement,2,с.Ростовка,Ростовка а.
354075200,NK RK 11-2025,settlement,2,с.Красная Нива,Красная Нива а.
354075300,NK RK 11-2025,settlement,2,с.Кызылжар,Қызылжар а.
354077000,NK RK 11-2025,sub_district,2,Центральный с.о.,Центральный а.о.
354077100,NK RK 11-2025,settlement,2,с.Центральное,Центральное а.
354077200,NK RK 11-2025,settlement,2,с.Урожайное,Урожайное а.
354079000,NK RK 11-2025,sub_district,2,Суыксуская с.а.,Суықсу а.ә.
354079100,NK RK 11-2025,settlement,2,с.Суыксу,Суықсу а.
354081000,NK RK 11-2025,sub_district,2,Габиден Мустафинская п.а.,Ғабиден Мұстафин к.ә.
354081100,NK RK 11-2025,settlement,2,п.Габидена Мустафина,Ғабиден Мұстафин к.
354083000,NK RK 11-2025,sub_district,2,с.о. Тузды,Тұзды а.о.
354083100,NK RK 11-2025,settlement,2,с.Тузды,Тұзды а.
354083200,NK RK 11-2025,settlement,2,с.Старая Тузда,Көнетұзды а.
354083300,NK RK 11-2025,settlement,2,с.Первое Мая,Первое Мая а.
354083400,NK RK 11-2025,settlement,2,с.Жанаауыл,Жаңаауыл а.
354087000,NK RK 11-2025,sub_district,2,Уштобинский с.о.,Үштөбе а.о.
354087100,NK RK 11-2025,settlement,2,с.Уштобе,Үштөбе а.
354087300,NK RK 11-2025,settlement,2,с.Сарыарқа,Сарыарқа а.
354087400,NK RK 11-2025,settlement,2,с.Курылус,Құрылыс а.
354087403,NK RK 11-2025,settlement,2,с.Акжар,Ақжар а.
354087500,NK RK 11-2025,settlement,2,с.Сокурское,Сокурское а.
354087600,NK RK 11-2025,settlement,2,с.Атамекен,Атамекен а.
354089000,NK RK 11-2025,sub_district,2,Белагашский с.о.,Белағаш а.о.
354089100,NK RK 11-2025,settlement,2,с.Белагаш,Белағаш а.
354089107,NK RK 11-2025,settlement,2,с.Ташик,Ташық а.
354089200,NK RK 11-2025,settlement,2,с.Аюлы,Аюлы а.
354800000,NK RK 11-2025,district,4,Каркаралинский район,Қарқаралы ауданы
354820100,NK RK 11-2025,settlement,1,г.Каркаралинск,Қарқаралы қ.
354831000,NK RK 11-2025,sub_district,2,Абайский с.о.,Абай а.о.
354831100,NK RK 11-2025,settlement,2,с.Айнабулак,Айнабұлақ а.
354831102,NK RK 11-2025,settlement,2,зимовка Айыртас,Айыртас қыстауы
354831103,NK RK 11-2025,settlement,2,зимовка Иманкуль,Иманкұл қыстауы
354831104,NK RK 11-2025,settlement,2,зимовка Кулшыагаш,Күлшыағаш қыстауы
354831106,NK RK 11-2025,settlement,2,зимовка Ракымжан,Рақымжан қыстауы
354831109,NK RK 11-2025,settlement,2,зимовка Ортабаз,Ортабаз қыстауы
354831111,NK RK 11-2025,settlement,2,зимовка Узынбулак,Ұзынбұлақ қыстауы
354831115,NK RK 11-2025,settlement,2,зимовка Шынтемир,Шынтемір қыстауы
354831119,NK RK 11-2025,settlement,2,зимовка Шынтемир-2,Шынтемір-2 қыстауы
354831121,NK RK 11-2025,settlement,2,с.Токай,Тоқай а.
354831300,NK RK 11-2025,settlement,2,с.Мыржык,Мыржық а.
354833000,NK RK 11-2025,sub_district,2,с.о. Мади,Мәди а.о.
354833100,NK RK 11-2025,settlement,2,с.Айрык,Айрық а.
354833102,NK RK 11-2025,settlement,2,зимовка Азберген,Азберген қыстауы
354833114,NK RK 11-2025,settlement,2,зимовка Тайшабазы,Тайшабазы қыстауы
354833300,NK RK 11-2025,settlement,2,с.Едрей,Едрей а.
354833305,NK RK 11-2025,settlement,2,зимовка Жанабаз,Жанабаз қыстауы
354837000,NK RK 11-2025,sub_district,2,Аманжоловский с.о.,Аманжолов а.о
354837100,NK RK 11-2025,settlement,2,с.Талды,Талды а.
354837102,NK RK 11-2025,settlement,2,Кордон Болпан,Болпан шекарасы
354837103,NK RK 11-2025,settlement,2,Бригада 9,Бригада 9
354837104,NK RK 11-2025,settlement,2,Кордон Жанган,Жанған шекарасы
354837106,NK RK 11-2025,settlement,2,зимовка Жылысай,Жылысай қыстауы
354837107,NK RK 11-2025,settlement,2,Кордон Караагаш,Қараағаш шекарасы
354837115,NK RK 11-2025,settlement,2,зимовка Айнабулак,Айнабұлақ қыстауы
354837200,NK RK 11-2025,settlement,2,с.Акбай-Кызылбай,Ақбай-Қызылбай а.
354837203,NK RK 11-2025,settlement,2,зимовка Есдаулет,Есдәулет қыстауы
354837206,NK RK 11-2025,settlement,2,зимовка Кенсай,Кеңсай қыстауы
354837208,NK RK 11-2025,settlement,2,зимовка Койтас,Қойтас қыстауы
354837209,NK RK 11-2025,settlement,2,зимовка Котыр,Қотыр қыстауы
354837211,NK RK 11-2025,settlement,2,зимовка Кусмурын,Құсмұрын қыстауы
354837212,NK RK 11-2025,settlement,2,зимовка Омирбек,Өмірбек қыстауы
354837213,NK RK 11-2025,settlement,2,зимовка Сарытумсык,Сарытұмсық қыстауы
354837215,NK RK 11-2025,settlement,2,зимовка Трагай,Трагай қыстауы
354837300,NK RK 11-2025,settlement,2,с.Аккора,Аққора а.
354837303,NK RK 11-2025,settlement,2,зимовка Алиаскар,Алиасқар қыстауы
354837304,NK RK 11-2025,settlement,2,зимовка Бабеке,Бабеке қыстауы
354837307,NK RK 11-2025,settlement,2,зимовка Кокбет,Көкбет қыстауы
354837308,NK RK 11-2025,settlement,2,зимовка Комекбай,Көмекбай қыстауы
354837311,NK RK 11-2025,settlement,2,зимовка Никанбай,Ніқанбай қыстауы
354837314,NK RK 11-2025,settlement,2,зимовка Туяк,Тұяқ қыстауы
354837315,NK RK 11-2025,settlement,2,зимовка Уштобе,Үштөбе қыстауы
354837316,NK RK 11-2025,settlement,2,зимовка Шатагаш,Шатағаш қыстауы
354837400,NK RK 11-2025,settlement,2,с.Белдеутас,Белдеутас а.
354837402,NK RK 11-2025,settlement,2,зимовка Айтжан,Айтжан қыстауы
354837406,NK RK 11-2025,settlement,2,зимовка Майлы,Майлы қыстауы
354837409,NK RK 11-2025,settlement,2,зимовка Тындыбай,Тындыбай қыстауы
354837500,NK RK 11-2025,settlement,2,с.Сарыобалы,Сарыобалы а.
354837503,NK RK 11-2025,settlement,2,зимовка Калактас,Қалақтас қыстауы
354837504,NK RK 11-2025,settlement,2,зимовка Карагунгей,Қарагүнгей қыстауы
354837506,NK RK 11-2025,settlement,2,зимовка Косбулак,Қосбұлақ қыстауы
354837507,NK RK 11-2025,settlement,2,зимовка Курылыс,Құрылыс қыстауы
354837508,NK RK 11-2025,settlement,2,зимовка Кызылсоран,Қызылсораң қыстауы
354837509,NK RK 11-2025,settlement,2,зимовка Озен,Өзен қыстауы
354837511,NK RK 11-2025,settlement,2,зимовка Сиыркетпес,Сиыркетпес қыстауы
354837512,NK RK 11-2025,settlement,2,зимовка Тайыр,Тайыр қыстауы
354837513,NK RK 11-2025,settlement,2,зимовка Тленши,Тіленші қыстауы
354837514,NK RK 11-2025,settlement,2,зимовка Карамола,Қарамола қыстауы
354837515,NK RK 11-2025,settlement,2,зимовка Конырат,Қоңырат қыстауы
354839000,NK RK 11-2025,sub_district,2,с.о.Таттимбет,Тәттімбет а.о.
354839100,NK RK 11-2025,settlement,2,с.Актасты,Ақтасты а.
354839105,NK RK 11-2025,settlement,2,с.Тасшокы,Тасшоқы а.
354839106,NK RK 11-2025,settlement,2,зимовка Амре,Әміре қыстауы
354839107,NK RK 11-2025,settlement,2,зимовка Бапалак,Бапалақ қыстауы
354839108,NK RK 11-2025,settlement,2,зимовка Баубек,Баубек қыстауы
354839109,NK RK 11-2025,settlement,2,зимовка Колбулак,Көлбұлақ қыстауы
354839111,NK RK 11-2025,settlement,2,зимовка Кирбай,Қиырбай қыстауы
354839112,NK RK 11-2025,settlement,2,зимовка Майтан,Майтан қыстауы
354839113,NK RK 11-2025,settlement,2,зимовка Мусиреп,Мүсіреп қыстауы
354839114,NK RK 11-2025,settlement,2,зимовка Рахимбай,Рахымбай қыстауы
354839115,NK RK 11-2025,settlement,2,зимовка Сарсенбай,Сарсенбай қыстауы
354839116,NK RK 11-2025,settlement,2,зимовка Сарыолен,Сарыөлең қыстауы
354839117,NK RK 11-2025,settlement,2,зимовка Сарытобе,Сарытөбе қыстауы
354839118,NK RK 11-2025,settlement,2,зимовка Шалакыз,Шалақыз қыстауы
354839119,NK RK 11-2025,settlement,2,зимовка Шубарбулак,Шұбарбұлақ қыстауы
354839300,NK RK 11-2025,settlement,2,с.Шилдебай,Шілдебай а.
354839302,NK RK 11-2025,settlement,2,зимовка Абден,Әбден қыстауы
354839303,NK RK 11-2025,settlement,2,зимовка Абдрахман,Әбдірахман қыстауы
354839304,NK RK 11-2025,settlement,2,зимовка Атеби,Әтеби қыстауы
354839307,NK RK 11-2025,settlement,2,зимовка Карабулак,Қарабұлақ қыстауы
354839311,NK RK 11-2025,settlement,2,зимовка Кулмаганбет,Құлмағанбет қыстауы
354839312,NK RK 11-2025,settlement,2,зимовка Нурсейт,Нұрсейіт қыстауы
354839313,NK RK 11-2025,settlement,2,зимовка Омирбек,Өмірбек қыстауы
354839314,NK RK 11-2025,settlement,2,зимовка Тогизжигит,Тоғызжігіт қыстауы
354843000,NK RK 11-2025,sub_district,2,Бактинский с.о.,Бақты а.о.
354843100,NK RK 11-2025,settlement,2,с.Бакты,Бақты а.
354843103,NK RK 11-2025,settlement,2,зимовка Азыхан,Азыхан қыстауы
354843111,NK RK 11-2025,settlement,2,зимовка Ешкиолмес,Ешкіөлмес қыстауы
354843112,NK RK 11-2025,settlement,2,с.Талдыбай,Талдыбай а.
354843113,NK RK 11-2025,settlement,2,зимовка Батылхан,Батылхан қыстауы
354843114,NK RK 11-2025,settlement,2,зимовка Бейсеке,Бейсеке қыстауы
354843115,NK RK 11-2025,settlement,2,зимовка Бессары,Бессары қыстауы
354843116,NK RK 11-2025,settlement,2,зимовка Болемес,Бөлемес қыстауы
354843117,NK RK 11-2025,settlement,2,зимовка Кененбай,Кененбай қыстауы
354843118,NK RK 11-2025,settlement,2,зимовка Казахстан,Қазақстан қыстауы
354843119,NK RK 11-2025,settlement,2,зимовка Копплан,Көпплан қыстауы
354843121,NK RK 11-2025,settlement,2,зимовка Махмет,Махмет қыстауы
354843122,NK RK 11-2025,settlement,2,зимовка Молдахан,Молдахан қыстауы
354843123,NK RK 11-2025,settlement,2,зимовка Моншак,Моншақ қыстауы
354843124,NK RK 11-2025,settlement,2,зимовка Сарт,Сарт қыстауы
354843125,NK RK 11-2025,settlement,2,зимовка Талдыбай 2,Талдыбай 2 қыстауы
354843200,NK RK 11-2025,settlement,2,с.Абыз,Абыз а.
354843215,NK RK 11-2025,settlement,2,зимовка Айнабулак,Айнабұлақ қыстауы
354843219,NK RK 11-2025,settlement,2,зимовка Бопы,Бопы қыстауы
354843222,NK RK 11-2025,settlement,2,зимовка Казанбас,Қазанбас қыстауы
354843224,NK RK 11-2025,settlement,2,зимовка Конакай,Қонақай қыстауы
354843229,NK RK 11-2025,settlement,2,зимовка Мейрамбай,Мейрамбай қыстауы
354843235,NK RK 11-2025,settlement,2,зимовка Шалжан,Шалжан қыстауы
354843400,NK RK 11-2025,settlement,2,с.Шолаккайын,Шолаққайың а.
354843403,NK RK 11-2025,settlement,2,зимовка Аралбай,Аралбай қыстауы
354843404,NK RK 11-2025,settlement,2,зимовка Аркалык,Арқалық қыстауы
354843405,NK RK 11-2025,settlement,2,зимовка Богенбай,Бөгенбай қыстауы
354843407,NK RK 11-2025,settlement,2,зимовка Кара,Қара қыстауы
354843409,NK RK 11-2025,settlement,2,кр.хоз Максат,Мақсат шарқож
354843411,NK RK 11-2025,settlement,2,зимовка Мейирхан,Мейірхан қыстауы
354843413,NK RK 11-2025,settlement,2,зимовка Рымхан,Рымхан қыстауы
354843416,NK RK 11-2025,settlement,2,кр.хоз Шунгултай,Шүнгүлтай шарқож
354845000,NK RK 11-2025,sub_district,2,с.о.Балкантау,Балқантау а.о.
354845100,NK RK 11-2025,settlement,2,с.Карабулак,Қарабұлақ а.
354845102,NK RK 11-2025,settlement,2,зимовка Акбиик,Ақбиік қыстауы
354845106,NK RK 11-2025,settlement,2,зимовка Акын,Ақын қыстауы
354845111,NK RK 11-2025,settlement,2,зимовка Жумагуль,Жұмагүл қыстауы
354845113,NK RK 11-2025,settlement,2,зимовка Конеккара,Көнекқара қыстауы
354845115,NK RK 11-2025,settlement,2,зимовка Каратулки,Қаратүлкі қыстауы
354845117,NK RK 11-2025,settlement,2,зимовка Онак,Онақ қыстауы
354845119,NK RK 11-2025,settlement,2,зимовка Суржал,Сұржал қыстауы
354845121,NK RK 11-2025,settlement,2,зимовка Центр 1,Орталық 1 қыстауы
354845123,NK RK 11-2025,settlement,2,Бригада 4,Бригада 4
354845125,NK RK 11-2025,settlement,2,с.Талды,Талды а.
354845126,NK RK 11-2025,settlement,2,зимовка Алтай,Алтай қыстауы
354845127,NK RK 11-2025,settlement,2,зимовка Кызылколь,Қызылкөл қыстауы
354845128,NK RK 11-2025,settlement,2,зимовка Талды,Талды қыстауы
354845129,NK RK 11-2025,settlement,2,зимовка Шоткара,Шотқара қыстауы
354845131,NK RK 11-2025,settlement,2,зимовка Атибай,Атыбай қыстауы
354845132,NK RK 11-2025,settlement,2,зимовка Асылбек,Асылбек қыстауы
354845133,NK RK 11-2025,settlement,2,зимовка Карабулак,Қарабұлақ қыстауы
354845200,NK RK 11-2025,settlement,2,с.Айнабулак,Айнабұлақ а.
354845202,NK RK 11-2025,settlement,2,зимовка Айдарлы,Айдарлы қыстауы
354845203,NK RK 11-2025,settlement,2,зимовка Айнабулак,Айнабұлақ қыстауы
354845204,NK RK 11-2025,settlement,2,зимовка Буркитты,Бүркітты қыстауы
354845207,NK RK 11-2025,settlement,2,зимовка Жырыккудук,Жырыққұдық қыстауы
354845209,NK RK 11-2025,settlement,2,зимовка Кызылкайын,Қызылқайың қыстауы
354845213,NK RK 11-2025,settlement,2,зимовка Майдан,Майдан қыстауы
354845217,NK RK 11-2025,settlement,2,зимовка Тасоткель,Тасөткел қыстауы
354845218,NK RK 11-2025,settlement,2,зимовка Бирман,Бірман қыстауы
354845219,NK RK 11-2025,settlement,2,зимовка Койтас,Қойтас қыстауы
354847000,NK RK 11-2025,sub_district,2,Бесобинский с.о.,Бесоба а.о.
354847100,NK RK 11-2025,settlement,2,с.Бесоба,Бесоба а.
354847103,NK RK 11-2025,settlement,2,зимовка Аксары,Ақсары қыстауы
354847105,NK RK 11-2025,settlement,2,зимовка Досан,Досан қыстауы
354847106,NK RK 11-2025,settlement,2,с.Камкор,Қамқор а.
354847109,NK RK 11-2025,settlement,2,зимовка Акжал,Ақжал қыстауы
354847111,NK RK 11-2025,settlement,2,зимовка Сарыжал,Сарыжал қыстауы
354847113,NK RK 11-2025,settlement,2,зимовка Сенгир,Сеңгір қыстауы
354847115,NK RK 11-2025,settlement,2,зимовка Туменбай,Түменбай қыстауы
354847300,NK RK 11-2025,settlement,2,с.Карашокы,Қарашоқы а.
354847303,NK RK 11-2025,settlement,2,зимовка Бекшокы,Бекшоқы қыстауы
354847307,NK RK 11-2025,settlement,2,зимовка Мыншурык,Мыңшұрық қыстауы
354847400,NK RK 11-2025,settlement,2,с.Кызылту,Қызылту а.
354847404,NK RK 11-2025,settlement,2,зимовка Дон,Дон қыстауы
354847406,NK RK 11-2025,settlement,2,зимовка Толеубай,Төлеубай қыстауы
354847407,NK RK 11-2025,settlement,2,зимовка Тулкили 1,Түлкілі 1 қыстауы
354847408,NK RK 11-2025,settlement,2,зимовка Акпан,Ақпан қыстауы
354847409,NK RK 11-2025,settlement,2,зимовка Тулкили 2,Түлкілі 2 қыстауы
354847411,NK RK 11-2025,settlement,2,зимовка Ушбулак,Үшбұлақ қыстауы
354847412,NK RK 11-2025,settlement,2,зимовка Тулкили,Түлкілі қыстауы
354851000,NK RK 11-2025,sub_district,2,Егиндыбулакский с.о.,Егіндібұлақ а.о.
354851100,NK RK 11-2025,settlement,2,с.Егиндыбулак,Егіндібұлақ а.
354851104,NK RK 11-2025,settlement,2,зимовка Базкей,Бәзкей қыстауы
354851107,NK RK 11-2025,settlement,2,зимовка Тортуй,Төртүй қыстауы
354853000,NK RK 11-2025,sub_district,2,с.о.Нуркена Абдирова,Нұркен Әбдіров а.о.
354853100,NK RK 11-2025,settlement,2,с.Жарлы,Жарлы а.
354853200,NK RK 11-2025,settlement,2,с.Акшокы,Ақшоқы а.
354853202,NK RK 11-2025,settlement,2,зимовка старый Нуркен,Ескі Нұркен қыстауы
354853204,NK RK 11-2025,settlement,2,зимовка Сарыжайлау,Сарыжайлау қыстауы
354853205,NK RK 11-2025,settlement,2,зимовка Шотбай,Шотбай қыстауы
354853300,NK RK 11-2025,settlement,2,с.Жекежал,Жекежал а.
354853302,NK RK 11-2025,settlement,2,зимовка Актопырак,Ақтопырақ қыстауы
354853303,NK RK 11-2025,settlement,2,зимовка Аршалы,Аршалы қыстауы
354853304,NK RK 11-2025,settlement,2,зимовка Караби,Қараби қыстауы
354853305,NK RK 11-2025,settlement,2,зимовка Кондыбай,Қондыбай қыстауы
354853306,NK RK 11-2025,settlement,2,зимовка Копа,Қопа қыстауы
354853307,NK RK 11-2025,settlement,2,зимовка Нокеш,Нокеш қыстауы
354853308,NK RK 11-2025,settlement,2,зимовка Шонай,Шонай қыстауы
354853312,NK RK 11-2025,settlement,2,зимовка Бакытбулак,Бақытбұлақ қыстауы
354853313,NK RK 11-2025,settlement,2,зимовка Кузеуадыр,Күзеуадыр қыстауы
354853314,NK RK 11-2025,settlement,2,зимовка Кызылсиыр,Қызылсиыр қыстауы
354853315,NK RK 11-2025,settlement,2,зимовка Торкора,Торқора қыстауы
354855000,NK RK 11-2025,sub_district,2,Жанатоганский с.о.,Жаңатоған а.о.
354855100,NK RK 11-2025,settlement,2,с.Жанатоган,Жаңатоған а.
354855103,NK RK 11-2025,settlement,2,зимовка Балташ,Балташ қыстауы
354855104,NK RK 11-2025,settlement,2,зимовка Ботабай,Ботабай қыстауы
354855105,NK RK 11-2025,settlement,2,зимовка Дагар,Дағар қыстауы
354855106,NK RK 11-2025,settlement,2,зимовка Жанибек,Жәнібек қыстауы
354855108,NK RK 11-2025,settlement,2,зимовка Тунгат,Тұнғат қыстауы
354855109,NK RK 11-2025,settlement,2,зимовка Конысбай 2,Қонысбай 2 қыстауы
354855111,NK RK 11-2025,settlement,2,зимовка Кызылагаш,Қызылағаш қыстауы
354855112,NK RK 11-2025,settlement,2,зимовка Кызылшокы,Қызылшоқы қыстауы
354855113,NK RK 11-2025,settlement,2,зимовка Огизтау,Өгізтау қыстауы
354855114,NK RK 11-2025,settlement,2,зимовка Смагул,Смағул қыстауы
354855115,NK RK 11-2025,settlement,2,зимовка Сыбай,Сыбай қыстауы
354855123,NK RK 11-2025,settlement,2,зимовка Казанбай,Қазанбай қыстауы
354855125,NK RK 11-2025,settlement,2,зимовка Кестелитас 1,Кестелітас 1 қыстауы
354855126,NK RK 11-2025,settlement,2,зимовка Кестелитас 2,Кестелітас 2 қыстауы
354855200,NK RK 11-2025,settlement,2,с.Ежебай,Ежебай а.
354855202,NK RK 11-2025,settlement,2,зимовка Абылай,Абылай қыстауы
354855203,NK RK 11-2025,settlement,2,зимовка Аккезен,Ақкезең қыстауы
354855204,NK RK 11-2025,settlement,2,зимовка Байдалы,Байдалы қыстауы
354855206,NK RK 11-2025,settlement,2,зимовка Жылысай,Жылысай қыстауы
354855207,NK RK 11-2025,settlement,2,зимовка Кенестас,Кеңестас қыстауы
354855209,NK RK 11-2025,settlement,2,зимовка Каратумсык,Қаратұмсық қыстауы
354855212,NK RK 11-2025,settlement,2,зимовка Елтолган,Елтолған қыстауы
354855214,NK RK 11-2025,settlement,2,зимовка Букаш,Бұқаш қыстауы
354861000,NK RK 11-2025,sub_district,2,Кайнарбулакский с.о.,Қайнарбұлақ а.о.
354861100,NK RK 11-2025,settlement,2,с.Аппаз,Аппаз а.
354861102,NK RK 11-2025,settlement,2,зимовка Иза,Иза қыстауы
354861103,NK RK 11-2025,settlement,2,зимовка Айыртас,Айыртас қыстауы
354861104,NK RK 11-2025,settlement,2,зимовка Акшолак,Ақшолақ қыстауы
354861105,NK RK 11-2025,settlement,2,зимовка Байбосын,Байбосын қыстауы
354861106,NK RK 11-2025,settlement,2,зимовка Бекиш,Бекіш қыстауы
354861107,NK RK 11-2025,settlement,2,зимовка Кулатай,Кұлатай қыстауы
354861108,NK RK 11-2025,settlement,2,зимовка Карабулак,Қарабұлақ қыстауы
354861109,NK RK 11-2025,settlement,2,зимовка Карашокы,Қарашоқы қыстауы
354861111,NK RK 11-2025,settlement,2,зимовка Отеу,Өтеу қыстауы
354861112,NK RK 11-2025,settlement,2,зимовка Станса 1,Станса 1 қыстауы
354861113,NK RK 11-2025,settlement,2,зимовка Станса 2,Станса 2 қыстауы
354861115,NK RK 11-2025,settlement,2,зимовка Токберген 1,Тоқберген 1 қыстауы
354861116,NK RK 11-2025,settlement,2,зимовка Токберген 2,Тоқберген 2 қыстауы
354861117,NK RK 11-2025,settlement,2,зимовка Ази,Ази қыстауы
354861200,NK RK 11-2025,settlement,2,с.Жалпакшилик,Жалпақшілік а.
354861202,NK RK 11-2025,settlement,2,зимовка Акдонгал,Ақдоңғал қыстауы
354861203,NK RK 11-2025,settlement,2,зимовка Актай,Ақтай қыстауы
354861204,NK RK 11-2025,settlement,2,зимовка Бауыр,Бауыр қыстауы
354861205,NK RK 11-2025,settlement,2,зимовка Коз,Көз қыстауы
354861206,NK RK 11-2025,settlement,2,зимовка Койтас,Қойтас қыстауы
354861207,NK RK 11-2025,settlement,2,зимовка Турманбет,Тұрманбет қыстауы
354861209,NK RK 11-2025,settlement,2,зимовка Карсенбай,Кәрсенбай қыстауы
354861211,NK RK 11-2025,settlement,2,зимовка Егиз-Булак,Егіз Бұлақ қыстауы
354861213,NK RK 11-2025,settlement,2,зимовка Сарыадыр,Сарыадыр қыстауы
354861215,NK RK 11-2025,settlement,2,зимовка Шанты,Шанты қыстауы
354861300,NK RK 11-2025,settlement,2,с.Милыбулак,Милыбұлақ а.
354861302,NK RK 11-2025,settlement,2,зимовка Айнабулак,Айнабұлақ қыстауы
354861303,NK RK 11-2025,settlement,2,зимовка Аттама,Аттама қыстауы
354861304,NK RK 11-2025,settlement,2,зимовка Байгоншек,Байгөншек қыстауы
354861305,NK RK 11-2025,settlement,2,зимовка Байке,Байке қыстауы
354861306,NK RK 11-2025,settlement,2,зимовка Бокан,Боқан қыстауы
354861307,NK RK 11-2025,settlement,2,зимовка Буркитши,Бүркітші қыстауы
354861308,NK RK 11-2025,settlement,2,зимовка Канкай,Қанқай қыстауы
354861309,NK RK 11-2025,settlement,2,зимовка Караолке,Қараөлке қыстауы
354861311,NK RK 11-2025,settlement,2,зимовка Мусабай,Мұсабай қыстауы
354861312,NK RK 11-2025,settlement,2,зимовка Сарышокы,Сарышоқы қыстауы
354861313,NK RK 11-2025,settlement,2,зимовка Тай,Тай қыстауы
354861315,NK RK 11-2025,settlement,2,зимовка Шайнекбай,Шәйнекбай қыстауы
354861317,NK RK 11-2025,settlement,2,зимовка Бижан,Бижан қыстауы
354861319,NK RK 11-2025,settlement,2,зимовка Волжанка,Волжанка қыстауы
354861400,NK RK 11-2025,settlement,2,с.Саз,Саз а.
354861402,NK RK 11-2025,settlement,2,зимовка Бекжан,Бекжан қыстауы
354861403,NK RK 11-2025,settlement,2,зимовка Бестамак,Бестамақ қыстауы
354861405,NK RK 11-2025,settlement,2,зимовка Елші 1,Елші 1 қыстауы
354861406,NK RK 11-2025,settlement,2,зимовка Елші 2,Елші 2 қыстауы
354861407,NK RK 11-2025,settlement,2,зимовка Жанаауыл 1,Жаңаауыл 1 қыстауы
354861408,NK RK 11-2025,settlement,2,зимовка Жанаауыл 2,Жаңаауыл 2 қыстауы
354861411,NK RK 11-2025,settlement,2,зимовка Калибек,Қалибек қыстауы
354861412,NK RK 11-2025,settlement,2,зимовка Каражал,Қаражал қыстауы
354861413,NK RK 11-2025,settlement,2,зимовка Килыбай,Қилыбай қыстауы
354861414,NK RK 11-2025,settlement,2,зимовка Койта,Қойта қыстауы
354861415,NK RK 11-2025,settlement,2,зимовка Мукалы,Мұқалы қыстауы
354861416,NK RK 11-2025,settlement,2,зимовка Садуакас,Сәдуакас қыстауы
354861417,NK RK 11-2025,settlement,2,зимовка Шаматай,Шаматай қыстауы
354863000,NK RK 11-2025,sub_district,2,Карагайлинская п.а.,Қарағайлы к.ә.
354863100,NK RK 11-2025,settlement,2,п.Карагайлы,Қарағайлы к.
354863300,NK RK 11-2025,settlement,2,с.Актерек,Ақтерек а.
354865000,NK RK 11-2025,sub_district,2,Каракольский с.о.,Қаракөл а.о.
354865100,NK RK 11-2025,settlement,2,с.Караколь,Қаракөл а.
354865103,NK RK 11-2025,settlement,2,зимовка Борлыбулак,Борлыбұлақ қыстауы
354865105,NK RK 11-2025,settlement,2,зимовка Рахимбай 1,Рахымбай 1 қыстауы
354867000,NK RK 11-2025,sub_district,2,Каршигалинский с.о.,Қаршығалы а.о.
354867100,NK RK 11-2025,settlement,2,с.Коктас,Көктас а.
354867103,NK RK 11-2025,settlement,2,зимовка Родилка,Родилка қыстауы
354867104,NK RK 11-2025,settlement,2,Молочная ферма,Сүтфермасы
354867105,NK RK 11-2025,settlement,2,Ферма 3,Ферма 3
354867106,NK RK 11-2025,settlement,2,зимовка Керегетас,Керегетас қыстауы
354867200,NK RK 11-2025,settlement,2,с.Новый Путь,Новый Путь а.
354867300,NK RK 11-2025,settlement,2,ст.Саумалколь,Саумалкөл ст.
354869000,NK RK 11-2025,sub_district,2,Киргизский с.о.,Қырғыз а.о.
354869100,NK RK 11-2025,settlement,2,с.Буркутты,Бүркітті а.
354869102,NK RK 11-2025,settlement,2,Кордон Айтбай,Айтбай шекарасы
354869103,NK RK 11-2025,settlement,2,зимовка Акбалаган 1,Ақбалаган 1 қыстауы
354869105,NK RK 11-2025,settlement,2,зимовка Аукей,Әукей қыстауы
354869108,NK RK 11-2025,settlement,2,Кордон Комиссаровка,Комиссаровка шекарасы
354869109,NK RK 11-2025,settlement,2,зимовка Карашокы,Қарашоқы қыстауы
354869111,NK RK 11-2025,settlement,2,зимовка Косбулак,Қосбұлақ қыстауы
354869112,NK RK 11-2025,settlement,2,Кордон Кызылкенши,Қызылкенші шекарасы
354869114,NK RK 11-2025,settlement,2,зимовка Сарыбулак,Сарыбұлақ қыстауы
354869115,NK RK 11-2025,settlement,2,зимовка Сарытау,Сарытау қыстауы
354869116,NK RK 11-2025,settlement,2,зимовка Ушбулак,Үшбұлақ қыстауы
354869117,NK RK 11-2025,settlement,2,зимовка Инкарбай,Інкәрбай қыстауы
354869121,NK RK 11-2025,settlement,2,зимовка Кешубай,Кешубай қыстауы
354869122,NK RK 11-2025,settlement,2,зимовка Акбалаган 2,Ақбалаган 2 қыстауы
354869200,NK RK 11-2025,settlement,2,с.Борлыбулак,Борлыбұлақ а.
354869300,NK RK 11-2025,settlement,2,с.Жанибек,Жәнібек а.
354869400,NK RK 11-2025,settlement,2,с.Кент,Кент а.
354869600,NK RK 11-2025,settlement,2,ст.Буркитты,Бүркітті ст.
354871000,NK RK 11-2025,sub_district,2,с.о. Коянды,Қоянды а.о.
354871100,NK RK 11-2025,settlement,2,с.Коянды,Қоянды а.
354871105,NK RK 11-2025,settlement,2,зимовка Актубек 3,Ақтүбек 3 қыстауы
354871116,NK RK 11-2025,settlement,2,зимовка Токпан,Тоқпан қыстауы
354871119,NK RK 11-2025,settlement,2,зимовка Корык,Қорық қыстауы
354871200,NK RK 11-2025,settlement,2,с.Атантай,Атантай а.
354873000,NK RK 11-2025,sub_district,2,с.о. Мартбек Мамыраев,Мартбек Мамыраев а.о.
354873100,NK RK 11-2025,settlement,2,с.Акжол,Ақжол а.
354873102,NK RK 11-2025,settlement,2,зимовка Айтыш,Айтыш қыстауы
354873103,NK RK 11-2025,settlement,2,зимовка Акбайпак,Ақбайпақ қыстауы
354873104,NK RK 11-2025,settlement,2,зимовка Батпакбай,Батпақбай қыстауы
354873106,NK RK 11-2025,settlement,2,зимовка Жанаконыс,Жаңақоныс қыстауы
354873109,NK RK 11-2025,settlement,2,зимовка Каражал,Қаражал қыстауы
354873111,NK RK 11-2025,settlement,2,зимовка Карасу,Қарасу қыстауы
354873112,NK RK 11-2025,settlement,2,зимовка Копа,Қопа қыстауы
354873114,NK RK 11-2025,settlement,2,зимовка Макай-Такай,Мақай-Тақай қыстауы
354873116,NK RK 11-2025,settlement,2,зимовка Сарытау,Сарытау қыстауы
354873117,NK RK 11-2025,settlement,2,зимовка Сиырлы,Сиырлы қыстауы
354873118,NK RK 11-2025,settlement,2,с.Беталыс,Беталыс а.
354873121,NK RK 11-2025,settlement,2,зимовка Баятар,Баятар қыстауы
354873123,NK RK 11-2025,settlement,2,зимовка Коспак,Қоспақ қыстауы
354873124,NK RK 11-2025,settlement,2,зимовка Кызылмола,Қызылмола қыстауы
354873125,NK RK 11-2025,settlement,2,зимовка Шанкоз,Шаңкөз қыстауы
354873300,NK RK 11-2025,settlement,2,с.Жананегиз,Жаңанегіз а.
354873302,NK RK 11-2025,settlement,2,зимовка Абиш,Әбіш қыстауы
354873303,NK RK 11-2025,settlement,2,зимовка Бабайбек,Бабайбек қыстауы
354873304,NK RK 11-2025,settlement,2,зимовка Болекбай,Бөлекбай қыстауы
354873306,NK RK 11-2025,settlement,2,зимовка Жыланды,Жыланды қыстауы
354873307,NK RK 11-2025,settlement,2,зимовка Карагайлы,Қарағайлы қыстауы
354873308,NK RK 11-2025,settlement,2,зимовка Каскырын,Қасқырін қыстауы
354873309,NK RK 11-2025,settlement,2,зимовка Кожахмет,Қожахмет қыстауы
354873311,NK RK 11-2025,settlement,2,зимовка Кызылагаш,Қызылағаш қыстауы
354873312,NK RK 11-2025,settlement,2,зимовка Макаш,Мақаш қыстауы
354873313,NK RK 11-2025,settlement,2,зимовка Чкалов,Чкалов қыстауы
354873314,NK RK 11-2025,settlement,2,зимовка Шегебай,Шегебай қыстауы
354873316,NK RK 11-2025,settlement,2,зимовка Шунгултай,Шүңгүлтай қыстауы
354875000,NK RK 11-2025,sub_district,2,с.о.Ныгмет Нурмаков,Нығмет Нұрмақов а.о.
354875100,NK RK 11-2025,settlement,2,с.Осибай,Өсібай а.
354875105,NK RK 11-2025,settlement,2,зимовка Жанабаз,Жаңабаз қыстауы
354875107,NK RK 11-2025,settlement,2,зимовка Сага,Саға қыстауы
354875108,NK RK 11-2025,settlement,2,зимовка Сауыт,Сауыт қыстауы
354875109,NK RK 11-2025,settlement,2,с.Догалан,Доғалан а.
354875300,NK RK 11-2025,settlement,2,с.Бастал,Бастал а.
354875302,NK RK 11-2025,settlement,2,зимовка Ахмет,Ахмет қыстауы
354875307,NK RK 11-2025,settlement,2,зимовка Айнабулак,Айнабұлақ қыстауы
354875309,NK RK 11-2025,settlement,2,зимовка Бекет,Бекет қыстауы
354875311,NK RK 11-2025,settlement,2,зимовка Имангали,Иманғали қыстауы
354875312,NK RK 11-2025,settlement,2,зимовка Карабиик,Қарабиік қыстауы
354875317,NK RK 11-2025,settlement,2,зимовка Коки,Көке қыстауы
354875327,NK RK 11-2025,settlement,2,зимовка Муздыбай,Мұздыбай қыстауы
354875500,NK RK 11-2025,settlement,2,с.Колбасы,Қолбасы а.
354875508,NK RK 11-2025,settlement,2,зимовка Ахмет,Ахмет қыстауы
354877000,NK RK 11-2025,sub_district,2,Тегисшилдикский с.о.,Тегісшілдік а.о.
354877100,NK RK 11-2025,settlement,2,с.Тегисшилдик,Тегісшілдік а.
354877104,NK RK 11-2025,settlement,2,зимовка Иманкул,Иманқұл қыстауы
354877105,NK RK 11-2025,settlement,2,Кордон Кендара,Кеңдара шекарасы
354877106,NK RK 11-2025,settlement,2,зимовка Карасу,Қарасу қыстауы
354877107,NK RK 11-2025,settlement,2,зимовка Колдасан,Қолдасан қыстауы
354877108,NK RK 11-2025,settlement,2,зимовка Таскотан,Таскотан қыстауы
354877111,NK RK 11-2025,settlement,2,Кордон Тонкерис,Төңкеріс шекарасы
354877112,NK RK 11-2025,settlement,2,зимовка Шокпартас,Шоқпартас қыстауы
354877113,NK RK 11-2025,settlement,2,зимовка Шортанды,Шортанды қыстауы
354877114,NK RK 11-2025,settlement,2,с.Шункуркудук,Шұңқырқұдық а.
354877115,NK RK 11-2025,settlement,2,зимовка Актопырак,Ақтопырақ қыстауы
354877200,NK RK 11-2025,settlement,2,с.Жарлы,Жарлы а.
354877203,NK RK 11-2025,settlement,2,зимовка Жанабет,Жаңабет қыстауы
354877204,NK RK 11-2025,settlement,2,Кордон Жанабет,Жаңабет шекарасы
354877206,NK RK 11-2025,settlement,2,зимовка Жалгызтерек,Жалғызтерек қыстауы
354877300,NK RK 11-2025,settlement,2,с.Калинино,Калинино а.
354877302,NK RK 11-2025,settlement,2,зимовка Баглан,Бағлан қыстауы
354877305,NK RK 11-2025,settlement,2,зимовка Отирикшы,Өтірікшы қыстауы
354877306,NK RK 11-2025,settlement,2,зимовка Сарыжал,Сарыжал қыстауы
354877307,NK RK 11-2025,settlement,2,зимовка Ошатай,Ошатай қыстауы
354877308,NK RK 11-2025,settlement,2,зимовка Ушкора,Үшқора қыстауы
354879000,NK RK 11-2025,sub_district,2,Темиршинский с.о.,Теміршін а.о.
354879100,NK RK 11-2025,settlement,2,с.Татан,Татан а.
354879104,NK RK 11-2025,settlement,2,зимовка Жырыксу,Жырықсу қыстауы
354879105,NK RK 11-2025,settlement,2,зимовка Татан 1,Татан 1 қыстауы
354879106,NK RK 11-2025,settlement,2,зимовка Татан 2,Татан 2 қыстауы
354879107,NK RK 11-2025,settlement,2,зимовка Татан 3,Татан 3 қыстауы
354879108,NK RK 11-2025,settlement,2,зимовка Татан 4,Татан 4 қыстауы
354879109,NK RK 11-2025,settlement,2,зимовка Татан 5,Татан 5 қыстауы
354879111,NK RK 11-2025,settlement,2,зимовка Татан 6,Татан 6 қыстауы
354879112,NK RK 11-2025,settlement,2,зимовка Татан 7,Татан 7 қыстауы
354879121,NK RK 11-2025,settlement,2,зимовка Кокшетау,Көкшетау қыстауы
354879122,NK RK 11-2025,settlement,2,зимовка Татан 10,Татан 10 қыстауы
354879123,NK RK 11-2025,settlement,2,зимовка Кулабие,Құлабие қыстауы
354879200,NK RK 11-2025,settlement,2,с.Айнабулак,Айнабұлақ а.
354879202,NK RK 11-2025,settlement,2,зимовка Жарбастау,Жарбастау қыстауы
354879203,NK RK 11-2025,settlement,2,зимовка Аршалы,Аршалы қыстауы
354879204,NK RK 11-2025,settlement,2,зимовка Босей,Бөсей қыстауы
354879207,NK RK 11-2025,settlement,2,зимовка Копкара 1,Көпқара 1 қыстауы
354879208,NK RK 11-2025,settlement,2,зимовка Копкара 2,Көпқара 2 қыстауы
354879209,NK RK 11-2025,settlement,2,зимовка Каракуыс,Қарақуыс қыстауы
354879211,NK RK 11-2025,settlement,2,зимовка Каракудук,Қарақұдық қыстауы
354879212,NK RK 11-2025,settlement,2,зимовка Курманбек,Құрманбек қыстауы
354879213,NK RK 11-2025,settlement,2,зимовка Ортакара,Ортақара қыстауы
354879214,NK RK 11-2025,settlement,2,зимовка Ушбай,Үшбай қыстауы
354879215,NK RK 11-2025,settlement,2,зимовка Шангайбек,Шаңғайбек қыстауы
354879219,NK RK 11-2025,settlement,2,зимовка Ажибек,Әжібек қыстауы
354879300,NK RK 11-2025,settlement,2,с.Караагаш,Қараағаш а.
354879302,NK RK 11-2025,settlement,2,зимовка Аблан,Аблан қыстауы
354879303,NK RK 11-2025,settlement,2,зимовка Айтак,Айтақ қыстауы
354879304,NK RK 11-2025,settlement,2,зимовка Акбулак,Ақбұлақ қыстауы
354879306,NK RK 11-2025,settlement,2,зимовка Жанатай,Жаңатай қыстауы
354879307,NK RK 11-2025,settlement,2,зимовка Кузеу,Күзеу қыстауы
354879308,NK RK 11-2025,settlement,2,зимовка Карашокы,Қарашоқы қыстауы
354879309,NK RK 11-2025,settlement,2,зимовка Мереке,Мереке қыстауы
354879312,NK RK 11-2025,settlement,2,зимовка Сарышокы,Сарышоқы қыстауы
354879313,NK RK 11-2025,settlement,2,зимовка Темирши,Темірші қыстауы
354879314,NK RK 11-2025,settlement,2,зимовка Узынбулак,Ұзынбұлақ қыстауы
354879315,NK RK 11-2025,settlement,2,зимовка Жанатай-2,Жанатай-2 қыстауы
354881000,NK RK 11-2025,sub_district,2,Томарский с.о.,Томар а.о.
354881100,NK RK 11-2025,settlement,2,с.Томар,Томар а.
354881103,NK RK 11-2025,settlement,2,с.Акжарык,Ақжарық а.
354881105,NK RK 11-2025,settlement,2,зимовка Борли,Бөрлі қыстауы
354881107,NK RK 11-2025,settlement,2,зимовка Жокебай,Жөкебай қыстауы
354881111,NK RK 11-2025,settlement,2,зимовка Ошан,Ошан қыстауы
354881117,NK RK 11-2025,settlement,2,зимовка Уйтас,Үйтас қыстауы
354881121,NK RK 11-2025,settlement,2,зимовка Ыргайлы,Ырғайлы қыстауы
354881122,NK RK 11-2025,settlement,2,с.Токылдак,Тоқылдақ а.
354881123,NK RK 11-2025,settlement,2,зимовка Айыртас,Айыртас қыстауы
354881124,NK RK 11-2025,settlement,2,зимовка Акбулак,Ақбұлақ қыстауы
354881125,NK RK 11-2025,settlement,2,зимовка Актобе,Ақтөбе қыстауы
354881126,NK RK 11-2025,settlement,2,зимовка Асылбек,Асылбек қыстауы
354881127,NK RK 11-2025,settlement,2,зимовка Борке,Бөрке қыстауы
354881128,NK RK 11-2025,settlement,2,зимовка Букир,Бүкір қыстауы
354881129,NK RK 11-2025,settlement,2,зимовка Жаппар,Жаппар қыстауы
354881131,NK RK 11-2025,settlement,2,зимовка Естек,Естек қыстауы
354881132,NK RK 11-2025,settlement,2,зимовка Жумабай,Жұмабай қыстауы
354881133,NK RK 11-2025,settlement,2,зимовка Кемеш,Кемеш қыстауы
354881134,NK RK 11-2025,settlement,2,зимовка Калдаман,Қалдаман қыстауы
354881135,NK RK 11-2025,settlement,2,зимовка Косым,Қосым қыстауы
354881137,NK RK 11-2025,settlement,2,зимовка Кусайн,Құсайын қыстауы
354881138,NK RK 11-2025,settlement,2,зимовка Сарыадыр,Сарыадыр қыстауы
354881139,NK RK 11-2025,settlement,2,зимовка Сартбай,Сартбай қыстауы
354883000,NK RK 11-2025,sub_district,2,Угарский с.о.,Угар а.о.
354883100,NK RK 11-2025,settlement,2,с.Матак,Матақ а.
354883105,NK RK 11-2025,settlement,2,с.Акбулак,Ақбұлақ а.
354883106,NK RK 11-2025,settlement,2,зимовка Кайракты,Қайрақты қыстауы
354883107,NK RK 11-2025,settlement,2,зимовка Омархан,Омархан қыстауы
354883108,NK RK 11-2025,settlement,2,рзд.6,рзд.6
354887000,NK RK 11-2025,sub_district,2,Шарыктинский с.о.,Шарықты а.о.
354887100,NK RK 11-2025,settlement,2,с.Теректы,Теректі а.
354887103,NK RK 11-2025,settlement,2,зимовка Балагазы,Балағазы қыстауы
354887105,NK RK 11-2025,settlement,2,зимовка Бейсенбай,Бейсенбай қыстауы
354887109,NK RK 11-2025,settlement,2,зимовка Карибай,Кәрібай қыстауы
354887112,NK RK 11-2025,settlement,2,зимовка Майшокы,Майшоқы қыстауы
354887113,NK RK 11-2025,settlement,2,зимовка Наби,Нәби қыстауы
354887115,NK RK 11-2025,settlement,2,зимовка Тукыш,Тұқыш қыстауы
354887116,NK RK 11-2025,settlement,2,зимовка Тумсыкнияк,Тұмсықнияқ қыстауы
354887119,NK RK 11-2025,settlement,2,зимовка Азимбек,Әзімбек қыстауы
354887121,NK RK 11-2025,settlement,2,зимовка Улкенбаз,Үлкенбаз қыстауы
354887180,NK RK 11-2025,settlement,2,с.Айыр,Айыр а.
354887200,NK RK 11-2025,settlement,2,с.Кызылшилик,Қызылшілік а.
354887207,NK RK 11-2025,settlement,2,зимовка Коргадыр,Қорғадыр қыстауы
354887300,NK RK 11-2025,settlement,2,с.Шоптыколь,Шөптікөл а.
354887304,NK RK 11-2025,settlement,2,зимовка Акын,Ақын қыстауы
354887305,NK RK 11-2025,settlement,2,зимовка Коктас,Көктас қыстауы
354887306,NK RK 11-2025,settlement,2,зимовка Канай,Қанай қыстауы
354887307,NK RK 11-2025,settlement,2,зимовка Караауыл,Қараауыл қыстауы
354887309,NK RK 11-2025,settlement,2,зимовка Курлыс,Құрылыс қыстауы
354887311,NK RK 11-2025,settlement,2,зимовка Опырмалы,Опырмалы қыстауы
354887314,NK RK 11-2025,settlement,2,зимовка Койшыбай,Қойшыбай қыстауы
354889000,NK RK 11-2025,sub_district,2,Ынталинский с.о.,Ынталы а.о.
354889100,NK RK 11-2025,settlement,2,с.Ынталы,Ынталы а.
354889103,NK RK 11-2025,settlement,2,зимовка Караоба,Қараоба қыстауы
354889104,NK RK 11-2025,settlement,2,зимовка Коянды,Қоянды қыстауы
354889109,NK RK 11-2025,settlement,2,зимовка Дубовка,Дубовка қыстауы
354889111,NK RK 11-2025,settlement,2,зимовка Жарыкмола,Жарықмола қыстауы
354889115,NK RK 11-2025,settlement,2,зимовка Жаппас,Жаппас қыстауы
354889117,NK RK 11-2025,settlement,2,зимовка Карабике,Қарабике қыстауы
354889121,NK RK 11-2025,settlement,2,рзд №5,рзд №5
355200000,NK RK 11-2025,district,2,Нуринский район,Нұра ауданы
355230000,NK RK 11-2025,sub_district,2,п.а.Нура,Нұра к.ә.
355230100,NK RK 11-2025,settlement,2,п.Нура,Нұра к.
355235000,NK RK 11-2025,sub_district,2,Балыктыкольский с.о.,Балықтыкөл а.о.
355235100,NK RK 11-2025,settlement,2,с.Балыктыколь,Балықтыкөл а.
355235111,NK RK 11-2025,settlement,2,Скважина 24,Ұңғыма 24
355235112,NK RK 11-2025,settlement,2,Скважина 46,Ұңғыма 46
355235113,NK RK 11-2025,settlement,2,зимовка Кенсай,Кеңсай қыстауы
355237000,NK RK 11-2025,sub_district,2,Баршинский с.о.,Баршин а.о.
355237100,NK RK 11-2025,settlement,2,с.Баршино,Баршино а.
355237105,NK RK 11-2025,settlement,2,с.Каракаска,Қарақасқа а.
355237106,NK RK 11-2025,settlement,2,с.Старое Баршино,Старое Баршино а.
355237200,NK RK 11-2025,settlement,2,с.Бестамак,Бестамақ а.
355237206,NK RK 11-2025,settlement,2,зимовка Жанажартас,Жаңажартас қыстауы
355237212,NK RK 11-2025,settlement,2,зимовка Кызылжар,Қызылжар қыстауы
355237215,NK RK 11-2025,settlement,2,зимовка Тати,Татті қыстауы
355241000,NK RK 11-2025,sub_district,2,с.о.Құлан,Құлан а.о.
355241100,NK RK 11-2025,settlement,2,с.Куланотпес,Құланөтпес а.
355241105,NK RK 11-2025,settlement,2,с.Оразалы,Оразәлі а.
355243000,NK RK 11-2025,sub_district,2,Жараспайский с.о.,Жараспай а.о.
355243100,NK RK 11-2025,settlement,2,с.Жараспай,Жараспай а.
355243105,NK RK 11-2025,settlement,2,с.Малайкудук,Малайқұдық а.
355247000,NK RK 11-2025,sub_district,2,Заречный с.о.,Заречный а.о.
355247100,NK RK 11-2025,settlement,2,с.Заречное,Заречное а.
355249000,NK RK 11-2025,sub_district,2,Акмешитский с.о.,Ақмешіт а.о.
355249100,NK RK 11-2025,settlement,2,с.Акмешит,Ақмешіт а.
355249105,NK RK 11-2025,settlement,2,с.Кобыкол,Қобыкөл а.
355249200,NK RK 11-2025,settlement,2,с.Кантай,Қантай а.
355251000,NK RK 11-2025,sub_district,2,Индустриальный с.о.,Индустриальный а.о.
355251100,NK RK 11-2025,settlement,2,с.Тассуат,Тассуат а.
355253000,NK RK 11-2025,sub_district,2,Кенжарыкский с.о.,Кеңжарық а.о.
355253100,NK RK 11-2025,settlement,2,с.Изенды,Изенді а.
355253102,NK RK 11-2025,settlement,2,зимовка Изенды,Изенді қыстауы
355253103,NK RK 11-2025,settlement,2,зимовка Каракудык,Қарақұдық қыстауы
355253104,NK RK 11-2025,settlement,2,зимовка Каратомар,Қаратұмар қыстауы
355253107,NK RK 11-2025,settlement,2,зимовка База 3,База 3 қыстауы
355253108,NK RK 11-2025,settlement,2,зимовка Остемир,Өстемір қыстауы
355253200,NK RK 11-2025,settlement,2,с.Кенжарык,Кеңжарық а.
355253300,NK RK 11-2025,settlement,2,с.Топаркол,Топаркөл а.
355255000,NK RK 11-2025,sub_district,2,Каройский с.о.,Қараой а.о.
355255100,NK RK 11-2025,settlement,2,с.Карой,Қараой а.
355257000,NK RK 11-2025,sub_district,2,с.о.Егінді,Егінді а.о.
355257100,NK RK 11-2025,settlement,2,с.Егінді,Егінді а.
355259000,NK RK 11-2025,sub_district,2,Каракоинский с.о.,Қарақойын а.о.
355259100,NK RK 11-2025,settlement,2,с.Жанбобек,Жанбөбек а.
355259102,NK RK 11-2025,settlement,2,зимовка Бектлес,Бектлес қыстауы
355259103,NK RK 11-2025,settlement,2,зимовка Бижан,Бижан қыстауы
355259106,NK RK 11-2025,settlement,2,зимовка Тасмола 1,Тасмола 1 қыстауы
355259107,NK RK 11-2025,settlement,2,зимовка Тасмола 2,Тасмола 2 қыстауы
355259109,NK RK 11-2025,settlement,2,с.Керей,Керей а.
355259111,NK RK 11-2025,settlement,2,зимовка Аубакир,Әубакір қыстауы
355259113,NK RK 11-2025,settlement,2,зимовка Бурматай,Бұрматай қыстауы
355259114,NK RK 11-2025,settlement,2,зимовка Кусмурун,Құсмұрын қыстауы
355259115,NK RK 11-2025,settlement,2,зимовка Мамбет,Мамбет қыстауы
355259117,NK RK 11-2025,settlement,2,зимовка Шаймерден,Шаймерден қыстауы
355259200,NK RK 11-2025,settlement,2,с.Акколка,Аққолқа а.
355259203,NK RK 11-2025,settlement,2,зимовка Казаншункур,Қазаншұңқыр қыстауы
355259204,NK RK 11-2025,settlement,2,зимовка Карабие,Қарабие қыстауы
355259207,NK RK 11-2025,settlement,2,зимовка Шахман,Шахман қыстауы
355259215,NK RK 11-2025,settlement,2,зимовка Дос,Дос қыстауы
355259216,NK RK 11-2025,settlement,2,зимовка Торебай,Төребай қыстауы
355261000,NK RK 11-2025,sub_district,2,Корганжарский с.о.,Қорғанжар а.о.
355261100,NK RK 11-2025,settlement,2,с. Карим Мынбаев,Кәрім Мыңбаев а.
355261105,NK RK 11-2025,settlement,2,с.Кызылшилик,Қызылшілік а.
355263000,NK RK 11-2025,sub_district,2,Куланутпесский с.о.,Құланөтпес а.о.
355263100,NK RK 11-2025,settlement,2,с.Куланутпес,Құланөтпес а.
355263105,NK RK 11-2025,settlement,2,с.Отарбай,Отарбай а.
355263106,NK RK 11-2025,settlement,2,зимовка Кызылунгир,Қызылүңгір қыстауы
355263200,NK RK 11-2025,settlement,2,с.Актубек,Ақтүбек а.
355263300,NK RK 11-2025,settlement,2,с.Ныгман,Нығман а.
355265000,NK RK 11-2025,sub_district,2,Кызылталский с.о.,Қызылтал а.о.
355265100,NK RK 11-2025,settlement,2,с.Кертинди,Кертінді а.
355265200,NK RK 11-2025,settlement,2,с.Алгабас,Алғабас а.
355267000,NK RK 11-2025,sub_district,2,Байтуганский с.о.,Байтуған а.о.
355267100,NK RK 11-2025,settlement,2,с.Байтуган,Байтуған а.
355267200,NK RK 11-2025,settlement,2,с.Жанакурылыс,Жаңақұрылыс а.
355269000,NK RK 11-2025,sub_district,2,с.о.Мұзбел,Мұзбел а.о.
355269100,NK RK 11-2025,settlement,2,с.Мұзбел,Мұзбел а.
355271000,NK RK 11-2025,sub_district,2,Сарыозенский с.о.,Сарыөзен а.о.
355271100,NK RK 11-2025,settlement,2,с.Ткенекты,Тікенекті а.
355271105,NK RK 11-2025,settlement,2,зимовка Ажике,Әжике қыстауы
355271106,NK RK 11-2025,settlement,2,зимовка Бакей,Бакей қыстауы
355271107,NK RK 11-2025,settlement,2,зимовка Жидели,Жиделі қыстауы
355271108,NK RK 11-2025,settlement,2,с.Жукей,Жүкей а.
355273000,NK RK 11-2025,sub_district,2,Соналинский с.о.,Соналы а.о.
355273100,NK RK 11-2025,settlement,2,с.Соналы,Соналы а.
355273103,NK RK 11-2025,settlement,2,с.Косарал,Қосарал а.
355273105,NK RK 11-2025,settlement,2,зимовка Тасты,Тасты қыстауы
355273106,NK RK 11-2025,settlement,2,с.Баянбай,Баянбай а.
355273107,NK RK 11-2025,settlement,2,зимовка Егизгара,Егізқара қыстауы
355273108,NK RK 11-2025,settlement,2,зимовка Кызылкент,Қызылкент қыстауы
355273109,NK RK 11-2025,settlement,2,с.Казыкурт,Қазықұрт а.
355275000,NK RK 11-2025,sub_district,2,Ахметский с.о.,Ахмет а.о.
355275100,NK RK 11-2025,settlement,2,с.Ахмет,Ахмет а.
355277000,NK RK 11-2025,sub_district,2,Талдысайский с.о.,Талдысай а.о.
355277100,NK RK 11-2025,settlement,2,с.Талдысай,Талдысай а.
355277103,NK RK 11-2025,settlement,2,зимовка Бекет,Бекет қыстауы
355277105,NK RK 11-2025,settlement,2,зимовка Бузаутобе,Бұзаутөбе қыстауы
355277107,NK RK 11-2025,settlement,2,зимовка Муса,Мұса қыстауы
355277108,NK RK 11-2025,settlement,2,зимовка Шортан,Шортан қыстауы
355277109,NK RK 11-2025,settlement,2,зимовка Карасу,Қарасу қыстауы
355277111,NK RK 11-2025,settlement,2,зимовка Кылыш,Қылыш қыстауы
355279000,NK RK 11-2025,sub_district,2,Тассуатский с.о.,Тассуат а.о.
355279100,NK RK 11-2025,settlement,2,с.Кайнар,Қайнар а.
355279105,NK RK 11-2025,settlement,2,с.Амантау,Амантау а.
355279106,NK RK 11-2025,settlement,2,зимовка Жылысай,Жылысай қыстауы
355283000,NK RK 11-2025,sub_district,2,Кобетейский с.о.,Көбетей а.о.
355283100,NK RK 11-2025,settlement,2,с.Кобетей,Көбетей а.
355283105,NK RK 11-2025,settlement,2,с.Кызылжулдыз,Қызылжұлдыз а.
355283300,NK RK 11-2025,settlement,2,с.Ондирис,Өндіріс а.
355283400,NK RK 11-2025,settlement,2,с.Первое Мая,Первое Мая а.
355287000,NK RK 11-2025,sub_district,2,Шахтерский с.о.,Шахтер а.о.
355287100,NK RK 11-2025,settlement,2,с.Шахтерское,Шахтерское а.
355289000,NK RK 11-2025,sub_district,2,Шубаркольская п.а.,Шұбаркөл к.ә.
355289100,NK RK 11-2025,settlement,2,п.Шубарколь,Шұбаркөл к.
355600000,NK RK 11-2025,district,2,Осакаровский район,Осакаров ауданы
355630000,NK RK 11-2025,sub_district,2,Осакаровская п.а.,Осакаров к.ә.
355630100,NK RK 11-2025,settlement,2,п.Осакаровка,Осакаровка к.
355633000,NK RK 11-2025,sub_district,2,Батпактинский с.о.,Батпақты а.о.
355633100,NK RK 11-2025,settlement,2,с.Батпакты,Батпақты а.
355633300,NK RK 11-2025,settlement,2,с.Ошаганды,Ошағанды а.
355633400,NK RK 11-2025,settlement,2,с.Сарыозен,Сарыөзен а.
355633500,NK RK 11-2025,settlement,2,с.Акпан,Ақпан а.
355635000,NK RK 11-2025,sub_district,2,с.о.Сарыозек,Сарыөзек а.о.
355635100,NK RK 11-2025,settlement,2,с.Сарыозек,Сарыөзек а.
355635200,NK RK 11-2025,settlement,2,с.Русская Ивановка,Русская Ивановка а.
355635300,NK RK 11-2025,settlement,2,с.Шокай,Шоқай а.
355635400,NK RK 11-2025,settlement,2,ст.Шокай,Шоқай ст.
355637000,NK RK 11-2025,sub_district,2,с.о.Жансары,Жансары а.о.
355637100,NK RK 11-2025,settlement,2,с.Аманконыр,Аманқоңыр а.
355637200,NK RK 11-2025,settlement,2,с.Жуантобе,Жуантөбе а.
355637300,NK RK 11-2025,settlement,2,с.Кызылтасское,Қызылтас а.
355637400,NK RK 11-2025,settlement,2,с.Баскорык,Басқорық а.
355637500,NK RK 11-2025,settlement,2,с.Юго-Восток,Юго-Восток а.
355643000,NK RK 11-2025,sub_district,2,с.о.Жұлдыз,Жұлдыз а.о.
355643100,NK RK 11-2025,settlement,2,с.Жұлдыз,Жұлдыз а.
355645000,NK RK 11-2025,sub_district,2,Иртышский с.о.,Ертіс а.о.
355645100,NK RK 11-2025,settlement,2,с.Иртышское,Ертіс а.
355647000,NK RK 11-2025,sub_district,2,с.о.Есиль,Есіл а.о.
355647100,NK RK 11-2025,settlement,2,с.Есиль,Есіл а.
355647200,NK RK 11-2025,settlement,2,с.Колхозное,Колхозное а.
355649000,NK RK 11-2025,sub_district,2,Каратомарский с.о.,Қаратомар а.о.
355649100,NK RK 11-2025,settlement,2,с.Қаратомар,Қаратомар а.
355649105,NK RK 11-2025,settlement,2,с.Откормочное,Откормочное а.
355651000,NK RK 11-2025,sub_district,2,Кундуздинский с.о.,Құндызды а.о.
355651100,NK RK 11-2025,settlement,2,с.Шункыркол,Шұңқыркөл а.
355653000,NK RK 11-2025,sub_district,2,Маржанкольский с.о.,Маржанкөл а.о.
355653100,NK RK 11-2025,settlement,2,с.Маржанкөл,Маржанкөл а.
355653200,NK RK 11-2025,settlement,2,с.Куркопа,Құрқопа а.
355655000,NK RK 11-2025,sub_district,2,Мирный с.о.,Мирный а.о.
355655100,NK RK 11-2025,settlement,2,с.Мирное,Мирное а.
355655105,NK RK 11-2025,settlement,2,с.Первомайское,Первомайское а.
355657000,NK RK 11-2025,sub_district,2,Молодежная п.а.,Молодежный к.ә.
355657100,NK RK 11-2025,settlement,2,п.Молодежный,Молодежный к.
355659000,NK RK 11-2025,sub_district,2,Николаевский с.о.,Николаев а.о.
355659100,NK RK 11-2025,settlement,2,с.Николаевка,Николаевка а.
355659200,NK RK 11-2025,settlement,2,с.Қайыңды,Қайыңды а.
355659400,NK RK 11-2025,settlement,2,с.Топан,Топан а.
355661000,NK RK 11-2025,sub_district,2,Озерный с.о.,Озерный а.о.
355661100,NK RK 11-2025,settlement,2,с.Озерное,Озерное а.
355661200,NK RK 11-2025,settlement,2,с.Ералы,Ералы а.
355663000,NK RK 11-2025,sub_district,2,с.о.Карагайлы,Қарағайлы а.о.
355663100,NK RK 11-2025,settlement,2,с.Карагайлы,Қарағайлы а.
355663200,NK RK 11-2025,settlement,2,с.Коллективное,Коллективное а.
355663300,NK RK 11-2025,settlement,2,с.Крещеновка,Крещеновка а.
355663400,NK RK 11-2025,settlement,2,с.Окольное,Окольное а.
355663500,NK RK 11-2025,settlement,2,с.Святогоровка,Святогоровка а.
355669000,NK RK 11-2025,sub_district,2,Пионерский с.о.,Пионер а.о.
355669100,NK RK 11-2025,settlement,2,с.Пионерское,Пионерское а.
355669200,NK RK 11-2025,settlement,2,с.Приишимское,Приишимское а.
355669300,NK RK 11-2025,settlement,2,с.Центральное,Центральное а.
355671000,NK RK 11-2025,sub_district,2,с.о.Акбулак,Ақбұлақ а.о.
355671100,NK RK 11-2025,settlement,2,с.Акбулак,Ақбұлақ а.
355671107,NK RK 11-2025,settlement,2,с.Майбулак,Майбұлақ а.
355671300,NK RK 11-2025,settlement,2,с.Роднички,Роднички а.
355673000,NK RK 11-2025,sub_district,2,Родниковский с.о.,Родников а.о.
355673100,NK RK 11-2025,settlement,2,с.Родниковское,Родниковское а.
355673200,NK RK 11-2025,settlement,2,с.Карасу,Қарасу а.
355673204,NK RK 11-2025,settlement,2,с.Торткудук,Төртқұдық а.
355675000,NK RK 11-2025,sub_district,2,Садовый с.о.,Садовый а.о.
355675100,NK RK 11-2025,settlement,2,с.Садовое,Садовое а.
355675200,NK RK 11-2025,settlement,2,с.Жаңатоған,Жаңатоған а.
355677000,NK RK 11-2025,sub_district,2,с.о.Сункар,Сұңқар а.о.
355677100,NK RK 11-2025,settlement,2,с.Сункар,Сұңқар а.
355677200,NK RK 11-2025,settlement,2,с.Коянды,Қоянды а.
355677300,NK RK 11-2025,settlement,2,с.Сельстрой,Сельстрой а.
355679000,NK RK 11-2025,sub_district,2,с.о.Нияз,Нияз а.о.
355679100,NK RK 11-2025,settlement,2,с.Қаракөл,Қаракөл а.
355679200,NK RK 11-2025,settlement,2,с.Ахметаул,Ахмет ауылы а.
355679300,NK RK 11-2025,settlement,2,с.Кутумсук,Қутұмсық а.
355681000,NK RK 11-2025,sub_district,2,Трудовой с.о.,Трудовой а.о.
355681100,NK RK 11-2025,settlement,2,с.Трудовое,Трудовое а.
355681200,NK RK 11-2025,settlement,2,с.Степное,Степное а.
355689000,NK RK 11-2025,sub_district,2,Шидертинский с.о.,Шідерті а.о.
355689100,NK RK 11-2025,settlement,2,с.Шидерты,Шідерті а.
356400000,NK RK 11-2025,district,2,Шетский район,Шет ауданы
356430000,NK RK 11-2025,sub_district,2,Аксу-Аюлинский с.о.,Ақсу-Аюлы а.о.
356430100,NK RK 11-2025,settlement,2,с.Аксу-Аюлы,Ақсу-Аюлы а.
356430102,NK RK 11-2025,settlement,2,зимовка Аршалы,Аршалы қыстауы
356430103,NK RK 11-2025,settlement,2,зимовка Былкылдак,Былқылдақ қыстауы
356430104,NK RK 11-2025,settlement,2,зимовка Жылыказ,Жылықаз қыстауы
356430106,NK RK 11-2025,settlement,2,зимовка Сарыозек,Сарыөзек қыстауы
356430200,NK RK 11-2025,settlement,2,с.Аксу,Ақсу а.
356430300,NK RK 11-2025,settlement,2,с.Актобе,Ақтөбе а.
356430302,NK RK 11-2025,settlement,2,зимовка Тасбаз,Тасбаз қыстауы
356430400,NK RK 11-2025,settlement,2,с.Енбекшил,Еңбекшіл а.
356430402,NK RK 11-2025,settlement,2,зимовка Кабанбай,Қабанбай қыстауы
356430403,NK RK 11-2025,settlement,2,зимовка Караозек,Қараөзек қыстауы
356430404,NK RK 11-2025,settlement,2,зимовка Орыс олген,Орыс өлген қыстауы
356430500,NK RK 11-2025,settlement,2,с.Кайракты,Қайрақты а.
356431000,NK RK 11-2025,sub_district,2,Агадырьская п.а.,Ақадыр к.ә.
356431100,NK RK 11-2025,settlement,2,п.Агадырь,Ақадыр к.
356431103,NK RK 11-2025,settlement,2,зимовка Босага,Босаға қыстауы
356431104,NK RK 11-2025,settlement,2,зимовка Едиге,Едіге қыстауы
356431105,NK RK 11-2025,settlement,2,с.Подхоз,Қосшар а.
356431106,NK RK 11-2025,settlement,2,зимовка Аксенгир,Ақсеңгір қыстауы
356431107,NK RK 11-2025,settlement,2,зимовка Былкылдак,Былқылдақ қыстауы
356431108,NK RK 11-2025,settlement,2,зимовка Каракудук,Қарақұдық қыстауы
356431109,NK RK 11-2025,settlement,2,зимовка Кызылкесик,Қызылкесік қыстауы
356431111,NK RK 11-2025,settlement,2,зимовка Майлыбай,Майлыбай қыстауы
356431112,NK RK 11-2025,settlement,2,зимовка Кенказган,Кенқазған қыстауы
356431113,NK RK 11-2025,settlement,2,зимовка Караеспе,Қараеспе қыстауы
356431114,NK RK 11-2025,settlement,2,зимовка Сарыбас,Сарыбас қыстауы
356431115,NK RK 11-2025,settlement,2,зимовка Мапа,Мапа қыстауы
356431116,NK RK 11-2025,settlement,2,зимовка Сырлытам,Сырлытам қыстауы
356431117,NK RK 11-2025,settlement,2,зимовка Талды-Еспе,Талды-Еспе қыстауы
356431500,NK RK 11-2025,settlement,2,с.Сарыши,Сарыши а.
356431502,NK RK 11-2025,settlement,2,зимовка Айнабулак,Айнабұлақ қыстауы
356431503,NK RK 11-2025,settlement,2,зимовка Акбаз,Ақбаз қыстауы
356431504,NK RK 11-2025,settlement,2,зимовка Аксарлы,Ақсарлы қыстауы
356431505,NK RK 11-2025,settlement,2,зимовка Аксоран 1,Ақсораң 1 қыстауы
356431506,NK RK 11-2025,settlement,2,зимовка Байдаулет,Байдәулет қыстауы
356431507,NK RK 11-2025,settlement,2,зимовка Байташ,Байташ қыстауы
356431508,NK RK 11-2025,settlement,2,зимовка Баякожа,Баяқожа қыстауы
356431509,NK RK 11-2025,settlement,2,зимовка Бесапан,Бесапан қыстауы
356431511,NK RK 11-2025,settlement,2,зимовка Боранколь,Боранкөл қыстауы
356431512,NK RK 11-2025,settlement,2,зимовка Домалак,Домалақ қыстауы
356431513,NK RK 11-2025,settlement,2,зимовка Донгал,Доңғал қыстауы
356431514,NK RK 11-2025,settlement,2,зимовка Жумабай,Жұмабай қыстауы
356431516,NK RK 11-2025,settlement,2,зимовка Караоба,Қараоба қыстауы
356431518,NK RK 11-2025,settlement,2,зимовка Кызылтас,Қызылтас қыстауы
356431519,NK RK 11-2025,settlement,2,зимовка Мангель,Маңгел қыстауы
356431525,NK RK 11-2025,settlement,2,зимовка Мектеп,Мектеп қыстауы
356431526,NK RK 11-2025,settlement,2,зимовка Мектеп ІІ,Мектеп ІІ қыстауы
356431527,NK RK 11-2025,settlement,2,зимовка Мукаш,Мұқаш қыстауы
356431529,NK RK 11-2025,settlement,2,зимовка Сарышокы,Сарышоқы қыстауы
356431531,NK RK 11-2025,settlement,2,зимовка Сиыркон,Сиыркөң қыстауы
356431533,NK RK 11-2025,settlement,2,зимовка Шоладыр,Шөладыр қыстауы
356431535,NK RK 11-2025,settlement,2,зимовка Донгал ІІ,Доңғал ІІ қыстауы
356435000,NK RK 11-2025,sub_district,2,Акжалская п.а.,Ақжал к.ә.
356435100,NK RK 11-2025,settlement,2,п.Акжал,Ақжал к.
356435200,NK RK 11-2025,settlement,2,с.Акжартас,Ақжартас а.
356435202,NK RK 11-2025,settlement,2,зимовка Айжан,Айжан қыстауы
356435203,NK RK 11-2025,settlement,2,зимовка Акшокы,Ақшоқы қыстауы
356435204,NK RK 11-2025,settlement,2,зимовка Ансакыр,Аңсақыр қыстауы
356435205,NK RK 11-2025,settlement,2,зимовка Ахмедиев,Ахмедиев қыстауы
356435206,NK RK 11-2025,settlement,2,зимовка Ахмет,Ахмет қыстауы
356435207,NK RK 11-2025,settlement,2,зимовка Бабас,Бабас қыстауы
356435208,NK RK 11-2025,settlement,2,зимовка Башин,Башін қыстауы
356435209,NK RK 11-2025,settlement,2,зимовка Бокай,Боқай қыстауы
356435211,NK RK 11-2025,settlement,2,зимовка Есенкуль,Есенкүл қыстауы
356435212,NK RK 11-2025,settlement,2,зимовка Ескиаша,Ескіаша қыстауы
356435213,NK RK 11-2025,settlement,2,зимовка Ескиорталык,Ескіорталық қыстауы
356435214,NK RK 11-2025,settlement,2,зимовка Старая школа,Ескімектеп қыстауы
356435215,NK RK 11-2025,settlement,2,зимовка Комек,Көмек қыстауы
356435216,NK RK 11-2025,settlement,2,зимовка Карасу,Қарасу қыстауы
356435217,NK RK 11-2025,settlement,2,зимовка Карашан,Қарашаң қыстауы
356435218,NK RK 11-2025,settlement,2,зимовка Кумжан,Құмжан қыстауы
356435219,NK RK 11-2025,settlement,2,зимовка Мусагажи,Мұсағажы қыстауы
356435221,NK RK 11-2025,settlement,2,зимовка Нурбек,Нұрбек қыстауы
356435222,NK RK 11-2025,settlement,2,зимовка Ортакон,Ортакөң қыстауы
356435223,NK RK 11-2025,settlement,2,зимовка Сарыши,Сарыши қыстауы
356435224,NK RK 11-2025,settlement,2,зимовка Сембай,Сембай қыстауы
356435225,NK RK 11-2025,settlement,2,зимовка Суанбек,Суанбек қыстауы
356435226,NK RK 11-2025,settlement,2,зимовка Жетимекн,Жетімекен қыстауы
356435227,NK RK 11-2025,settlement,2,зимовка Тулкили,Түлкілі қыстауы
356435228,NK RK 11-2025,settlement,2,зимовка Уйтас,Үйтас қыстауы
356435229,NK RK 11-2025,settlement,2,зимовка Шенгельды,Шеңгелді қыстауы
356435231,NK RK 11-2025,settlement,2,зимовка Шошакуй,Шошақүй қыстауы
356435233,NK RK 11-2025,settlement,2,зимовка Жайлау №82,Жайлау №82 қыстауы
356435235,NK RK 11-2025,settlement,2,зимовка Мейрам,Мейрам қыстауы
356435236,NK RK 11-2025,settlement,2,зимовка Абдир,Әбдір қыстауы
356435237,NK RK 11-2025,settlement,2,зимовка Кумола,Қумола қыстауы
356435238,NK RK 11-2025,settlement,2,зимовка Мухтар,Мухтар қыстауы
356435239,NK RK 11-2025,settlement,2,зимовка Сарыоба,Сарыоба қыстауы
356435241,NK RK 11-2025,settlement,2,зимовка Серге,Серге қыстауы
356435242,NK RK 11-2025,settlement,2,зимовка Тастак,Тастақ қыстауы
356435243,NK RK 11-2025,settlement,2,зимовка Туяк,Тұяқ қыстауы
356435244,NK RK 11-2025,settlement,2,зимовка Шурык,Шұрық қыстауы
356435245,NK RK 11-2025,settlement,2,зимовка Мыржикбай,Мыржықбай қыстауы
356435300,NK RK 11-2025,settlement,2,с.Аякши,Аяқши а.
356437000,NK RK 11-2025,sub_district,2,Акчатауская п.а.,Ақшатау к.ә.
356437100,NK RK 11-2025,settlement,2,п.Акчатау,Ақшатау к.
356438000,NK RK 11-2025,sub_district,2,Акчатауский с.о.,Ақшатау а.о.
356438100,NK RK 11-2025,settlement,2,с. Жарылгап батыр,Жарылғап батыр а.
356438102,NK RK 11-2025,settlement,2,зимовка Аксай,Ақсай қыстауы
356438105,NK RK 11-2025,settlement,2,зимовка Бокай,Боқай қыстауы
356438107,NK RK 11-2025,settlement,2,зимовка Жунди,Жүнді қыстауы
356438109,NK RK 11-2025,settlement,2,зимовка Каратас,Қаратас қыстауы
356438111,NK RK 11-2025,settlement,2,зимовка Карашилик,Қарашілік қыстауы
356438112,NK RK 11-2025,settlement,2,зимовка Махор,Махор қыстауы
356438114,NK RK 11-2025,settlement,2,зимовка Сарыадыр,Сарыадыр қыстауы
356438115,NK RK 11-2025,settlement,2,зимовка Тастыкудук,Тастықұдық қыстауы
356438117,NK RK 11-2025,settlement,2,зимовка Акозек,Ақөзек қыстауы
356438200,NK RK 11-2025,settlement,2,с.Каргалы,Қарғалы а.
356438202,NK RK 11-2025,settlement,2,зимовка Жартас,Жартас қыстауы
356438203,NK RK 11-2025,settlement,2,зимовка Карасай,Қарасай қыстауы
356438204,NK RK 11-2025,settlement,2,зимовка Сарыозек,Сарыөзек қыстауы
356438205,NK RK 11-2025,settlement,2,зимовка Сулушокы,Сұлушоқы қыстауы
356438206,NK RK 11-2025,settlement,2,зимовка Тоганбай,Тоғанбай қыстауы
356438209,NK RK 11-2025,settlement,2,зимовка Жосабай,Жосабай қыстауы
356439000,NK RK 11-2025,sub_district,2,Акшокинский с.о.,Ақшоқы а.о.
356439100,NK RK 11-2025,settlement,2,с.Кызылтау,Қызылтау а.
356439102,NK RK 11-2025,settlement,2,с.Акшокы,Ақшоқы а.
356439103,NK RK 11-2025,settlement,2,зимовка Кожа,Қожа қыстауы
356439104,NK RK 11-2025,settlement,2,зимовка Сарыозек,Сарыөзек қыстауы
356439105,NK RK 11-2025,settlement,2,зимовка Тулкили,Түлкілі қыстауы
356439106,NK RK 11-2025,settlement,2,зимовка Жансая,Жансая қыстауы
356439300,NK RK 11-2025,settlement,2,с.Акбауыр,Ақбауыр а.
356439302,NK RK 11-2025,settlement,2,зимовка Акбастау,Ақбастау қыстауы
356439303,NK RK 11-2025,settlement,2,зимовка Заимка,Заимка қыстауы
356439304,NK RK 11-2025,settlement,2,зимовка Курама,Құрама қыстауы
356441000,NK RK 11-2025,sub_district,2,Батыкский с.о.,Батық а.о.
356441100,NK RK 11-2025,settlement,2,с.Батык,Батық а.
356441102,NK RK 11-2025,settlement,2,зимовка Аптека,Аптека қыстауы
356441103,NK RK 11-2025,settlement,2,зимовка Нижний Нарбак,Нижний Нарбақ қыстауы
356443000,NK RK 11-2025,sub_district,2,Босагинский с.о.,Босаға а.о.
356443100,NK RK 11-2025,settlement,2,с.Босага,Босаға а.
356443103,NK RK 11-2025,settlement,2,зимовка Мангел,Мәнгел қыстауы
356443105,NK RK 11-2025,settlement,2,зимовка Карашокы,Қарашоқы қыстауы
356443106,NK RK 11-2025,settlement,2,с.Жуманбулак,Жұманбұлақ а.
356443107,NK RK 11-2025,settlement,2,зимовка Аксоран,Ақсоран қыстауы
356443108,NK RK 11-2025,settlement,2,зимовка Аркалык,Арқалық қыстауы
356443109,NK RK 11-2025,settlement,2,зимовка Ашы,Ашы қыстауы
356443111,NK RK 11-2025,settlement,2,зимовка Бориктал,Бөріктал қыстауы
356443112,NK RK 11-2025,settlement,2,зимовка Каракудук,Қарақұдық қыстауы
356443113,NK RK 11-2025,settlement,2,зимовка Кашкынбай,Қашқынбай қыстауы
356443114,NK RK 11-2025,settlement,2,зимовка Узынбулак,Ұзынбұлақ қыстауы
356443115,NK RK 11-2025,settlement,2,зимовка Шалтас,Шалтас қыстауы
356443116,NK RK 11-2025,settlement,2,зимовка Талап,Талап қыстауы
356443117,NK RK 11-2025,settlement,2,с.Жылыбулак,Жылыбұлақ а.
356443118,NK RK 11-2025,settlement,2,зимовка Баба,Баба қыстауы
356443119,NK RK 11-2025,settlement,2,зимовка Бошан,Бошан қыстауы
356443121,NK RK 11-2025,settlement,2,зимовка Кособа,Кособа қыстауы
356443122,NK RK 11-2025,settlement,2,зимовка Караша,Қараша қыстауы
356443123,NK RK 11-2025,settlement,2,зимовка Карашилык,Қарашылық қыстауы
356443124,NK RK 11-2025,settlement,2,зимовка Кызылагаш,Қызылағаш қыстауы
356443125,NK RK 11-2025,settlement,2,зимовка Жалгызтал,Жалғызтал қыстауы
356443126,NK RK 11-2025,settlement,2,зимовка Сарыозен,Сарыөзен қыстауы
356443127,NK RK 11-2025,settlement,2,зимовка Тулкили,Түлкілі қыстауы
356443128,NK RK 11-2025,settlement,2,зимовка Токен,Төкен қыстауы
356443129,NK RK 11-2025,settlement,2,зимовка Жалгызтал,Жалғызтал қыстауы
356443131,NK RK 11-2025,settlement,2,с.Бестамак,Бестамақ а.
356443132,NK RK 11-2025,settlement,2,зимовка Айыртау,Айыртау қыстауы
356443133,NK RK 11-2025,settlement,2,зимовка Али,Әли қыстауы
356443134,NK RK 11-2025,settlement,2,зимовка Бастау,Бастау қыстауы
356443135,NK RK 11-2025,settlement,2,зимовка Ешкиолмес,Ешкіөлмес қыстауы
356443136,NK RK 11-2025,settlement,2,зимовка Касымбек,Қасымбек қыстауы
356443137,NK RK 11-2025,settlement,2,зимовка Омар,Омар қыстауы
356443138,NK RK 11-2025,settlement,2,зимовка Туматай,Тұматай қыстауы
356443139,NK RK 11-2025,settlement,2,зимовка Ушбулак,Үшбұлақ қыстауы
356443141,NK RK 11-2025,settlement,2,зимовка Караунгир,Қараүнгір қыстауы
356445000,NK RK 11-2025,sub_district,2,Бурминский с.о.,Бұрма а.о.
356445100,NK RK 11-2025,settlement,2,с.Бурма,Бұрма а.
356445300,NK RK 11-2025,settlement,2,с.Мухтар,Мұқтар а.
356447000,NK RK 11-2025,sub_district,2,Дарьинская п.а.,Дария к.ә.
356447100,NK RK 11-2025,settlement,2,п.Дарьинский,Дария к.
356451000,NK RK 11-2025,sub_district,2,С.Сейфуллинская п.а.,С.Сейфуллин к.ә.
356451100,NK RK 11-2025,settlement,2,п.С.Сейфуллин,С.Сейфуллин к.
356455000,NK RK 11-2025,sub_district,2,Кеншокинский с.о.,Кеңшоқы а.о.
356455100,NK RK 11-2025,settlement,2,с.Нура,Нұра а.
356455103,NK RK 11-2025,settlement,2,зимовка Акатан,Ақатан қыстауы
356455106,NK RK 11-2025,settlement,2,зимовка Амантай,Амантай қыстауы
356455107,NK RK 11-2025,settlement,2,зимовка Байназар,Байназар қыстауы
356455108,NK RK 11-2025,settlement,2,зимовка Жайсан,Жайсаң қыстауы
356455109,NK RK 11-2025,settlement,2,зимовка Жасканат,Жасқанат қыстауы
356455111,NK RK 11-2025,settlement,2,зимовка Кулеке,Күлеке қыстауы
356455112,NK RK 11-2025,settlement,2,зимовка Какпантас,Қақпантас қыстауы
356455113,NK RK 11-2025,settlement,2,зимовка Муздыбулак,Мұздыбұлақ қыстауы
356455114,NK RK 11-2025,settlement,2,зимовка Мынкауга,Мыңқауға қыстауы
356455115,NK RK 11-2025,settlement,2,зимовка Орташокы,Орташоқы қыстауы
356455116,NK RK 11-2025,settlement,2,зимовка Сарыколь,Сарыкөл қыстауы
356455117,NK RK 11-2025,settlement,2,зимовка Сарыозек 1,Сарыөзек 1 қыстауы
356455118,NK RK 11-2025,settlement,2,зимовка Сарыозек 2,Сарыөзек 2 қыстауы
356455119,NK RK 11-2025,settlement,2,зимовка Сасыкбулак,Сасықбұлақ қыстауы
356455121,NK RK 11-2025,settlement,2,зимовка Тайлак,Тайлақ қыстауы
356455122,NK RK 11-2025,settlement,2,с.Батыстау,Батыстау а.
356455123,NK RK 11-2025,settlement,2,зимовка Акирек,Ақирек қыстауы
356455124,NK RK 11-2025,settlement,2,зимовка Донгелек,Дөнгелек қыстауы
356455125,NK RK 11-2025,settlement,2,зимовка Караш,Қараш қыстауы
356455126,NK RK 11-2025,settlement,2,зимовка Каскар,Қасқар қыстауы
356455127,NK RK 11-2025,settlement,2,зимовка Койтас,Қойтас қыстауы
356455128,NK RK 11-2025,settlement,2,зимовка Кунанбай,Құнанбай қыстауы
356455129,NK RK 11-2025,settlement,2,зимовка Узынбулак,Ұзынбұлақ қыстауы
356459000,NK RK 11-2025,sub_district,2,Талдинский с.о.,Талды а.о.
356459100,NK RK 11-2025,settlement,2,с.Талды,Талды а.
356459200,NK RK 11-2025,settlement,2,с.Берекеши,Берекеші а.
356459300,NK RK 11-2025,settlement,2,с.Жанажурт,Жаңажұрт а.
356459302,NK RK 11-2025,settlement,2,зимовка Байбала,Байбала қыстауы
356461000,NK RK 11-2025,sub_district,2,Коктенкольский с.о.,Көктіңкөл а.о.
356461100,NK RK 11-2025,settlement,2,с.Коктенколь,Көктіңкөл а.
356461102,NK RK 11-2025,settlement,2,зимовка Актайлак,Ақтайлақ қыстауы
356461103,NK RK 11-2025,settlement,2,Водокачка,Суайдағыш
356461104,NK RK 11-2025,settlement,2,зимовка Керегетас,Керегетас қыстауы
356461200,NK RK 11-2025,settlement,2,с.Алихан,Әлихан а.
356461202,NK RK 11-2025,settlement,2,рзд.43,рзд.43
356461300,NK RK 11-2025,settlement,2,с.Жыланды,Жыланды а.
356461400,NK RK 11-2025,settlement,2,ст.Коктинколи,Көктіңкөлі ст.
356461700,NK RK 11-2025,settlement,2,с.Акжол,Ақжол а.
356463000,NK RK 11-2025,sub_district,2,Нижнекайрактинский с.о.,Төменгі Қайрақты а.о.
356463100,NK RK 11-2025,settlement,2,с.Нижние Кайракты,Төменгі Қайрақты а.
356463300,NK RK 11-2025,settlement,2,с.Верхние Кайракты,Жоғарғы Қайрақты а.
356467000,NK RK 11-2025,sub_district,2,Краснополянский с.о.,Красная Поляна а.о.
356467100,NK RK 11-2025,settlement,2,с.Красная Поляна,Красная Поляна а.
356467200,NK RK 11-2025,settlement,2,с.Бекет,Бекет а.
356467300,NK RK 11-2025,settlement,2,с.Дерипсал,Деріпсал а.
356467400,NK RK 11-2025,settlement,2,с.Карамурун,Қарамұрын а.
356467407,NK RK 11-2025,settlement,2,с.Байгара,Байғара а.
356467411,NK RK 11-2025,settlement,2,с.Сулумадине,Сұлумәдинә а.
356469000,NK RK 11-2025,sub_district,2,с.о. Карима Мынбаева,Кәрім Мыңбаев а.о.
356469100,NK RK 11-2025,settlement,2,с.Кызылтау,Қызылтау а.
356469102,NK RK 11-2025,settlement,2,зимовка Аксоран,Ақсораң қыстауы
356469104,NK RK 11-2025,settlement,2,зимовка Едиге,Едіге қыстауы
356469106,NK RK 11-2025,settlement,2,зимовка Комсомольское,Комсомольское қыстауы
356469107,NK RK 11-2025,settlement,2,зимовка Караматак,Қараматақ қыстауы
356469108,NK RK 11-2025,settlement,2,зимовка Казансынган,Қазансынған қыстауы
356469109,NK RK 11-2025,settlement,2,зимовка Кызылтас,Қызылтас қыстауы
356469111,NK RK 11-2025,settlement,2,зимовка Сарыматак,Сарыматақ қыстауы
356469112,NK RK 11-2025,settlement,2,Отделение 1,Бөлімше 1
356469113,NK RK 11-2025,settlement,2,зимовка Дальный,Дальный қыстауы
356469114,NK RK 11-2025,settlement,2,зимовка Завод,Завод қыстауы
356469115,NK RK 11-2025,settlement,2,зимовка Жылкыбай,Жылқыбай қыстауы
356469116,NK RK 11-2025,settlement,2,зимовка Караунгир,Қараүңгір қыстауы
356469117,NK RK 11-2025,settlement,2,зимовка Кожажал,Қожажал қыстауы
356469118,NK RK 11-2025,settlement,2,зимовка Коныртобе,Қоңыртөбе қыстауы
356469119,NK RK 11-2025,settlement,2,зимовка Отделение 2,Отделение 2 қыстауы
356469121,NK RK 11-2025,settlement,2,зимовка Студент,Студент қыстауы
356469122,NK RK 11-2025,settlement,2,зимовка Тырнакты,Тырнақты қыстауы
356469123,NK RK 11-2025,settlement,2,зимовка Шолак-Еспе,Шолақ-Еспе қыстауы
356471000,NK RK 11-2025,sub_district,2,Мойынтынская п.а.,Мойынты к.ә.
356471100,NK RK 11-2025,settlement,2,п.Мойынты,Мойынты к.
356471103,NK RK 11-2025,settlement,2,зимовка Кос-кудук,Қос-құдық қыстауы
356471104,NK RK 11-2025,settlement,2,зимовка Коян-Ак,Қоян-ақ қыстауы
356471105,NK RK 11-2025,settlement,2,рзд.Сары-кум,рзд.Сары-құм
356471106,NK RK 11-2025,settlement,2,зимовка Тас-кудук,Тас-құдық қыстауы
356471200,NK RK 11-2025,settlement,2,с.Акбулак,Ақбұлақ а.
356471202,NK RK 11-2025,settlement,2,зимовка Аксай,Ақсай қыстауы
356471209,NK RK 11-2025,settlement,2,зимовка Жыланды,Жыланды қыстауы
356473000,NK RK 11-2025,sub_district,2,Нураталдинский с.о.,Нұраталды а.о.
356473100,NK RK 11-2025,settlement,2,с.Кошкарбай,Қошқарбай а.
356473102,NK RK 11-2025,settlement,2,Молзавод,Сүтзауыты
356473103,NK RK 11-2025,settlement,2,зимовка Толегенбаз,Төлегенбаз қыстауы
356473200,NK RK 11-2025,settlement,2,с.Аккияк,Аққияқ а.
356473300,NK RK 11-2025,settlement,2,с.Аксу,Ақсу а.
356473307,NK RK 11-2025,settlement,2,зимовка Тесиктас,Тесіктас қыстауы
356473400,NK RK 11-2025,settlement,2,с.Кызылкой,Қызылқой а.
356473405,NK RK 11-2025,settlement,2,зимовка Бабан,Бабан қыстауы
356473500,NK RK 11-2025,settlement,2,с.Шопа,Шопа а.
356475000,NK RK 11-2025,sub_district,2,Ортауский с.о.,Ортау а.о.
356475100,NK RK 11-2025,settlement,2,с.Ортау,Ортау а.
356475102,NK RK 11-2025,settlement,2,зимовка Аксай,Ақсай қыстауы
356475103,NK RK 11-2025,settlement,2,зимовка Аманбай,Аманбай қыстауы
356475104,NK RK 11-2025,settlement,2,зимовка Кара оба,Қара оба қыстауы
356475105,NK RK 11-2025,settlement,2,зимовка Кооператив,Кооператив қыстауы
356475106,NK RK 11-2025,settlement,2,зимовка Аккезен,Ақкезең қыстауы
356475107,NK RK 11-2025,settlement,2,зимовка Даулетбек,Дәулетбек қыстауы
356475108,NK RK 11-2025,settlement,2,зимовка Оспан,Оспан қыстауы
356475109,NK RK 11-2025,settlement,2,зимовка Рахимбек,Рахымбек қыстауы
356475200,NK RK 11-2025,settlement,2,с.Босага,Босаға а.
356475202,NK RK 11-2025,settlement,2,зимовка Бирназар,Бірназар қыстауы
356475203,NK RK 11-2025,settlement,2,зимовка Ержан,Ержан қыстауы
356475204,NK RK 11-2025,settlement,2,зимовка Досал,Досал қыстауы
356475206,NK RK 11-2025,settlement,2,зимовка Копыроба,Көпіроба қыстауы
356475207,NK RK 11-2025,settlement,2,зимовка Тазоба,Тазоба қыстауы
356475400,NK RK 11-2025,settlement,2,с.Сарыбулак,Сарыбұлақ а.
356475402,NK RK 11-2025,settlement,2,зимовка Кантарбай,Қаңтарбай қыстауы
356475403,NK RK 11-2025,settlement,2,зимовка Каргабай,Қарғабай қыстауы
356475404,NK RK 11-2025,settlement,2,зимовка Койтас,Қойтас қыстауы
356475405,NK RK 11-2025,settlement,2,зимовка Курманапа,Құрманапа қыстауы
356475406,NK RK 11-2025,settlement,2,зимовка Сарыжал,Сарыжал қыстауы
356475407,NK RK 11-2025,settlement,2,с.Жартас,Жартас а.
356475408,NK RK 11-2025,settlement,2,зимовка Алабас малая,Кіші Алабас қыстауы
356475409,NK RK 11-2025,settlement,2,зимовка Мечеть,Мешіт қыстауы
356475411,NK RK 11-2025,settlement,2,зимовка Узынжол,Ұзынжол қыстауы
356475412,NK RK 11-2025,settlement,2,зимовка Шаппан кажы,Шаппан қажы қыстауы
356477000,NK RK 11-2025,sub_district,2,Успенский с.о.,Успен а.о.
356477100,NK RK 11-2025,settlement,2,с.Успенское,Успенское а.
356477200,NK RK 11-2025,settlement,2,с.Айгыржал,Айғыржал а.
356477300,NK RK 11-2025,settlement,2,ст.Айса,Айса ст.
356477400,NK RK 11-2025,settlement,2,с.Еркиндык,Еркіндік а.
356479000,NK RK 11-2025,sub_district,2,Акойский с.о.,Ақой а.о.
356479100,NK RK 11-2025,settlement,2,с.Акой,Ақой а.
356479102,NK RK 11-2025,settlement,2,зимовка Аксу,Ақсу қыстауы
356479103,NK RK 11-2025,settlement,2,зимовка Байшегир,Байшегір қыстауы
356481000,NK RK 11-2025,sub_district,2,Кийктинский с.о.,Киікті а.о.
356481100,NK RK 11-2025,settlement,2,с.Кийкти,Киікті а.
356481102,NK RK 11-2025,settlement,2,с.Аркарлы,Арқарлы а.
356481104,NK RK 11-2025,settlement,2,с.Акшагыл,Ақшағыл а.
356483000,NK RK 11-2025,sub_district,2,Тагылинский с.о.,Тағылы а.о.
356483100,NK RK 11-2025,settlement,2,с.Жумыскер,Жұмыскер а.
356483102,NK RK 11-2025,settlement,2,зимовка Акмаганбет,Ақмағанбет қыстауы
356483103,NK RK 11-2025,settlement,2,зимовка Ескібидайик,Ескібидайық қыстауы
356483104,NK RK 11-2025,settlement,2,зимовка Жанабидайик,Жаңабидайық қыстауы
356483108,NK RK 11-2025,settlement,2,зимовка Караоба,Қараоба қыстауы
356483109,NK RK 11-2025,settlement,2,зимовка Кулак,Құлақ қыстауы
356483111,NK RK 11-2025,settlement,2,зимовка Мынкауга,Мыңқауға қыстауы
356483112,NK RK 11-2025,settlement,2,зимовка Сельтей,Селтей қыстауы
356483113,NK RK 11-2025,settlement,2,зимовка Шетшокы,Шетшоқы қыстауы
356483114,NK RK 11-2025,settlement,2,зимовка Караганды,Қарағанды қыстауы
356483200,NK RK 11-2025,settlement,2,с.Койтас,Қойтас а.
356483202,NK RK 11-2025,settlement,2,с.Карасаз,Қарасаз а.
356483203,NK RK 11-2025,settlement,2,с.Костам,Қостам а.
356483300,NK RK 11-2025,settlement,2,с.Кызылту,Қызылту а.
356483302,NK RK 11-2025,settlement,2,зимовка Аякала,Аяқала қыстауы
356487000,NK RK 11-2025,sub_district,2,Шетский с.о.,Шет а.о.
356487100,NK RK 11-2025,settlement,2,с.Унрек,Үңірек а.
356487102,NK RK 11-2025,settlement,2,кр.хоз Акбереке,Ақбереке шарқож
356487103,NK RK 11-2025,settlement,2,кр.хоз Береке,Береке шарқож
356487200,NK RK 11-2025,settlement,2,с.Карамыс,Қарамыс а.
356487300,NK RK 11-2025,settlement,2,с.Куттыбай,Құттыбай а.
356487400,NK RK 11-2025,settlement,2,с.Тумсык,Тұмсық а.
390000000,NK RK 11-2025,oblast,0,Костанайская область,Қостанай облысы
391000000,NK RK 11-2025,district,1,Костанай Г.А.,Қостанай Қ.Ә.
391010000,NK RK 11-2025,sub_district,1,г.Костанай,Қостанай қ.
391600000,NK RK 11-2025,district,3,Аркалык Г.А.,Арқалық Қ.Ә.
391610000,NK RK 11-2025,sub_district,1,г.Аркалык,Арқалық қ.
391639000,NK RK 11-2025,sub_district,2,Ангарский с.о.,Аңғар а.о.
391639100,NK RK 11-2025,settlement,2,с.Ангарское,Аңғар а.
391643000,NK RK 11-2025,sub_district,2,Ашутастинский с.о.,Ашутасты а.о.
391643100,NK RK 11-2025,settlement,2,с.Ашутасты,Ашутасты а.
391643200,NK RK 11-2025,settlement,2,с.Аккошкар,Аққошқар а.
391643203,NK RK 11-2025,settlement,2,с.Айтбеке,Айтбеке а.
391643205,NK RK 11-2025,settlement,2,с.Жаксыбай,Жақсыбай а.
391643206,NK RK 11-2025,settlement,2,с.Карасай,Қарасай а.
391643208,NK RK 11-2025,settlement,2,с.Оспан,Оспан а.
391645000,NK RK 11-2025,sub_district,2,Восточный с.о.,Восточный а.о.
391645100,NK RK 11-2025,settlement,2,с.Восточное,Восточный а.
391646000,NK RK 11-2025,sub_district,2,Екидинская с.а.,Екідің а.ә.
391646100,NK RK 11-2025,settlement,2,с.Екидин,Екідің а.
391646114,NK RK 11-2025,settlement,2,с.Байдильда,Байділдә а.
391646115,NK RK 11-2025,settlement,2,с.Жуман,Жұман а.
391646117,NK RK 11-2025,settlement,2,с.Саугабай,Сауғабай а.
391646118,NK RK 11-2025,settlement,2,с.Шотаяк,Шотаяқ а.
391646121,NK RK 11-2025,settlement,2,с.Кабыл,Қабыл а.
391646122,NK RK 11-2025,settlement,2,с.Кокей,Көкей а.
391646123,NK RK 11-2025,settlement,2,с.Рыскелды,Рыскелды а.
391646124,NK RK 11-2025,settlement,2,с.Маятас,Маятас а.
391647000,NK RK 11-2025,sub_district,2,Жалгызталский с.о.,Жалғызтал а.о.
391647100,NK RK 11-2025,settlement,2,с.Жалгызтал,Жалғызтал а.
391648000,NK RK 11-2025,sub_district,2,Жанакалинский с.о.,Жаңақала а.о.
391648100,NK RK 11-2025,settlement,2,с.Әбдіғаппар хан,Әбдіғаппар хан а.
391648102,NK RK 11-2025,settlement,2,с.Абиш,Әбіш а.
391648105,NK RK 11-2025,settlement,2,с.Бектас,Бектас а.
391648109,NK RK 11-2025,settlement,2,с.Казыбек,Қазыбек а.
391648112,NK RK 11-2025,settlement,2,с.Кылышбай,Қылышбай а.
391648116,NK RK 11-2025,settlement,2,с.Токкожа,Тоққожа а.
391648118,NK RK 11-2025,settlement,2,с.Шалтай,Шалтай а.
391649000,NK RK 11-2025,sub_district,2,Коктауский с.о.,Көктау а.о.
391649100,NK RK 11-2025,settlement,2,с.Коктау,Көктау а.
391653000,NK RK 11-2025,sub_district,2,Кайындинский с.о.,Қайыңды а.о.
391653100,NK RK 11-2025,settlement,2,с.Кайынды,Қайыңды а.
391653104,NK RK 11-2025,settlement,2,уч.Боксы,Боқсы уч.
391653105,NK RK 11-2025,settlement,2,уч.Кога,Қоға уч.
391653300,NK RK 11-2025,settlement,2,с.Алуа,Алуа а.
391659000,NK RK 11-2025,sub_district,2,Молодежный с.о.,Молодежный а.о.
391659100,NK RK 11-2025,settlement,2,с.Молодежное,Молодежный а.
391659200,NK RK 11-2025,settlement,2,с.Матросово,Матросов а.
391661000,NK RK 11-2025,sub_district,2,Родининский с.о.,Родина а.о.
391661100,NK RK 11-2025,settlement,2,с.Родина,Родина а.
391661103,NK RK 11-2025,settlement,2,с.Айдар,Айдар а.
391661200,NK RK 11-2025,settlement,2,с.Мирное,Мирное а.
391663000,NK RK 11-2025,sub_district,2,Уштобинский с.о.,Үштөбе а.о.
391663100,NK RK 11-2025,settlement,2,с.Уштобе,Үштөбе а.
391665000,NK RK 11-2025,sub_district,2,Фурмановский с.о.,Фурманов а.о.
391665100,NK RK 11-2025,settlement,2,с.Фурманово,Фурманов а.
391667000,NK RK 11-2025,sub_district,2,Целинная с.а.,Целинное а.ә.
391667100,NK RK 11-2025,settlement,2,с.Целинное,Целинное а.
392000000,NK RK 11-2025,district,1,Лисаковск Г.А.,Лисаков Қ.Ә.
392010000,NK RK 11-2025,sub_district,1,г.Лисаковск,Лисаков қ.
392035000,NK RK 11-2025,sub_district,1,Октябрьская п.а.,Октябрь к.ә.
392035100,NK RK 11-2025,settlement,1,п.Октябрьский,Октябрь к.
392400000,NK RK 11-2025,district,3,Рудный Г.А.,Рудный Қ.Ә.
392410000,NK RK 11-2025,sub_district,1,г.Рудный,Рудный қ.
392433000,NK RK 11-2025,sub_district,3,Горняцкая п.а.,Горняк к.ә.
392433100,NK RK 11-2025,settlement,1,п.Горняцкий,Горняк к.
392433200,NK RK 11-2025,settlement,2,с.Перцевка,Перцов а.
392435000,NK RK 11-2025,sub_district,1,Качарская п.а.,Қашар к.ә.
392435100,NK RK 11-2025,settlement,1,п.Качар,Қашар к.
393200000,NK RK 11-2025,district,2,Алтынсаринский район,Алтынсарин ауданы
393230000,NK RK 11-2025,sub_district,2,Убаганский с.о.,Обаған а.о.
393230100,NK RK 11-2025,settlement,2,с.Убаганское,Обаған а.
393230200,NK RK 11-2025,settlement,2,с.Силантьевка,Силантьев а.
393230300,NK RK 11-2025,settlement,2,с.Бирюковка,Бирюков а.
393230400,NK RK 11-2025,settlement,2,с.Зуевка,Зуев а.
393230500,NK RK 11-2025,settlement,2,с.Малая Чураковка,Малая Чураков а.
393235000,NK RK 11-2025,sub_district,2,Большечураковский с.о.,Большой Чураков а.о.
393235100,NK RK 11-2025,settlement,2,с.Большая Чураковка,Большой Чураков а.
393235200,NK RK 11-2025,settlement,2,с.Новониколаевка,Новониколаев а.
393235300,NK RK 11-2025,settlement,2,с.Осиповка,Осипов а.
393235400,NK RK 11-2025,settlement,2,с.Приозерное,Приозерный а.
393235500,NK RK 11-2025,settlement,2,с.Кубековка,Көбек а.
393237000,NK RK 11-2025,sub_district,2,Димитровский с.о.,Димитров а.о.
393237100,NK RK 11-2025,settlement,2,с.Танабаевское,Танабай а.
393237200,NK RK 11-2025,settlement,2,с.Воробьевское,Воробьев а.
393241000,NK RK 11-2025,sub_district,2,с.о.Красный Кордон,Красный Кордон а.о.
393241100,NK RK 11-2025,settlement,2,с.Красный Кордон,Красный Кордон а.
393243000,NK RK 11-2025,sub_district,2,с.о.им.Ильяса Омарова,Ілияс Омаров атын. а.о.
393243100,NK RK 11-2025,settlement,2,с.им.Ильяса Омарова,Ілияс Омаров атын.а.
393243105,NK RK 11-2025,settlement,2,с.Степное,Степной а.
393243200,NK RK 11-2025,settlement,2,с.Жанасу,Жаңасу а.
393243300,NK RK 11-2025,settlement,2,с.Докучаевка,Докучаевка а.
393243400,NK RK 11-2025,settlement,2,с.Шокай,Шоқай а.
393245000,NK RK 11-2025,sub_district,2,с.о.имени Омара Шипина,Омар Шипин атындағы а.о.
393245100,NK RK 11-2025,settlement,2,с.Первомайское,Первомай а.
393245300,NK RK 11-2025,settlement,2,с.Темир Казык,Темір Қазық а.
393245302,NK RK 11-2025,settlement,2,с.Кызылагаш,Қызылағаш а.
393247000,NK RK 11-2025,sub_district,2,Новоалексеевская  с.а.,Новоалексеев а.ә.
393247100,NK RK 11-2025,settlement,2,с.Новоалексеевка,Новоалексеев а.
393247101,NK RK 11-2025,settlement,2,с.Анновка,Аннов а.
393255000,NK RK 11-2025,sub_district,2,Свердловский с.о.,Свердлов а.о.
393255100,NK RK 11-2025,settlement,2,с.Свердловка,Свердлов а.
393259000,NK RK 11-2025,sub_district,2,с.о.имени Мариям Хәкімжановой,Мариям Хәкімжанова атындағы а.о
393259100,NK RK 11-2025,settlement,2,с.Щербаково,Щербаков а.
393259200,NK RK 11-2025,settlement,2,с.Басбек,Басбек а.
393259300,NK RK 11-2025,settlement,2,с.Сатай,Сатай а.
393259400,NK RK 11-2025,settlement,2,с.Коскудук,Қосқұдық а.
393400000,NK RK 11-2025,district,2,Амангельдинский район,Амангелді ауданы
393430000,NK RK 11-2025,sub_district,2,Амангельдинский с.о.,Амангелді а.о.
393430100,NK RK 11-2025,settlement,2,с.Амангельды,Амангелді а.
393430200,NK RK 11-2025,settlement,2,с.Аккиси,Ақкісі а.
393430300,NK RK 11-2025,settlement,2,с.Есир,Есір а.
393430305,NK RK 11-2025,settlement,2,с.Мукур,Мұқыр а.
393430400,NK RK 11-2025,settlement,2,с.Кемер,Кемер а.
393430500,NK RK 11-2025,settlement,2,с.Когалыколь,Қоғалыкөл а.
393433000,NK RK 11-2025,sub_district,2,Аксайский с.о.,Ақсай а.о.
393433100,NK RK 11-2025,settlement,2,с.Аксай,Ақсай а.
393437000,NK RK 11-2025,sub_district,2,Амантогайский с.о.,Амантоғай а.о.
393437100,NK RK 11-2025,settlement,2,с.Амантогай,Амантоғай а.
393437104,NK RK 11-2025,settlement,2,с.Макат,Мақат а.
393437105,NK RK 11-2025,settlement,2,с.Каражар,Қаражар а.
393437280,NK RK 11-2025,settlement,2,с.Жалдама,Жалдама а.
393437700,NK RK 11-2025,settlement,2,с.Шакпак,Шақпақ а.
393437703,NK RK 11-2025,settlement,2,с.Аксуат,Ақсуат а.
393437704,NK RK 11-2025,settlement,2,с.Балгабай,Балғабай а.
393437705,NK RK 11-2025,settlement,2,с.Бесбай,Бесбай а.
393437706,NK RK 11-2025,settlement,2,с.Тобе,Төбе а.
393443000,NK RK 11-2025,sub_district,2,Байгабылский с.о.,Байғабыл а.о.
393443100,NK RK 11-2025,settlement,2,с.Байгабыл,Байғабыл а.
393443104,NK RK 11-2025,settlement,2,с.Смаил,Смайыл а.
393443105,NK RK 11-2025,settlement,2,с.Алембай,Әлембай а.
393443106,NK RK 11-2025,settlement,2,с.Кокпектиколь,Көкпектікөл а.
393443300,NK RK 11-2025,settlement,2,с.Жетибай,Жетібай а.
393443302,NK RK 11-2025,settlement,2,с.Айткул,Айткүл а.
393443303,NK RK 11-2025,settlement,2,с.Байдос,Байдос а.
393443304,NK RK 11-2025,settlement,2,станция,станса
393453000,NK RK 11-2025,sub_district,2,Кабыргинский с.о.,Қабырға а.о.
393453100,NK RK 11-2025,settlement,2,с.Кабырга,Қабырға а.
393453102,NK RK 11-2025,settlement,2,с.Алаколь,Алакөл а.
393453400,NK RK 11-2025,settlement,2,с.Жанатай,Жаңатай а.
393459000,NK RK 11-2025,sub_district,2,Карасуский с.о.,Қарасу а.о.
393459100,NK RK 11-2025,settlement,2,с.Карасу,Қарасу а.
393459103,NK RK 11-2025,settlement,2,Маш.двор,Маш.ауласы
393459180,NK RK 11-2025,settlement,2,с.им.Абу Сыздыкова,Әбу Сыздықов ат.а.
393459200,NK RK 11-2025,settlement,2,с.Агайдар,Ақайдар а.
393459202,NK RK 11-2025,settlement,2,с.Аккорга,Аққорға а.
393459203,NK RK 11-2025,settlement,2,с.Жасбуын,Жасбуын а.
393459204,NK RK 11-2025,settlement,2,с.Катон,Катон а.
393459400,NK RK 11-2025,settlement,2,с.Есенбаев,Есенбаев а.
393459402,NK RK 11-2025,settlement,2,с.Айкожа,Айғожа а.
393461000,NK RK 11-2025,sub_district,2,Кумкешуский с.о.,Құмкешу а.о.
393461100,NK RK 11-2025,settlement,2,с.Кумкешу,Құмкешу а.
393461104,NK RK 11-2025,settlement,2,с.Кустобе,Құстөбе а.
393461200,NK RK 11-2025,settlement,2,с.Айтбай,Айтбай а.
393465000,NK RK 11-2025,sub_district,2,Урпекский с.о.,Үрпек а.о.
393465100,NK RK 11-2025,settlement,2,с.Урпек,Үрпек а.
393465200,NK RK 11-2025,settlement,2,с.Агаштыколь,Ағаштыкөл а.
393465202,NK RK 11-2025,settlement,2,с.Байдаулет 1,Байдәулет 1 а.
393465300,NK RK 11-2025,settlement,2,с.Карашатобе,Қарашатөбе а.
393465400,NK RK 11-2025,settlement,2,с.Косжан,Қосжан а.
393465403,NK RK 11-2025,settlement,2,с.Комсомол,Комсомол а.
393465404,NK RK 11-2025,settlement,2,с.Кызылтас,Қызылтас а.
393475000,NK RK 11-2025,sub_district,2,Тастинский с.о.,Тасты а.о.
393475100,NK RK 11-2025,settlement,2,с.Тасты,Тасты а.
393475300,NK RK 11-2025,settlement,2,с.Карынсалды,Қарынсалды а.
393477000,NK RK 11-2025,sub_district,2,Уштогайский с.о.,Үштоғай а.о.
393477100,NK RK 11-2025,settlement,2,с.Уштогай,Үштоғай а.
393477200,NK RK 11-2025,settlement,2,с.Степняк,Степняк а.
393600000,NK RK 11-2025,district,2,Аулиекольский район,Әулиекөл ауданы
393630000,NK RK 11-2025,sub_district,2,Аулиекольский с.о.,Әулиекөл а.о.
393630100,NK RK 11-2025,settlement,2,с.Аулиеколь,Әулиекөл а.
393631000,NK RK 11-2025,sub_district,2,Аманкарагайский с.о.,Аманқарағай а.о.
393631100,NK RK 11-2025,settlement,2,с.Аманкарагай,Аманқарағай а.
393631105,NK RK 11-2025,settlement,2,с.Жилгородок,Жилгородок а.
393631300,NK RK 11-2025,settlement,2,с.Лесное,Лесной а.
393631307,NK RK 11-2025,settlement,2,с.Тургайский пролив,Торғай бұғазы а.
393631400,NK RK 11-2025,settlement,2,с.Озерное,Озерный а.
393633000,NK RK 11-2025,sub_district,2,Кушмурун п.а.,Құсмұрын к.ә.
393633100,NK RK 11-2025,settlement,2,п.Кушмурун,Құсмұрын к.
393633105,NK RK 11-2025,settlement,2,с.Кирова,Киров а.
393633107,NK RK 11-2025,settlement,2,с.Речное,Речной а.
393635000,NK RK 11-2025,sub_district,2,Диевский с.о.,Диев а.о.
393635100,NK RK 11-2025,settlement,2,с.Диевка,Диев а.
393635300,NK RK 11-2025,settlement,2,с.Ушкарасу,Үшқарасу а.
393635400,NK RK 11-2025,settlement,2,с.Косагал,Қосағал а.
393635500,NK RK 11-2025,settlement,2,с.К.Тургумбаева,Қ.Тұрғымбаев а.
393637000,NK RK 11-2025,sub_district,2,Казанбасский с.о.,Қазанбасы а.о.
393637100,NK RK 11-2025,settlement,2,с.Октябрьское,Октябрь а.
393637200,NK RK 11-2025,settlement,2,с.Баганалы,Бағаналы а.
393637400,NK RK 11-2025,settlement,2,с.Казанбасы,Қазанбасы а.
393637500,NK RK 11-2025,settlement,2,с.Каракалпак,Қарақалпақ а.
393641000,NK RK 11-2025,sub_district,2,Москалевская с.а.,Москалев а.ә.
393641100,NK RK 11-2025,settlement,2,с.Москалевка,Москалев а.
393641102,NK RK 11-2025,settlement,2,Сторож дома отдыха,Демалыс үйінің күзетшісі
393643000,NK RK 11-2025,sub_district,2,Новонежинский с.о.,Новонежин а.о.
393643100,NK RK 11-2025,settlement,2,с.Новонежинка,Новонежин а.
393643200,NK RK 11-2025,settlement,2,с.Калинин,Калинин а.
393643205,NK RK 11-2025,settlement,2,с.Миалы,Миалы а.
393643280,NK RK 11-2025,settlement,2,с.Жосалы,Жосалы а.
393645000,NK RK 11-2025,sub_district,2,Новоселовский с.о.,Новоселов а.о.
393645100,NK RK 11-2025,settlement,2,с.Новоселовка,Новоселов а.
393645200,NK RK 11-2025,settlement,2,с.Аккудук,Аққұдық а.
393645300,NK RK 11-2025,settlement,2,с.Кургуус,Құрқуыс а.
393645400,NK RK 11-2025,settlement,2,с.Сосновка,Соснов а.
393647000,NK RK 11-2025,sub_district,2,Сулыкольский с.о.,Сұлыкөл а.о.
393647100,NK RK 11-2025,settlement,2,с.Юльевка,Юльев а.
393647200,NK RK 11-2025,settlement,2,с.Федосеевка,Федосеев а.
393649000,NK RK 11-2025,sub_district,2,с.а.Тимофеевка,Тимофеевка а.ә.
393649100,NK RK 11-2025,settlement,2,с.Тимофеевка,Тимофеев а.
393649103,NK RK 11-2025,settlement,2,с.Булаксор,Бұлақсор а.
393651000,NK RK 11-2025,sub_district,2,Черниговский с.о.,Чернигов а.о.
393651100,NK RK 11-2025,settlement,2,с.Черниговка,Чернигов а.
393651104,NK RK 11-2025,settlement,2,с.Жаргатыз,Жарықатыз а.
393651300,NK RK 11-2025,settlement,2,с.Дузбай,Жүзбай а.
393651400,NK RK 11-2025,settlement,2,с.Харьковка,Харьков а.
393653000,NK RK 11-2025,sub_district,2,Первомайская с.а.,Первомайское а.ә.
393653100,NK RK 11-2025,settlement,2,с.Первомайское,Первомайское а.
393656000,NK RK 11-2025,sub_district,2,с.а.Коктал,Көктал а.ә.
393656100,NK RK 11-2025,settlement,2,с.Коктал,Көктал а.
393656105,NK RK 11-2025,settlement,2,с.Карагансай,Қарағансай а.
393656109,NK RK 11-2025,settlement,2,с.Шагала,Шағала а.
394000000,NK RK 11-2025,district,2,Денисовский район,Денисов ауданы
394030000,NK RK 11-2025,sub_district,2,Денисовский с.о.,Денисов а.о.
394030100,NK RK 11-2025,settlement,2,с.Денисовка,Денисов а.
394030102,NK RK 11-2025,settlement,2,с.Калиновка,Калинов а.
394030103,NK RK 11-2025,settlement,2,с.Целинное,Целинный а.
394030200,NK RK 11-2025,settlement,2,с.Некрасовка,Некрасов а.
394030300,NK RK 11-2025,settlement,2,с.Гришенка,Гришен а.
394033000,NK RK 11-2025,sub_district,2,Архангельский с.о.,Архангельск а.о.
394033100,NK RK 11-2025,settlement,2,с.Жалтырколь,Жалтыркөл а.
394033200,NK RK 11-2025,settlement,2,с.Архангельское,Архангельск а.
394035000,NK RK 11-2025,sub_district,2,Аршалинский с.о.,Аршалы а.о.
394035100,NK RK 11-2025,settlement,2,с.Аршалы,Аршалы а.
394035101,NK RK 11-2025,settlement,2,с.Алаколь,Алакөл а.
394035300,NK RK 11-2025,settlement,2,с.Георгиевка,Георгиев а.
394035400,NK RK 11-2025,settlement,2,с.Набережное,Набережный а.
394035500,NK RK 11-2025,settlement,2,с.Комаровка,Комаров а.
394035502,NK RK 11-2025,settlement,2,с.Первомайское,Первомай а.
394037000,NK RK 11-2025,sub_district,2,Аятский с.о.,Әйет а.о.
394037100,NK RK 11-2025,settlement,2,с.Аятское,Әйет а.
394037103,NK RK 11-2025,settlement,2,с.Аксу,Ақсу а.
394037106,NK RK 11-2025,settlement,2,с.Синегорск,Синегорск а.
394037107,NK RK 11-2025,settlement,2,с.Тастыколь,Тастыкөл а.
394037300,NK RK 11-2025,settlement,2,с.Зааятское,Заәйет а.
394037303,NK RK 11-2025,settlement,2,с.Караоба,Қараоба а.
394045000,NK RK 11-2025,sub_district,2,Красноармейский с.о.,Красноармейск а.о.
394045100,NK RK 11-2025,settlement,2,с.Фрунзенское,Фрунзе а.
394045200,NK RK 11-2025,settlement,2,с.Кочержиновка,Кочержинов а.
394045300,NK RK 11-2025,settlement,2,с.Красноармейское,Красноармейск а.
394045303,NK RK 11-2025,settlement,2,с.Тавриченка,Тавриченка а.
394047000,NK RK 11-2025,sub_district,2,с.а.Крымское,Қырым а.ә.
394047100,NK RK 11-2025,settlement,2,с.Крымское,Кырым а.
394055000,NK RK 11-2025,sub_district,2,с.о.Перелески,Перелески а.о.
394055100,NK RK 11-2025,settlement,2,с.Перелески,Перелески а.
394057000,NK RK 11-2025,sub_district,2,Покровский с.о.,Покров а.о.
394057100,NK RK 11-2025,settlement,2,с.Покровка,Покров а.
394057200,NK RK 11-2025,settlement,2,с.Досовка,Досов а.
394059000,NK RK 11-2025,sub_district,2,Приреченский с.о.,Приречен а.о.
394059100,NK RK 11-2025,settlement,2,с.Приреченка,Приречен а.
394059200,NK RK 11-2025,settlement,2,с.Окраинка,Окраин а.
394063000,NK RK 11-2025,sub_district,2,Свердловский с.о.,Свердлов а.о.
394063100,NK RK 11-2025,settlement,2,с.Свердловка,Свердлов а.
394063300,NK RK 11-2025,settlement,2,с.Подгорное,Подгорный а.
394063400,NK RK 11-2025,settlement,2,с.Приречное,Приречен а.
394065000,NK RK 11-2025,sub_district,2,Тельманский с.о.,Тельман а.о.
394065100,NK RK 11-2025,settlement,2,с.Антоновка,Антонов а.
394065103,NK RK 11-2025,settlement,2,с.Чебендовка,Шыбынды а.
394065104,NK RK 11-2025,settlement,2,с.Шункырколь,Шұңқыркөл а.
394065200,NK RK 11-2025,settlement,2,с.Алчановка,Әлшан а.
394067000,NK RK 11-2025,sub_district,2,Глебовская с.а.,Глебов а.ә.
394067100,NK RK 11-2025,settlement,2,с.Глебовка,Глебов а.
394067102,NK RK 11-2025,settlement,2,с.Шукубай,Шоқыбай а.
394200000,NK RK 11-2025,district,2,Жангельдинский район,Жангелдин ауданы
394230000,NK RK 11-2025,sub_district,2,Торгайский с.о.,Торғай а.о.
394230100,NK RK 11-2025,settlement,2,с.Торгай,Торғай а.
394233000,NK RK 11-2025,sub_district,2,Аккольская с.а.,Ақкөл а.ә.
394233100,NK RK 11-2025,settlement,2,с.Акколь,Ақкөл а.
394237000,NK RK 11-2025,sub_district,2,Акшиганакский с.о.,Ақшығанақ а.о.
394237100,NK RK 11-2025,settlement,2,с.Акшиганак,Ақшығанақ а.
394237105,NK RK 11-2025,settlement,2,с.Акмедия,Ақмедия а.
394237106,NK RK 11-2025,settlement,2,с.Казасалган,Қазасалған а.
394237107,NK RK 11-2025,settlement,2,с.Байкуат,Байқуат а.
394237108,NK RK 11-2025,settlement,2,с.Олжа,Олжа а.
394239000,NK RK 11-2025,sub_district,2,Албарбогетский с.о.,Албарбөгет а.о.
394239100,NK RK 11-2025,settlement,2,с.Кокалат,Көкалат а.
394239500,NK RK 11-2025,settlement,2,с.Колкамыс,Қолқамыс а.
394239502,NK RK 11-2025,settlement,2,с.Аксуат,Ақсуат а.
394243000,NK RK 11-2025,sub_district,2,Шегенская с.а.,Шеген а.ә.
394243100,NK RK 11-2025,settlement,2,с.Шеген,Шеген а.
394243102,NK RK 11-2025,settlement,2,с.Каргалы,Қарғалы а.
394243103,NK RK 11-2025,settlement,2,с.Аккорга,Аққорға а.
394243104,NK RK 11-2025,settlement,2,с.Жынгылды,Жыңғылды а.
394243105,NK RK 11-2025,settlement,2,с.Кумколь,Құмкөл а.
394247000,NK RK 11-2025,sub_district,2,Аралбайская с.а.,Аралбай а.ә.
394247100,NK RK 11-2025,settlement,2,с.Аралбай,Аралбай а.
394247102,NK RK 11-2025,settlement,2,с.Алаконыз,Алақоңыз а.
394247108,NK RK 11-2025,settlement,2,с.Босага,Босаға а.
394247111,NK RK 11-2025,settlement,2,с.Каратугай,Қаратоғай а.
394247114,NK RK 11-2025,settlement,2,с.Талдыколь,Талдыкөл а.
394247115,NK RK 11-2025,settlement,2,с.Шуакбай,Шуақбай а.
394247121,NK RK 11-2025,settlement,2,с.Куат,Қуат а.
394249000,NK RK 11-2025,sub_district,2,Жаркольский с.о.,Жаркөл а.о.
394249100,NK RK 11-2025,settlement,2,с.Тауыш,Тәуіш а.
394249102,NK RK 11-2025,settlement,2,с.Борлы,Борлы а.
394249200,NK RK 11-2025,settlement,2,с.Сарысу,Сарысу а.
394249202,NK RK 11-2025,settlement,2,с.Абилда,Әбілдә а.
394249203,NK RK 11-2025,settlement,2,с.Алкасор,Алқасор а.
394249400,NK RK 11-2025,settlement,2,с.Токанай,Тоқанай а.
394249405,NK RK 11-2025,settlement,2,с.Шынтемир,Шынтемір а.
394253000,NK RK 11-2025,sub_district,2,Каламкарасуский с.о.,Қаламқарасу а.о.
394253100,NK RK 11-2025,settlement,2,с.Каламкарасу,Қаламқарасу а.
394253105,NK RK 11-2025,settlement,2,с.Олмес,Өлмес а.
394253106,NK RK 11-2025,settlement,2,с.Шукыркопа,Шұкырқопа а.
394253300,NK RK 11-2025,settlement,2,с.Шубалан,Шұбалаң а.
394255000,NK RK 11-2025,sub_district,2,с.а.Ахмета Байтұрсынұлы,Ахмет Байтұрсынұлы а.ә.
394255100,NK RK 11-2025,settlement,2,с.Ахмета Байтұрсынұлы,Ахмет Байтұрсынұлы а.
394259000,NK RK 11-2025,sub_district,2,Кызбельский с.о.,Қызбел а.о.
394259100,NK RK 11-2025,settlement,2,с.Сага,Саға а.
394259300,NK RK 11-2025,settlement,2,с.Ошаганды,Ошағанды а.
394259307,NK RK 11-2025,settlement,2,с.Кумшик,Құмшық а.
394259308,NK RK 11-2025,settlement,2,с.Шолаккарасу,Шолаққарасу а.
394259400,NK RK 11-2025,settlement,2,с.Узынкарасу,Ұзынқарасу а.
394259403,NK RK 11-2025,settlement,2,с.Ток,Тоқ а.
394259600,NK RK 11-2025,settlement,2,с.Бидайык,Бидайық а.
394263000,NK RK 11-2025,sub_district,2,Сужарганская с.а.,Сужарған а.ә.
394263100,NK RK 11-2025,settlement,2,с.Сужарган,Сужарған а.
394263105,NK RK 11-2025,settlement,2,с.Байтемир,Байтемір а.
394265000,NK RK 11-2025,sub_district,2,Шилинский с.о.,Шилі а.о.
394265100,NK RK 11-2025,settlement,2,с.Шили,Шилі а.
394265200,NK RK 11-2025,settlement,2,с.Милисай,Милісай а.
394400000,NK RK 11-2025,district,4,Житикаринский район,Жітіқара ауданы
394420100,NK RK 11-2025,settlement,1,г.Житикара,Жітіқара қ.
394431000,NK RK 11-2025,sub_district,2,Пригородная с.а.,Пригородная а.ә.
394431100,NK RK 11-2025,settlement,2,с.Пригородное,Пригородное а.
394435000,NK RK 11-2025,sub_district,2,Большевистский с.о.,Большевик а.о.
394435100,NK RK 11-2025,settlement,2,с.Тургеновка,Тургеновка а.
394435300,NK RK 11-2025,settlement,2,с.Кусакан,Құсаққан а.
394435400,NK RK 11-2025,settlement,2,с.Хозрет,Қазірет а.
394435500,NK RK 11-2025,settlement,2,с.Тасыбай,Тасыбай а.
394435600,NK RK 11-2025,settlement,2,с.Шевченковка,Шевченковка а.
394443000,NK RK 11-2025,sub_district,2,Забеловский с.о.,Забелов а.о.
394443100,NK RK 11-2025,settlement,2,с.Забеловка,Забелов а.
394445000,NK RK 11-2025,sub_district,2,Милютинский с.о.,Милютин а.о.
394445100,NK RK 11-2025,settlement,2,с.Милютинка,Милютин а.
394447000,NK RK 11-2025,sub_district,2,Муктикольский с.о.,Мүктікөл а.о.
394447100,NK RK 11-2025,settlement,2,с.Муктиколь,Мүктікөл а.
394447102,NK RK 11-2025,settlement,2,с.Жалтырколь,Жалтыркөл а.
394447103,NK RK 11-2025,settlement,2,с.Кондыбай,Қондыбай а.
394447300,NK RK 11-2025,settlement,2,с.Волгоградское,Волгоград а.
394452000,NK RK 11-2025,sub_district,2,Приречный с.о.,Приречный а.о.
394452100,NK RK 11-2025,settlement,2,с.Приречное,Приречный а.
394455000,NK RK 11-2025,sub_district,2,Степной с.о.,Степной а.о.
394455100,NK RK 11-2025,settlement,2,с.Степное,Степной а.
394455200,NK RK 11-2025,settlement,2,с.Аккарга,Аққарға а.
394457000,NK RK 11-2025,sub_district,2,Тохтаровский с.о.,Тоқтаров а.о.
394457100,NK RK 11-2025,settlement,2,с.Тохтарово,Тоқтаров а.
394457300,NK RK 11-2025,settlement,2,с.Львовка,Львов а.
394459000,NK RK 11-2025,sub_district,2,Чайковская с.а.,Чайковская а.ә.
394459100,NK RK 11-2025,settlement,2,с.Чайковское,Чайковское а.
394465000,NK RK 11-2025,sub_district,2,Ырсайский с.о.,Ырсай а.о.
394465100,NK RK 11-2025,settlement,2,с.Ырсай,Ырсай а.
394800000,NK RK 11-2025,district,2,Камыстинский район,Қамысты ауданы
394830000,NK RK 11-2025,sub_district,2,Камыстинский с.о.,Қамысты а.о.
394830100,NK RK 11-2025,settlement,2,с.Камысты,Қамысты а.
394830200,NK RK 11-2025,settlement,2,с.Мечетное,Мешіт а.
394830300,NK RK 11-2025,settlement,2,с.Ливановка,Ливановка а.
394830500,NK RK 11-2025,settlement,2,с.Фрунзе,Фрунзе а.
394830502,NK RK 11-2025,settlement,2,с.Богдановка,Богданов а.
394831000,NK RK 11-2025,sub_district,2,Адаевский с.о.,Адаевка а.о.
394831100,NK RK 11-2025,settlement,2,с.Адаевка,Адаевка а.
394831105,NK RK 11-2025,settlement,2,с.Целинное,Целинный а.
394831300,NK RK 11-2025,settlement,2,с.Жаилма,Жайылма а.
394831303,NK RK 11-2025,settlement,2,с.Сахаровка,Сахаровка а.
394831305,NK RK 11-2025,settlement,2,с.Туфановка,Туфанов а.
394831500,NK RK 11-2025,settlement,2,с.Пушкино,Пушкин а.
394833000,NK RK 11-2025,sub_district,2,Алтынсаринская с.а.,Алтынсарин а.ә.
394833100,NK RK 11-2025,settlement,2,с.Алтынсарино,Алтынсарин а.
394833106,NK RK 11-2025,settlement,2,с.Филипповка,Филиппов а.
394833107,NK RK 11-2025,settlement,2,с.Свободное,Свободное а.
394833108,NK RK 11-2025,settlement,2,с.Попович,Попович а.
394835000,NK RK 11-2025,sub_district,2,Аралкольский с.о.,Аралкөл а.о.
394835100,NK RK 11-2025,settlement,2,с.Аралколь,Аралкөл а.
394835200,NK RK 11-2025,settlement,2,с.Уркаш,Орқаш а.
394835203,NK RK 11-2025,settlement,2,с.Тауксор,Тауықсор а.
394836000,NK RK 11-2025,sub_district,2,Аркинский с.о.,Арқа а.о.
394836100,NK RK 11-2025,settlement,2,с.Арка,Арқа а.
394836300,NK RK 11-2025,settlement,2,с.Красногорское,Красногор а.
394837000,NK RK 11-2025,sub_district,2,Бестобинская с.а.,Бестөбе а.ә.
394837100,NK RK 11-2025,settlement,2,с.Бестобе,Бестөбе а.
394837111,NK RK 11-2025,settlement,2,с.Оразкопа,Оразқопа а.
394845000,NK RK 11-2025,sub_district,2,Дружбинская с.а.,Дружба а.ә.
394845100,NK RK 11-2025,settlement,2,с.Дружба,Дружба а.
394849000,NK RK 11-2025,sub_district,2,Клочковский с.о.,Клочков а.о.
394849100,NK RK 11-2025,settlement,2,с.Клочково,Клочков а.
394849200,NK RK 11-2025,settlement,2,с.Талдыколь,Талдыкөл а.
394853000,NK RK 11-2025,sub_district,2,Карабатырский с.о.,Қарабатыр а.о.
394853100,NK RK 11-2025,settlement,2,с.Карабатыр,Қарабатыр а.
395000000,NK RK 11-2025,district,2,Карабалыкский район,Қарабалық ауданы
395030000,NK RK 11-2025,sub_district,2,Карабалыкская п.а.,Қарабалық к.ә.
395030100,NK RK 11-2025,settlement,2,п.Карабалык,Қарабалық к.
395033000,NK RK 11-2025,sub_district,2,Белоглинский с.о.,Белоглин а.о.
395033100,NK RK 11-2025,settlement,2,с.Белоглинка,Белоглин а.
395033200,NK RK 11-2025,settlement,2,с.Научное,Научный а.
395033300,NK RK 11-2025,settlement,2,с.Святославка,Святославка а.
395035000,NK RK 11-2025,sub_district,2,с.а.Босколь,Боскөл а.ә.
395035100,NK RK 11-2025,settlement,2,с.Босколь,Боскөл а.
395037000,NK RK 11-2025,sub_district,2,с.а.Бурли,Бөрлі а.ә.
395037100,NK RK 11-2025,settlement,2,с.Бурли,Бөрлі а.
395039000,NK RK 11-2025,sub_district,2,с.а.Лесное,Лесной а.ә.
395039100,NK RK 11-2025,settlement,2,с.Лесное,Лесной а.
395039102,NK RK 11-2025,settlement,2,с.Есенколь,Есенкөл а.
395039103,NK RK 11-2025,settlement,2,с.Славянка,Славянка а.
395046000,NK RK 11-2025,sub_district,2,Кособинский с.о.,Қособа а.о.
395046100,NK RK 11-2025,settlement,2,с.Славенка,Славен а.
395046102,NK RK 11-2025,settlement,2,с.Кызылту,Қызылту а.
395046103,NK RK 11-2025,settlement,2,Лесхоз,Орманшар
395046104,NK RK 11-2025,settlement,2,Подстанция,Қосалқыстанса
395046500,NK RK 11-2025,settlement,2,с.Кособа,Қособа а.
395046502,NK RK 11-2025,settlement,2,с.Березовское,Березовское а.
395047000,NK RK 11-2025,sub_district,2,Михайловский с.о.,Михайлов а.о.
395047100,NK RK 11-2025,settlement,2,с.Михайловка,Михайлов а.
395047200,NK RK 11-2025,settlement,2,с.Лесное,Лесное а.
395047400,NK RK 11-2025,settlement,2,с.Терентьевка,Терентьев а.
395049000,NK RK 11-2025,sub_district,2,Новотроицкий с.о.,Новотроицк а.о.
395049100,NK RK 11-2025,settlement,2,с.Новотроицкое,Новотроицк а.
395049200,NK RK 11-2025,settlement,2,с.Аккудук,Аққұдық а.
395049600,NK RK 11-2025,settlement,2,с.Магнай,Мағынай а.
395049603,NK RK 11-2025,settlement,2,с.Жамбыл,Жамбыл а.
395049605,NK RK 11-2025,settlement,2,с.Магнай,Мағнай а.
395049700,NK RK 11-2025,settlement,2,с.Подгородка,Подгород а.
395049703,NK RK 11-2025,settlement,2,с.Каерак,Қайрақ а.
395053000,NK RK 11-2025,sub_district,2,Урнекский с.о.,Өрнек а.о.
395053100,NK RK 11-2025,settlement,2,с.Приречное,Приречный а.
395053500,NK RK 11-2025,settlement,2,с.Урнек,Өрнек а.
395055000,NK RK 11-2025,sub_district,2,Побединская с.а.,Победа а.ә.
395055100,NK RK 11-2025,settlement,2,с.Победа,Победа а.
395059000,NK RK 11-2025,sub_district,2,Смирновский с.о.,Смирнов а.о.
395059100,NK RK 11-2025,settlement,2,с.Смирновка,Смирнов а.
395059103,NK RK 11-2025,settlement,2,с.Приозерное,Приозерный а.
395059400,NK RK 11-2025,settlement,2,с.Рыбкино,Рыбкин а.
395063000,NK RK 11-2025,sub_district,2,Станционый с.о.,Станционный а.о.
395063100,NK RK 11-2025,settlement,2,с.Станционное,Станционный а.
395063103,NK RK 11-2025,settlement,2,с.Дальнее,Дальний а.
395063300,NK RK 11-2025,settlement,2,с.Приуральское,Приурал а.
395063500,NK RK 11-2025,settlement,2,с.Шадыксаевка,Шадықсай а.
395065000,NK RK 11-2025,sub_district,2,Тогузакский с.о.,Тоғызақ а.о.
395065100,NK RK 11-2025,settlement,2,с.Тогузак,Тоғызақ а.
395065200,NK RK 11-2025,settlement,2,с.Веренка,Верен а.
395065300,NK RK 11-2025,settlement,2,с.Ворошиловка,Ворошилов а.
395065400,NK RK 11-2025,settlement,2,с.Гурьяновское,Гурянов а.
395065500,NK RK 11-2025,settlement,2,с.Ельшанское,Елшан а.
395065600,NK RK 11-2025,settlement,2,с.Котлованное,Котлован а.
395065700,NK RK 11-2025,settlement,2,с.Надеждинка,Надеждин а.
395065800,NK RK 11-2025,settlement,2,с.Сарыколь,Сарыкөл а.
395065900,NK RK 11-2025,settlement,2,с.Целинное,Целинный а.
395200000,NK RK 11-2025,district,2,Карасуский район,Қарасу ауданы
395230000,NK RK 11-2025,sub_district,2,Карасуский с.о.,Қарасу а.о.
395230100,NK RK 11-2025,settlement,2,с.Карасу,Қарасу а.
395230200,NK RK 11-2025,settlement,2,с.Восток,Восток а.
395230201,NK RK 11-2025,settlement,2,с.Алыкпаш,Алықпаш а.
395230300,NK RK 11-2025,settlement,2,с.Жумагул,Жұмағұл а.
395230500,NK RK 11-2025,settlement,2,с.Майское,Майское а.
395230700,NK RK 11-2025,settlement,2,с.Тюнтюгур,Тімтуір а.
395230702,NK RK 11-2025,settlement,2,с.Козубай,Қозыбай а.
395231000,NK RK 11-2025,sub_district,2,Айдарлинский с.о.,Айдарлы а.о.
395231100,NK RK 11-2025,settlement,2,с.Айдарлы,Айдарлы а.
395231200,NK RK 11-2025,settlement,2,с.Дружба,Дружба а.
395231300,NK RK 11-2025,settlement,2,с.Герцено,Герцен а.
395231500,NK RK 11-2025,settlement,2,с.Степное,Степной а.
395241000,NK RK 11-2025,sub_district,2,Жамбылский с.о.,Жамбыл а.о.
395241100,NK RK 11-2025,settlement,2,с.Жамбыл,Жамбыл а.
395241107,NK RK 11-2025,settlement,2,с.Западное,Западный а.
395241300,NK RK 11-2025,settlement,2,с.Павловское,Павлов а.
395247000,NK RK 11-2025,sub_district,2,Ильичевский с.о.,Ильичев а.о.
395247100,NK RK 11-2025,settlement,2,с.Комсомольское,Комсомол а.
395247105,NK RK 11-2025,settlement,2,с.Байганколь,Байығанкөл а.
395247300,NK RK 11-2025,settlement,2,с.Кызкеткен,Қызкеткен а.
395247400,NK RK 11-2025,settlement,2,с.Новоселовка,Новоселовка а.
395251000,NK RK 11-2025,sub_district,2,Карамырзинский с.о.,Қарамырза а.о.
395251100,NK RK 11-2025,settlement,2,с.Карамырза,Қарамырза а.
395251102,NK RK 11-2025,settlement,2,с.Суйгенсай,Сүйгенсай а.
395251300,NK RK 11-2025,settlement,2,с.Кошевое,Кошевой а.
395251302,NK RK 11-2025,settlement,2,с.Молодежное,Молодежный а.
395253000,NK RK 11-2025,sub_district,2,Койбагарский с.о.,Қойбағар а.о.
395253100,NK RK 11-2025,settlement,2,с.Койбагар,Қойбағар а.
395253200,NK RK 11-2025,settlement,2,с.Амангельды,Амангелді а.
395253202,NK RK 11-2025,settlement,2,с.Целинное,Целинный а.
395255000,NK RK 11-2025,sub_district,2,Люблинский с.о.,Люблин а.о.
395255100,NK RK 11-2025,settlement,2,с.Люблинка,Люблин а.
395255102,NK RK 11-2025,settlement,2,с.Носовка,Носов а.
395255300,NK RK 11-2025,settlement,2,с.Корниловка,Корнилов а.
395255305,NK RK 11-2025,settlement,2,с.Зареченка,Заречен а.
395255500,NK RK 11-2025,settlement,2,с.Симферополь,Симферополь а.
395261000,NK RK 11-2025,sub_district,2,Новопавловский с.о.,Новопавлов а.о.
395261100,NK RK 11-2025,settlement,2,с.Новопавловка,Новопавлов а.
395265000,NK RK 11-2025,sub_district,2,Жалгысканский с.о.,Жалғызхан а.о.
395265100,NK RK 11-2025,settlement,2,с.Жалгыскан,Жалғызхан а.
395267000,NK RK 11-2025,sub_district,2,Октябрьский с.о.,Октябрь а.о.
395267100,NK RK 11-2025,settlement,2,с.Октябрьское,Октябрь а.
395267200,NK RK 11-2025,settlement,2,с.Железнодорожное,Железнодорожное а.
395267203,NK RK 11-2025,settlement,2,с.Братское,Братское а.
395267400,NK RK 11-2025,settlement,2,с.Теректы,Теректі а.
395267403,NK RK 11-2025,settlement,2,с.Куленсай,Күленсай а.
395281000,NK RK 11-2025,sub_district,2,Ушаковский с.о.,Ушаков а.о.
395281100,NK RK 11-2025,settlement,2,с.Ушаково,Ушаков а.
395281300,NK RK 11-2025,settlement,2,с.Заря,Заря а.
395281500,NK RK 11-2025,settlement,2,с.Панфилово,Панфилов а.
395285000,NK RK 11-2025,sub_district,2,Челгашинский с.о.,Шалғышы а.о.
395285100,NK RK 11-2025,settlement,2,с.Челгаши,Шалғышы а.
395285200,NK RK 11-2025,settlement,2,с.Жаныспай,Жаныспай а.
395285300,NK RK 11-2025,settlement,2,с.Прогресс,Прогресс а.
395285400,NK RK 11-2025,settlement,2,с.Целинное,Целинный а.
395287000,NK RK 11-2025,sub_district,2,Черняевский с.о.,Черняев а.о.
395287100,NK RK 11-2025,settlement,2,с.Ленино,Ленин а.
395287200,NK RK 11-2025,settlement,2,с.Белозерка,Белозер а.
395287300,NK RK 11-2025,settlement,2,с.Зеленовка,Зеленов а.
395287500,NK RK 11-2025,settlement,2,с.Маршановка,Маршанов а.
395287600,NK RK 11-2025,settlement,2,с.Тучковка,Тучков а.
395287700,NK RK 11-2025,settlement,2,с.Черняевка,Черняев а.
395400000,NK RK 11-2025,district,4,Костанайский район,Қостанай ауданы
395420000,NK RK 11-2025,sub_district,1,Тобылская г.а.,Тобыл қ.ә.
395420100,NK RK 11-2025,settlement,1,г.Тобыл,Тобыл қ.
395431000,NK RK 11-2025,sub_district,2,Заречный с.о.,Заречный а.о.
395431100,NK RK 11-2025,settlement,2,Заречное с.,Заречный а.
395431200,NK RK 11-2025,settlement,2,с.Абай,Абай а.
395431300,NK RK 11-2025,settlement,2,с.Новоселовка,Новоселов а.
395431400,NK RK 11-2025,settlement,2,с.Осиновка,Осинов а.
395431500,NK RK 11-2025,settlement,2,с.Рыспай,Рыспай а.
395431600,NK RK 11-2025,settlement,2,с.Талапкер,Талапкер а.
395433000,NK RK 11-2025,sub_district,2,Александровский с.о.,Александров а.о.
395433100,NK RK 11-2025,settlement,2,с.Александровка,Александров а.
395433200,NK RK 11-2025,settlement,2,с.Еңбек,Еңбек а.
395433300,NK RK 11-2025,settlement,2,с.Жуковка,Жуков а.
395433500,NK RK 11-2025,settlement,2,с.имени И.Ф.Павлова,И.Ф.Павлов атындағы а.
395435000,NK RK 11-2025,sub_district,2,Белозерский с.о.,Белозер а.о.
395435100,NK RK 11-2025,settlement,2,с.Белозерка,Белозер а.
395435200,NK RK 11-2025,settlement,2,с.Балыкты,Балықты а.
395435300,NK RK 11-2025,settlement,2,с.Сергеевка,Сергеев а.
395439000,NK RK 11-2025,sub_district,2,Владимировский с.о.,Владимиров а.о.
395439100,NK RK 11-2025,settlement,2,с.Владимировка,Владимиров а.
395439103,NK RK 11-2025,settlement,2,с.Янушевка,Янушевка а.
395439200,NK RK 11-2025,settlement,2,с.Сормовка,Сормов а.
395443000,NK RK 11-2025,sub_district,2,Айсаринский с.о.,Айсары а.о.
395443100,NK RK 11-2025,settlement,2,с.Айсары,Айсары а.
395443200,NK RK 11-2025,settlement,2,с.Қостомар,Қостомар а.
395443300,NK RK 11-2025,settlement,2,с.Степное,Степной а.
395443500,NK RK 11-2025,settlement,2,с.Половниковка,Половниковка а.
395443502,NK RK 11-2025,settlement,2,с.Жаксылык,Жақсылық а.
395445000,NK RK 11-2025,sub_district,2,Ждановский с.о.,Жданов а.о.
395445100,NK RK 11-2025,settlement,2,с.Ждановка,Жданов а.
395445101,NK RK 11-2025,settlement,2,с.Аккабак,Аққабақ а.
395445400,NK RK 11-2025,settlement,2,с.Васильевка,Васильев а.
395445600,NK RK 11-2025,settlement,2,с.Кировка,Киров а.
395445800,NK RK 11-2025,settlement,2,с.Семилетка,Семилетка а.
395447000,NK RK 11-2025,sub_district,2,Майкольский с.о.,Майкөл а.о.
395447100,NK RK 11-2025,settlement,2,с.Майколь,Майкөл а.
395447200,NK RK 11-2025,settlement,2,с.Арман,Арман а.
395447400,NK RK 11-2025,settlement,2,с.Рязановка,Рязанов а.
395447500,NK RK 11-2025,settlement,2,с.Шеминовское,Шеминов а.
395449000,NK RK 11-2025,sub_district,2,Московский с.о.,Мәскеу а.о.
395449100,NK RK 11-2025,settlement,2,с.Московское,Мәскеу а.
395449300,NK RK 11-2025,settlement,2,с.Светлый Жарколь,Светлый Жаркөл а.
395451000,NK RK 11-2025,sub_district,2,Мичуринский с.о.,Мичурин а.о.
395451100,NK RK 11-2025,settlement,2,с.Мичуринское,Мичурин а.
395451102,NK RK 11-2025,settlement,2,Полевой стан Госсортучастка,Мемреттеу дала қосы
395451200,NK RK 11-2025,settlement,2,с.Алтынсарино,Алтынсарин а.
395451300,NK RK 11-2025,settlement,2,с.Садовое,Садовый а.
395453000,NK RK 11-2025,sub_district,2,Надеждинский с.о.,Надеждин а.о.
395453100,NK RK 11-2025,settlement,2,с.Надеждинка,Надеждин а.
395453200,NK RK 11-2025,settlement,2,с.Майалап,Майалап а.
395453300,NK RK 11-2025,settlement,2,с.Воскресеновка,Воскресенов а.
395455000,NK RK 11-2025,sub_district,2,Озерный с.о.,Озерный а.о.
395455100,NK RK 11-2025,settlement,2,с.Озерное,Озерное а.
395455300,NK RK 11-2025,settlement,2,с.Суриковка,Суриковка а.
395455500,NK RK 11-2025,settlement,2,с.Шишкинское,Шишкинское а.
395459000,NK RK 11-2025,sub_district,2,Жамбылский с.о.,Жамбыл а.о.
395459100,NK RK 11-2025,settlement,2,с.Жамбыл,Жамбыл а.
395459200,NK RK 11-2025,settlement,2,с.Алтын дала,Алтын дала а.
395459300,NK RK 11-2025,settlement,2,с.Самир,Сәмір а.
395463000,NK RK 11-2025,sub_district,2,Садчиковский с.о.,Садчиков а.о.
395463100,NK RK 11-2025,settlement,2,с.Садчиковка,Садчиков а.
395463200,NK RK 11-2025,settlement,2,с.Константиновка,Константинов а.
395465000,NK RK 11-2025,sub_district,2,Октябрьский с.о.,Октябрь а.о.
395465100,NK RK 11-2025,settlement,2,с.Октябрьское,Октябрь а.
395465200,NK RK 11-2025,settlement,2,с.Лиманное,Лиманный а.
395465300,NK RK 11-2025,settlement,2,с.Молокановка,Молоканов а.
395465400,NK RK 11-2025,settlement,2,с.Нечаевка,Нечаев а.
395465500,NK RK 11-2025,settlement,2,с.Рыбное,Рыбный а.
395465600,NK RK 11-2025,settlement,2,с.Шоккарагай,Шоққарағай а.
395467000,NK RK 11-2025,sub_district,2,Ульяновский с.о.,Ульянов а.о.
395467100,NK RK 11-2025,settlement,2,с.Ульяновское,Ульянов а.
395467105,NK RK 11-2025,settlement,2,с.Ломоносовка,Ломоносов а.
395467200,NK RK 11-2025,settlement,2,с.Бегежан,Бегежан а.
395600000,NK RK 11-2025,district,2,Мендыкаринский район,Меңдіқара ауданы
395630000,NK RK 11-2025,sub_district,2,Боровской с.о.,Боровской а.о.
395630100,NK RK 11-2025,settlement,2,с.Боровской,Боровской а.
395633000,NK RK 11-2025,sub_district,2,Алешинский с.о.,Алешин а.о.
395633100,NK RK 11-2025,settlement,2,с.Молодежное,Молодежный а.
395633200,NK RK 11-2025,settlement,2,с.Алешинка,Алешина а.
395633300,NK RK 11-2025,settlement,2,с.Алкау,Алқау а.
395639000,NK RK 11-2025,sub_district,2,Буденновский с.о.,Буденный а.о.
395639100,NK RK 11-2025,settlement,2,с.Буденновка,Буденный а.
395639105,NK RK 11-2025,settlement,2,с.Маковка,Маков а.
395639200,NK RK 11-2025,settlement,2,с.Кызыл Ту,Қызыл Ту а.
395643000,NK RK 11-2025,sub_district,2,Введенский с.о.,Введен а.о.
395643100,NK RK 11-2025,settlement,2,с.Введенка,Введен а.
395643105,NK RK 11-2025,settlement,2,с.Каренинка,Каренин а.
395643107,NK RK 11-2025,settlement,2,с.Милютинка,Милютин а.
395643200,NK RK 11-2025,settlement,2,с.Загаринка,Загарин а.
395647000,NK RK 11-2025,sub_district,2,Краснопресненский с.о.,Краснопреснен а.о.
395647100,NK RK 11-2025,settlement,2,с.Красная Пресня,Красная Пресня а.
395647106,NK RK 11-2025,settlement,2,с.Целинное,Целинный а.
395647200,NK RK 11-2025,settlement,2,с.Балыкты,Балықты а.
395647300,NK RK 11-2025,settlement,2,с.Лоба,Лоба а.
395649000,NK RK 11-2025,sub_district,2,Каракогинский с.о.,Қарақоға а.о.
395649100,NK RK 11-2025,settlement,2,с.Узынагаш,Ұзынағаш а.
395649103,NK RK 11-2025,settlement,2,с.Жаркайын,Жарқайың а.
395649600,NK RK 11-2025,settlement,2,с.Кульчукай,Құлшықай а.
395649700,NK RK 11-2025,settlement,2,с.Туленгут,Төлеңгіт а.
395653000,NK RK 11-2025,sub_district,2,Ломоносовский с.о.,Ломоносов а.о.
395653100,NK RK 11-2025,settlement,2,с.Каскат,Қасқат а.
395653102,NK RK 11-2025,settlement,2,с.Каражар,Қаражар а.
395653107,NK RK 11-2025,settlement,2,с.Лютинка,Лютин а.
395653200,NK RK 11-2025,settlement,2,с.Коктерек,Көктерек а.
395653600,NK RK 11-2025,settlement,2,с.Шиели,Шиелі а.
395655000,NK RK 11-2025,sub_district,2,Михайловский с.о.,Михайлов а.о.
395655100,NK RK 11-2025,settlement,2,с.Михайловка,Михайлов а.
395655200,NK RK 11-2025,settlement,2,с.Архиповка,Архипов а.
395655300,NK RK 11-2025,settlement,2,с.Степановка,Степанов а.
395655400,NK RK 11-2025,settlement,2,с.Борки,Борки а.
395655405,NK RK 11-2025,settlement,2,с.Новоборковское,Новоборки а.
395657000,NK RK 11-2025,sub_district,2,Первомайский с.о.,Первомай а.о.
395657100,NK RK 11-2025,settlement,2,с.Первомайское,Первомай а.
395657109,NK RK 11-2025,settlement,2,с.Русское,Русский а.
395657200,NK RK 11-2025,settlement,2,с.Долбушка,Долбуш а.
395657300,NK RK 11-2025,settlement,2,с.Ивановка,Иванов а.
395657500,NK RK 11-2025,settlement,2,с.Лесное,Лесной а.
395657800,NK RK 11-2025,settlement,2,с.Чернышевка,Чернышев а.
395657803,NK RK 11-2025,settlement,2,с.Красносельское,Красносельское а.
395659000,NK RK 11-2025,sub_district,2,Сосновский с.о.,Соснов а.о.
395659100,NK RK 11-2025,settlement,2,с.Харьковское,Харьков а.
395659300,NK RK 11-2025,settlement,2,с.Приозерное,Приозерный а.
395659400,NK RK 11-2025,settlement,2,с.Сосна,Сосна а.
395659500,NK RK 11-2025,settlement,2,с.Каменскуральское,Каменскуральское а.
395659502,NK RK 11-2025,settlement,2,с.Жусалы,Жусалы а.
395659600,NK RK 11-2025,settlement,2,с.Аксуат,Ақсуат а.
395663000,NK RK 11-2025,sub_district,2,с.а.Тенизовское,Теңіз а.ә.
395663100,NK RK 11-2025,settlement,2,с.Тенизовское,Теңіз а.
395663106,NK RK 11-2025,settlement,2,с.Талапкер,Талапкер а.
395800000,NK RK 11-2025,district,2,Наурзумский район,Наурызым ауданы
395830000,NK RK 11-2025,sub_district,2,Карамендинский с.о.,Қарамеңді а.о.
395830100,NK RK 11-2025,settlement,2,с.Караменды,Қарамеңді а.
395830103,NK RK 11-2025,settlement,2,Кордон Сад,Бақ шекарасы
395830104,NK RK 11-2025,settlement,2,Кордон Сарымойын,Сарымойын шекарасы
395830105,NK RK 11-2025,settlement,2,с.Киевка,Киев а.
395830106,NK RK 11-2025,settlement,2,с.Новостройка,Новостройка а.
395830300,NK RK 11-2025,settlement,2,с.Жамбыл,Жамбыл а.
395830302,NK RK 11-2025,settlement,2,Бригада Каракурай,Бригада Қарақурай
395833000,NK RK 11-2025,sub_district,2,Буревестнинская с.а.,Буревестник а.ә.
395833100,NK RK 11-2025,settlement,2,с.Буревестник,Буревестник а.
395833101,NK RK 11-2025,settlement,2,с.Акбулак,Ақбұлақ а.
395837000,NK RK 11-2025,sub_district,2,Дамдинский с.о.,Дәмді а.о.
395837100,NK RK 11-2025,settlement,2,с.Дамды,Дәмді а.
395837107,NK RK 11-2025,settlement,2,с.Каракудук,Қарақұдық а.
395837200,NK RK 11-2025,settlement,2,с.Мереке,Мереке а.
395837300,NK RK 11-2025,settlement,2,с.Кайга,Қайғы а.
395847000,NK RK 11-2025,sub_district,2,Кожинская с.а.,Қожа а.ә.
395847100,NK RK 11-2025,settlement,2,с.Кожа,Қожа а.
395847105,NK RK 11-2025,settlement,2,с.Наурзум,Наурзым а.
395847107,NK RK 11-2025,settlement,2,с.Октябрь,Октябрь а.
395847109,NK RK 11-2025,settlement,2,с.Сарышиганак,Сарышығанақ а.
395849000,NK RK 11-2025,sub_district,2,Улендинская с.а.,Өлеңді а.ә.
395849100,NK RK 11-2025,settlement,2,с.Уленды,Өлеңді а.
395849103,NK RK 11-2025,settlement,2,Маш.двор,Маш.ауласы
395849107,NK RK 11-2025,settlement,2,с.Каракудук,Қарақұдық а.
395849108,NK RK 11-2025,settlement,2,Бригада 3,Бригада 3
395849109,NK RK 11-2025,settlement,2,с.Урожайное,Урожайное а.
395849111,NK RK 11-2025,settlement,2,Бригада 1,Бригада 1
395849112,NK RK 11-2025,settlement,2,с.Шолаккопа,Шолаққопа а.
395851000,NK RK 11-2025,sub_district,2,Раздольный с.о.,Раздольный а.о.
395851100,NK RK 11-2025,settlement,2,с.Раздольное,Раздольный а.
395851103,NK RK 11-2025,settlement,2,Бригада 1,Бригада 1
395851104,NK RK 11-2025,settlement,2,Бригада 2,Бригада 2
395851105,NK RK 11-2025,settlement,2,Бригада 3,Бригада 3
395857000,NK RK 11-2025,sub_district,2,Шолаксайская с.а.,Шолақсай а.ә.
395857100,NK RK 11-2025,settlement,2,с.Шолаксай,Шолақсай а.
395859000,NK RK 11-2025,sub_district,2,Шилинский с.о.,Шилі а.о.
395859100,NK RK 11-2025,settlement,2,с.Шили,Шилі а.
396200000,NK RK 11-2025,district,2,Сарыкольский район,Сарыкөл ауданы
396230000,NK RK 11-2025,sub_district,2,Сарыкольская п.а.,Сарыкөл к.ә.
396230100,NK RK 11-2025,settlement,2,п.Сарыколь,Сарыкөл к.
396233000,NK RK 11-2025,sub_district,2,Барвиновская с.а.,Барвинов а.ә
396233100,NK RK 11-2025,settlement,2,с.Барвиновка,Барвинов а.
396233103,NK RK 11-2025,settlement,2,с.Новобарвиновка,Новобарвиновка а.
396235000,NK RK 11-2025,sub_district,2,Веселоподольский с.о.,Веселоподол а.о.
396235100,NK RK 11-2025,settlement,2,с.Веселый Подол,Веселый Подол а.
396235200,NK RK 11-2025,settlement,2,с.Ананьевка,Ананьев а.
396237000,NK RK 11-2025,sub_district,2,Златоустовская с.а.,Златоуст а.ә.
396237100,NK RK 11-2025,settlement,2,с.Златоуст,Златоуст а.
396237103,NK RK 11-2025,settlement,2,с.Кунтимес,Күнтимес а.
396239000,NK RK 11-2025,sub_district,2,Комсомольский с.о.,Комсомол а.о.
396239100,NK RK 11-2025,settlement,2,с.Комсомольское,Комсомол а.
396239200,NK RK 11-2025,settlement,2,с.Косколь,Қоскөл а.
396239300,NK RK 11-2025,settlement,2,с.Ленинское,Ленин а.
396239400,NK RK 11-2025,settlement,2,с.Чапаевка,Чапаев а.
396247000,NK RK 11-2025,sub_district,2,с.а.Большие Дубравы,Большие Дубравы а.ә.
396247100,NK RK 11-2025,settlement,2,с.Большие Дубравы,Большие Дубравы а.
396247105,NK RK 11-2025,settlement,2,с.Аксу,Ақсу а.
396247106,NK RK 11-2025,settlement,2,с.Енбек,Еңбек а.
396247107,NK RK 11-2025,settlement,2,с.Ковалевка,Ковалевка а.
396249000,NK RK 11-2025,sub_district,2,с.а. Маяк,Маяк а.ә.
396249100,NK RK 11-2025,settlement,2,с.Маяк,Маяк а.
396249103,NK RK 11-2025,settlement,2,с.Басагаш,Басағаш а.
396253000,NK RK 11-2025,sub_district,2,Севастопольский с.о.,Севастополь а.о.
396253100,NK RK 11-2025,settlement,2,с.Севастополь,Севастополь а.
396253200,NK RK 11-2025,settlement,2,с.Дубинка,Дубин а.
396255000,NK RK 11-2025,sub_district,2,Сорочинский с.о.,Сорочин а.о.
396255100,NK RK 11-2025,settlement,2,с.Сорочинка,Сорочин а.
396255200,NK RK 11-2025,settlement,2,с.Крыловка,Крыловка а.
396255400,NK RK 11-2025,settlement,2,с.Островное,Островное а.
396255500,NK RK 11-2025,settlement,2,с.Новое,Новое а.
396255600,NK RK 11-2025,settlement,2,с.Караоба,Қараоба а.
396257000,NK RK 11-2025,sub_district,2,Тагильский с.о.,Тагиль а.о.
396257100,NK RK 11-2025,settlement,2,с.Тагильское,Тагиль а.
396257103,NK RK 11-2025,settlement,2,с.Дудаковка,Дудаковка а.
396257105,NK RK 11-2025,settlement,2,с.Новодудаковка,Новодудаков а.
396257300,NK RK 11-2025,settlement,2,с.Ермаковка,Ермаков а.
396257500,NK RK 11-2025,settlement,2,с.Соналы,Соналы а.
396259000,NK RK 11-2025,sub_district,2,Тимирязевская с.а.,Тимирязев а.ә.
396259100,NK RK 11-2025,settlement,2,с.Тимирязевка,Тимирязев а.
396259105,NK RK 11-2025,settlement,2,с.Павлыш Спасское,Павлыш Спасское а.
396259107,NK RK 11-2025,settlement,2,с.Целинное,Целинный а.
396263000,NK RK 11-2025,sub_district,2,с.а.Урожайное,Урожайное а.ә.
396263100,NK RK 11-2025,settlement,2,с.Урожайное,Урожайное а.
396263102,NK RK 11-2025,settlement,2,с.Акчаколь,Ақшакөл а.
396263103,NK RK 11-2025,settlement,2,с.Анновка,Аннов а.
396400000,NK RK 11-2025,district,2,район Беимбета Майлина,Бейімбет Майлин ауданы
396430000,NK RK 11-2025,sub_district,2,с.о.Әйет,Әйет а.о.
396430100,NK RK 11-2025,settlement,2,с.Әйет,Әйет а.
396430102,NK RK 11-2025,settlement,2,с.Воронежское,Воронеж а.
396430400,NK RK 11-2025,settlement,2,с.Оренбургское,Орынбор а.
396430500,NK RK 11-2025,settlement,2,с.Красносельское,Красносельский а.
396430502,NK RK 11-2025,settlement,2,с.Аятское,Әйет а.
396435000,NK RK 11-2025,sub_district,2,Асенкритовский с.о.,Асенкритов а.о.
396435100,NK RK 11-2025,settlement,2,с.Асенкритовка,Асенкритов а.
396435200,NK RK 11-2025,settlement,2,с.Баталы,Баталы а.
396435300,NK RK 11-2025,settlement,2,с.Варваринка,Варварин а.
396435400,NK RK 11-2025,settlement,2,с.Кызылжар,Қызылжар а.
396435500,NK RK 11-2025,settlement,2,с.Николаевка,Николаев а.
396435600,NK RK 11-2025,settlement,2,с.Майлин,Майлин а.
396439000,NK RK 11-2025,sub_district,2,Белинский с.о.,Белинский а.о.
396439100,NK RK 11-2025,settlement,2,с.Кайындыколь,Қайыңдыкөл а.
396439300,NK RK 11-2025,settlement,2,с.Смайловка,Смайыл а.
396439400,NK RK 11-2025,settlement,2,с.Максут,Мақсұт а.
396439402,NK RK 11-2025,settlement,2,с.Достияр,Достияр а.
396445000,NK RK 11-2025,sub_district,2,Калининский с.о.,Калинин а.о.
396445100,NK RK 11-2025,settlement,2,с.Береговое,Береговой а.
396445300,NK RK 11-2025,settlement,2,с.Нагорное,Нагорный а.
396445500,NK RK 11-2025,settlement,2,с.Юбилейное,Юбилейный а.
396453000,NK RK 11-2025,sub_district,2,Майский с.о.,Май а.о.
396453100,NK RK 11-2025,settlement,2,с.Майское,Май а.
396453200,NK RK 11-2025,settlement,2,с.Приреченское,Приречен а.
396455000,NK RK 11-2025,sub_district,2,с.о.Байшуақ,Байшуақ а.о.
396455100,NK RK 11-2025,settlement,2,с.Набережное,Набережный а.
396455300,NK RK 11-2025,settlement,2,с.Байшуақ,Байшуақ а.
396459000,NK RK 11-2025,sub_district,2,Новоильинский с.о.,Новоильин а.о.
396459100,NK RK 11-2025,settlement,2,с.Новоильиновка,Новоильинов а.
396459200,NK RK 11-2025,settlement,2,с.Аксуатское,Ақсуат а.
396459300,NK RK 11-2025,settlement,2,с.Богородское,Богородский а.
396459400,NK RK 11-2025,settlement,2,с.Валерьяновка,Валерьянов а.
396459500,NK RK 11-2025,settlement,2,с.Козыревка,Козырев а.
396459700,NK RK 11-2025,settlement,2,с.Притобольское,Притобол а.
396459800,NK RK 11-2025,settlement,2,с.Увальное,Увальный а.
396459802,NK RK 11-2025,settlement,2,с.Ленинское,Ленин а.
396463000,NK RK 11-2025,sub_district,2,Павловский с.о.,Павлов а.о.
396463100,NK RK 11-2025,settlement,2,с.Павловка,Павлов а.
396463102,NK RK 11-2025,settlement,2,с.Барсуковка,Барсуков а.
396463103,NK RK 11-2025,settlement,2,с.Нелюбинка,Нелюбин а.
396463200,NK RK 11-2025,settlement,2,с.Апановка,Апанов а.
396463600,NK RK 11-2025,settlement,2,с.Евгеновка,Евгенов а.
396473000,NK RK 11-2025,sub_district,2,Тобольская п.а.,Тобыл к.ә.
396473100,NK RK 11-2025,settlement,2,п.Тобол,Тобыл к.
396473200,NK RK 11-2025,settlement,2,с.Приозерное,Приозерное а.
396600000,NK RK 11-2025,district,2,Узункольский район,Ұзынкөл ауданы
396630000,NK RK 11-2025,sub_district,2,Узункольский с.о.,Ұзынкөл а.о.
396630100,NK RK 11-2025,settlement,2,с.Узунколь,Ұзынкөл а.
396630300,NK RK 11-2025,settlement,2,с.Есмырза,Есмырза а.
396630400,NK RK 11-2025,settlement,2,с.Павловка,Павлов а.
396630403,NK RK 11-2025,settlement,2,с.Вершковое,Вершковое а.
396633000,NK RK 11-2025,sub_district,2,Бауманская с.а.,Бауман а.ә.
396633100,NK RK 11-2025,settlement,2,с.Бауманское,Бауман а.
396633103,NK RK 11-2025,settlement,2,с.Королевка,Королевка а.
396635000,NK RK 11-2025,sub_district,2,Ершовский с.о.,Ершов а.о.
396635100,NK RK 11-2025,settlement,2,с.Ершовка,Ершов а.
396635102,NK RK 11-2025,settlement,2,Лесхоз,Орманшар
396635200,NK RK 11-2025,settlement,2,с.Отынагаш,Отынағаш а.
396635300,NK RK 11-2025,settlement,2,с.Абай,Абай а.
396635500,NK RK 11-2025,settlement,2,с.Миролюбовка,Миролюбовка а.
396635503,NK RK 11-2025,settlement,2,с.Долинка,Долин а.
396635504,NK RK 11-2025,settlement,2,с.Косколь,Қоскөл а.
396641000,NK RK 11-2025,sub_district,2,Кировский с.о.,Киров а.о.
396641100,NK RK 11-2025,settlement,2,с.Кировское,Киров а.
396641200,NK RK 11-2025,settlement,2,с.Иваноровное,Иваноровный а.
396641300,NK RK 11-2025,settlement,2,с.Ксеньевка,Ксеньев а.
396641400,NK RK 11-2025,settlement,2,с.Моховое,Моховый а.
396647000,NK RK 11-2025,sub_district,2,Новопокровский с.о.,Новопокров а.о.
396647100,NK RK 11-2025,settlement,2,с.Новопокровка,Новопокров а.
396647103,NK RK 11-2025,settlement,2,с.Нововасильевка,Нововасильев а.
396647200,NK RK 11-2025,settlement,2,с.Воскресеновка,Воскресенов а.
396647203,NK RK 11-2025,settlement,2,с.Уйкескен,Үйкескен а.
396647300,NK RK 11-2025,settlement,2,с.Варваровка,Варваровка а.
396647303,NK RK 11-2025,settlement,2,с.Каратал,Қаратал а.
396651000,NK RK 11-2025,sub_district,2,Пресногорьковский с.о.,Пресногорьков а.о.
396651100,NK RK 11-2025,settlement,2,с.Пресногорьковка,Пресногорьков а.
396651200,NK RK 11-2025,settlement,2,с.Волна,Волна а.
396651203,NK RK 11-2025,settlement,2,с.Гренадерка,Гренадерка а.
396651400,NK RK 11-2025,settlement,2,с.Крутоярка,Крутояр а.
396651403,NK RK 11-2025,settlement,2,с.Октябрьское,Октябрьское а.
396651500,NK RK 11-2025,settlement,2,с.Белоглинка,Белоглинка а.
396651503,NK RK 11-2025,settlement,2,с.Починовка,Починов а.
396651505,NK RK 11-2025,settlement,2,с.Комендантское,Комендантское а.
396651700,NK RK 11-2025,settlement,2,с.Первомайка,Первомай а.
396651800,NK RK 11-2025,settlement,2,с.Песчанка,Песчаный а.
396651900,NK RK 11-2025,settlement,2,с.Красный Борок,Красный Борок а.
396651903,NK RK 11-2025,settlement,2,с.Борки,Борки а.
396651905,NK RK 11-2025,settlement,2,с.Камышловка,Камышлов а.
396653000,NK RK 11-2025,sub_district,2,с.о.Обаған,Обаған а.о.
396653100,NK RK 11-2025,settlement,2,с.Тайсойган,Тайсойған а.
396653103,NK RK 11-2025,settlement,2,с.Березово,Березово а.
396653300,NK RK 11-2025,settlement,2,с.Убаган,Обаған а.
396655000,NK RK 11-2025,sub_district,2,Ряжский с.о.,Ряжск а.о.
396655100,NK RK 11-2025,settlement,2,с.Ряжское,Ряжский а.
396655200,NK RK 11-2025,settlement,2,с.Речное,Речное а.
396655202,NK RK 11-2025,settlement,2,с.Амречье,Амречье а.
396655203,NK RK 11-2025,settlement,2,с.Каратомар,Қаратомар а.
396655205,NK RK 11-2025,settlement,2,с.Огузбалык,Өгізбалық а.
396657000,NK RK 11-2025,sub_district,2,с.а.Сатай,Сатай а.ә.
396657100,NK RK 11-2025,settlement,2,с.Сатай,Сатай а.
396657103,NK RK 11-2025,settlement,2,с.Казанка,Қазан а.
396657105,NK RK 11-2025,settlement,2,с.Пилкино,Пилкино а.
396659000,NK RK 11-2025,sub_district,2,Троебратский с.о.,Троебрат а.о.
396659100,NK RK 11-2025,settlement,2,с.Троебратский,Троебрат а.
396663000,NK RK 11-2025,sub_district,2,Федоровский с.о.,Федоров а.о.
396663100,NK RK 11-2025,settlement,2,с.Федоровка,Федоров а.
396663200,NK RK 11-2025,settlement,2,с.Укаткан,Үкіатқан а.
396663300,NK RK 11-2025,settlement,2,с.Сокол,Сокол а.
396663303,NK RK 11-2025,settlement,2,с.Карла Маркса,Карл Маркс а.
396663500,NK RK 11-2025,settlement,2,с.Сибирка,Сибирка а.
396800000,NK RK 11-2025,district,2,Федоровский район,Федоров ауданы
396830000,NK RK 11-2025,sub_district,2,Федоровский с.о.,Федоров а.о.
396830100,NK RK 11-2025,settlement,2,с.Федоровка,Федоров а.
396830200,NK RK 11-2025,settlement,2,с.Александрополь,Александрополь а.
396830400,NK RK 11-2025,settlement,2,с.Владыкинка,Владыкин а.
396830405,NK RK 11-2025,settlement,2,с.Целинное,Целинный а.
396830500,NK RK 11-2025,settlement,2,с.Затышенка,Затышен а.
396830600,NK RK 11-2025,settlement,2,с.Копыченка,Копычен а.
396830700,NK RK 11-2025,settlement,2,с.Жарколь,Жаркөл а.
396830800,NK RK 11-2025,settlement,2,с.Приозерное,Приозерный а.
396835000,NK RK 11-2025,sub_district,2,Банновский с.о.,Баннов а.о.
396835100,NK RK 11-2025,settlement,2,с.Банновка,Баннов а.
396835200,NK RK 11-2025,settlement,2,с.Каракопа,Қарақопа а.
396835300,NK RK 11-2025,settlement,2,с.Цабелевка,Цабелев а.
396835400,NK RK 11-2025,settlement,2,с.Чеховка,Чехов а.
396837000,NK RK 11-2025,sub_district,2,Вишневый с.о.,Вишневый а.о.
396837100,NK RK 11-2025,settlement,2,с.Вишневое,Вишневый а.
396837200,NK RK 11-2025,settlement,2,с.Балыкты,Балықты а.
396837300,NK RK 11-2025,settlement,2,с.Белояровка,Белояровка а.
396837500,NK RK 11-2025,settlement,2,с.Усаковка,Усаков а.
396839000,NK RK 11-2025,sub_district,2,Воронежский с.о.,Воронеж а.о.
396839100,NK RK 11-2025,settlement,2,с.Придорожное,Придорожный а.
396839300,NK RK 11-2025,settlement,2,с.Лысановка,Лысанов а.
396839400,NK RK 11-2025,settlement,2,с.Успеновка,Успенов а.
396845000,NK RK 11-2025,sub_district,2,Камышинский с.о.,Камышин а.о.
396845100,NK RK 11-2025,settlement,2,с.Чистый Чандак,Чистый Шандақ а.
396845200,NK RK 11-2025,settlement,2,с.Алабутала,Алаботалы а.
396845300,NK RK 11-2025,settlement,2,с.Дорожное,Дорожный а.
396845400,NK RK 11-2025,settlement,2,с.Камышный Чандак,Қамысты Шаңдақ а.
396845700,NK RK 11-2025,settlement,2,с.Мирное,Мирный а.
396847000,NK RK 11-2025,sub_district,2,Костряковский с.о.,Костряков а.о.
396847100,NK RK 11-2025,settlement,2,с.Костряковка,Костряков а.
396847200,NK RK 11-2025,settlement,2,с.Волковка,Волков а.
396847400,NK RK 11-2025,settlement,2,с.Запасное,Запасный а.
396847405,NK RK 11-2025,settlement,2,с.Новоукраинка,Новоукраин а.
396847600,NK RK 11-2025,settlement,2,с.Курское,Курск а.
396847605,NK RK 11-2025,settlement,2,с.Ивангородское,Иваногород а.
396847607,NK RK 11-2025,settlement,2,с.Грачевка,Грачев а.
396849000,NK RK 11-2025,sub_district,2,Коржинкольский с.о.,Қоржынкөл а.о.
396849100,NK RK 11-2025,settlement,2,с.Лесное,Лесной а.
396849105,NK RK 11-2025,settlement,2,с.Костычевка,Костычев а.
396849200,NK RK 11-2025,settlement,2,с.Березовка,Березов а.
396849300,NK RK 11-2025,settlement,2,с.Малороссийка,Малоресей а.
396849400,NK RK 11-2025,settlement,2,с.Дубровка,Дубров а.
396851000,NK RK 11-2025,sub_district,2,Косаралский с.о.,Қосарал а.о.
396851100,NK RK 11-2025,settlement,2,с.Кенарал,Кеңарал а.
396851107,NK RK 11-2025,settlement,2,с.Турагаш,Тураағаш а.
396851200,NK RK 11-2025,settlement,2,с.Жыланды,Жыланды а.
396853000,NK RK 11-2025,sub_district,2,Ленинский с.о.,Ленин а.о.
396853100,NK RK 11-2025,settlement,2,с.Ленино,Ленин а.
396853300,NK RK 11-2025,settlement,2,с.Жанакой,Жаңақой а.
396853400,NK RK 11-2025,settlement,2,с.Заозерное,Заозерный а.
396855000,NK RK 11-2025,sub_district,2,Новошумная с.а.,Новошумный а.ә.
396855100,NK RK 11-2025,settlement,2,с.Новошумное,Новошумный а.
396855105,NK RK 11-2025,settlement,2,с.Старошумное,Старошумный а.
396855107,NK RK 11-2025,settlement,2,с.Тогузак,Тоғызақ а.
396857000,NK RK 11-2025,sub_district,2,Первомайский с.о.,Первомай а.о.
396857100,NK RK 11-2025,settlement,2,с.Первомайское,Первомай а.
396857105,NK RK 11-2025,settlement,2,с.Дружба,Дружба а.
396857400,NK RK 11-2025,settlement,2,с.Трактовое,Трактовый а.
396859000,NK RK 11-2025,sub_district,2,Пешковский с.о.,Пешков а.о.
396859100,NK RK 11-2025,settlement,2,с.Пешковка,Пешков а.
396859200,NK RK 11-2025,settlement,2,с.Большое,Большое а.
396859400,NK RK 11-2025,settlement,2,с.Калиновка,Калинов а.
396859500,NK RK 11-2025,settlement,2,с.Кравцово,Кравцово а.
396859700,NK RK 11-2025,settlement,2,с.Полтавка,Полтава а.
430000000,NK RK 11-2025,oblast,0,Кызылординская область,Қызылорда облысы
431000000,NK RK 11-2025,district,3,Кызылорда Г.А.,Қызылорда Қ.Ә.
431010000,NK RK 11-2025,sub_district,1,г.Кызылорда,Қызылорда қ.
431033000,NK RK 11-2025,sub_district,2,Акжарминский с.о.,Ақжарма а.о.
431033100,NK RK 11-2025,settlement,2,с.Баймурат,Баймұрат а.
431033400,NK RK 11-2025,settlement,2,с.Талдыарал,Талдыарал а.
431035000,NK RK 11-2025,sub_district,2,Аксуатский с.о.,Ақсуат а.о.
431035100,NK RK 11-2025,settlement,2,с.Ж.Маханбетова,Ж.Маханбетов а.
431037000,NK RK 11-2025,sub_district,3,Белкольская п.а.,Белкөл к.ә.
431037100,NK RK 11-2025,settlement,1,п.Белколь,Белкөл к.
431037200,NK RK 11-2025,settlement,2,с.Бирказан,Бірқазан а.
431039000,NK RK 11-2025,sub_district,2,Косшынырауский с.о.,Қосшыңырау а.о.
431039100,NK RK 11-2025,settlement,2,с.Абай,Абай а.
431039200,NK RK 11-2025,settlement,2,с.Досан,Досан а.
431041000,NK RK 11-2025,sub_district,2,Караултобинский с.о.,Қарауылтөбе а.о.
431041100,NK RK 11-2025,settlement,2,с.Караултобе,Қарауылтөбе а.
431043000,NK RK 11-2025,sub_district,2,Кызылжарминский с.о.,Қызылжарма а.о
431043100,NK RK 11-2025,settlement,2,с.Кызылжарма,Қызылжарма а.
431045000,NK RK 11-2025,sub_district,2,Кызылозекский с.о.,Қызылөзек а.о.
431045100,NK RK 11-2025,settlement,2,с.Караозек,Қараөзек а.
431045200,NK RK 11-2025,settlement,2,с.Айнаколь,Айнакөл а.
431045300,NK RK 11-2025,settlement,2,ст.Караозек,Қараөзек ст.
431046000,NK RK 11-2025,sub_district,2,Талсуатский с.о.,Талсуат а.о.
431046100,NK RK 11-2025,settlement,2,с.Талсуат,Талсуат а.
431047000,NK RK 11-2025,sub_district,3,Тасбугетская п.а.,Тасбөгет к.ә.
431047100,NK RK 11-2025,settlement,1,п.Тасбугет,Тасбөгет к.
431047200,NK RK 11-2025,settlement,2,с.Ирколь,Иіркөл а.
431900000,NK RK 11-2025,district,1,Байконыр Г.А.,Байқоңыр Қ.Ә.
431910000,NK RK 11-2025,sub_district,1,г.Байконыр,Байқоңыр қ.
433200000,NK RK 11-2025,district,4,Аральский район,Арал ауданы
433220000,NK RK 11-2025,sub_district,1,Аральская г.а.,Арал қ.ә.
433220100,NK RK 11-2025,settlement,1,г.Аральск,Арал қ.
433231000,NK RK 11-2025,sub_district,2,Акирекский с.о.,Ақирек а.о.
433231100,NK RK 11-2025,settlement,2,с.Акбай,Ақбай а.
433232000,NK RK 11-2025,sub_district,2,Атаншинский с.о.,Атанши а.о.
433232100,NK RK 11-2025,settlement,2,с.Жинишкекум,Жіңішкеқұм а.
433233000,NK RK 11-2025,sub_district,2,Аманоткельский с.о.,Аманөткел а.о.
433233100,NK RK 11-2025,settlement,2,с.Аманоткель,Аманөткел а.
433233300,NK RK 11-2025,settlement,2,с.Аккулак,Аққұлақ а.
433233400,NK RK 11-2025,settlement,2,с.Акшатау,Ақшатау а.
433233700,NK RK 11-2025,settlement,2,с.Хан,Хан а.
433234000,NK RK 11-2025,sub_district,2,Аралкумский с.о.,Аралқұм а.о.
433234100,NK RK 11-2025,settlement,2,ст.Аралкум,Аралқұм ст.
433234400,NK RK 11-2025,settlement,2,с.Мойнак,Мойнақ а.
433234700,NK RK 11-2025,settlement,2,ст.Шомиш,Шөміш ст.
433235000,NK RK 11-2025,sub_district,2,Богенский с.о.,Бөген а.о
433235100,NK RK 11-2025,settlement,2,с.Боген,Бөген а.
433235300,NK RK 11-2025,settlement,2,с.Карашалан,Қарашалаң а.
433236000,NK RK 11-2025,sub_district,2,Жанакурылысский с.о.,Жаңақұрылыс а.о.
433236100,NK RK 11-2025,settlement,2,с.Жанакурылыс,Жаңақұрылыс а.
433237000,NK RK 11-2025,sub_district,2,Жаксыкылышский с.о.,Жақсықылыш а.о.
433237100,NK RK 11-2025,settlement,2,п.Жаксыкылыш,Жақсықылыш к.
433238000,NK RK 11-2025,sub_district,2,Бекбауылский с.о.,Бекбауыл а.о.
433238100,NK RK 11-2025,settlement,2,ст.Бекбауыл,Бекбауыл ст.
433238500,NK RK 11-2025,settlement,2,с.Кумбазар,Құмбазар а.
433238700,NK RK 11-2025,settlement,2,рзд.93 Укулисай,рзд.93 Үкілісай
433239000,NK RK 11-2025,sub_district,2,Камыстыбасский с.о.,Қамыстыбас а.о.
433239100,NK RK 11-2025,settlement,2,ст.Камыстыбас,Камыстыбас ст.
433239880,NK RK 11-2025,settlement,2,рзд.92,рзд.92
433241000,NK RK 11-2025,sub_district,2,Жинишкекумский с.о.,Жіңішкеқұм а.о.
433241100,NK RK 11-2025,settlement,2,с.Токабай,Тоқабай а.
433242000,NK RK 11-2025,sub_district,2,с.о. Жетес би,Жетес би а.о.
433242100,NK RK 11-2025,settlement,2,с.Раим,Раиым а.
433242500,NK RK 11-2025,settlement,2,с.Ескиура,Ескіұра а.
433243000,NK RK 11-2025,sub_district,2,Каракумский с.о.,Қарақұм а.о.
433243100,NK RK 11-2025,settlement,2,с.Абай,Абай а.
433243300,NK RK 11-2025,settlement,2,с.Еримбетжага,Ерімбетжаға а.
433244000,NK RK 11-2025,sub_district,2,Беларанский с.о.,Беларан а.о.
433244100,NK RK 11-2025,settlement,2,с.Куланды,Құланды а.
433245000,NK RK 11-2025,sub_district,2,Каратеренский с.о.,Қаратерең а.о.
433245100,NK RK 11-2025,settlement,2,с.Каратерен,Қаратерең а.
433245300,NK RK 11-2025,settlement,2,с.Жанаконыс,Жаңақоныс а.
433245400,NK RK 11-2025,settlement,2,с.Тастак,Тастақ а.
433246000,NK RK 11-2025,sub_district,2,Косаманский с.о.,Қосаман а.о.
433246100,NK RK 11-2025,settlement,2,с.Косаман,Қосаман а.
433246200,NK RK 11-2025,settlement,2,с.Акеспе,Ақеспе а.
433247000,NK RK 11-2025,sub_district,2,Куландинский с.о.,Құланды а.о.
433247100,NK RK 11-2025,settlement,2,с.Акбасты,Ақбасты а.
433248000,NK RK 11-2025,sub_district,2,Косжарский с.о.,Қосжар а.о.
433248100,NK RK 11-2025,settlement,2,с.Косжар,Қосжар а.
433249000,NK RK 11-2025,sub_district,2,Мергенсайский с.о.,Мергенсай а.о.
433249100,NK RK 11-2025,settlement,2,с.Жаланаш,Жалаңаш а.
433249200,NK RK 11-2025,settlement,2,с.Тастубек,Тастүбек а.
433253000,NK RK 11-2025,sub_district,2,с.о.Аккум,Аққұм а.о.
433253100,NK RK 11-2025,settlement,2,с.Шижага,Шижаға а.
433255000,NK RK 11-2025,sub_district,2,Раимский с.о.,Райым а.о.
433255100,NK RK 11-2025,settlement,2,с.Кызылжар,Қызылжар а.
433255600,NK RK 11-2025,settlement,2,с.Шомишколь,Шөмішкөл а.
433256000,NK RK 11-2025,sub_district,2,Саздинский с.о.,Сазды а.о.
433256100,NK RK 11-2025,settlement,2,с.Сазды,Сазды а.
433257000,NK RK 11-2025,sub_district,2,Саксаульский с.о.,Сексеуіл а.о.
433257100,NK RK 11-2025,settlement,2,п.Саксаульск,Сексеуіл к.
433257400,NK RK 11-2025,settlement,2,ст.Конту,Көнту ст.
433257600,NK RK 11-2025,settlement,2,рзд.82 Курылык,рзд.82 Құрылық
433257680,NK RK 11-2025,settlement,2,рзд.83 Тербенбес,рзд.83 Тербенбес
433257700,NK RK 11-2025,settlement,2,рзд.84 Кумсагиз,рзд.84 Құмсағыз
433257800,NK RK 11-2025,settlement,2,рзд.85 Сарышыганак,рзд.85 Сарышығанақ
433257900,NK RK 11-2025,settlement,2,рзд.86 Жалгызагаш,рзд.86 Жалғызағаш
433259000,NK RK 11-2025,sub_district,2,Сапакский с.о.,Сапақ а.о.
433259100,NK RK 11-2025,settlement,2,ст.Сапак,Сапақ ст.
433259300,NK RK 11-2025,settlement,2,рзд.87 Алтыкудык,рзд.87 Алтықұдық
433259500,NK RK 11-2025,settlement,2,с.Коктем,Көктем а.
433259700,NK RK 11-2025,settlement,2,рзд.88 Тасбогет,рзд.88 Тасбөгет
433600000,NK RK 11-2025,district,2,Жалагашский район,Жалағаш ауданы
433630000,NK RK 11-2025,sub_district,2,Жалагашский с.о.,Жалағаш а.о.
433630100,NK RK 11-2025,settlement,2,п.Жалагаш,Жалағаш к.
433633000,NK RK 11-2025,sub_district,2,Аккумский с.о.,Аққұм а.о.
433633100,NK RK 11-2025,settlement,2,с.Аккум,Аққұм а.
433635000,NK RK 11-2025,sub_district,2,Аккырский с.о.,Аққыр а.о.
433635100,NK RK 11-2025,settlement,2,с.Аккыр,Аққыр а.
433636000,NK RK 11-2025,sub_district,2,Аксуский с.о.,Ақсу а.о.
433636100,NK RK 11-2025,settlement,2,с.Аксу,Ақсу а.
433637000,NK RK 11-2025,sub_district,2,Аламесекский с.о.,Аламесек а.о.
433637100,NK RK 11-2025,settlement,2,с.Есет Батыр,Есет Батыр а.
433639000,NK RK 11-2025,sub_district,2,им.Бухарбай батыра с.о.,Бұқарбай батыр а.о.
433639100,NK RK 11-2025,settlement,2,с.им.Бухарбай батыра,Бұқарбай батыр атын.а.
433643000,NK RK 11-2025,sub_district,2,Енбекский с.о.,Еңбек а.о.
433643100,NK RK 11-2025,settlement,2,с.Енбек,Еңбек а.
433644000,NK RK 11-2025,sub_district,2,Жанадарьинский с.о.,Жаңадария а.о.
433644100,NK RK 11-2025,settlement,2,с.Жанадарья,Жаңадария а.
433645000,NK RK 11-2025,sub_district,2,Каракеткенский с.о.,Қаракеткен а.о.
433645100,NK RK 11-2025,settlement,2,с.Каракеткен,Қаракеткен а.
433645300,NK RK 11-2025,settlement,2,с.Далдабай,Далдабай а.
433646000,NK RK 11-2025,sub_district,2,Жанаталапский с.о.,Жаңаталап а.о.
433646100,NK RK 11-2025,settlement,2,с.Жанаталап,Жаңаталап а.
433647000,NK RK 11-2025,sub_district,2,Макпалкольский с.о.,Мақпалкөл а.о.
433647100,NK RK 11-2025,settlement,2,с.Темірбек Жүргенов,Темірбек Жүргенов а.
433649000,NK RK 11-2025,sub_district,2,Мадениетский с.о.,Мәдениет а.о.
433649100,NK RK 11-2025,settlement,2,с.Мадениет,Мәдениет а.
433651000,NK RK 11-2025,sub_district,2,с.о.Мырзабай ахуна,Мырзабай ахун  а.о.
433651100,NK RK 11-2025,settlement,2,с.Мырзабай ахуна,Мырзабай ахун а.
433653000,NK RK 11-2025,sub_district,2,Танский с.о.,Таң а.о.
433653100,NK RK 11-2025,settlement,2,с.Тан,Таң а.
433653200,NK RK 11-2025,settlement,2,с.Жанаконыс,Жаңақоныс а.
433655000,NK RK 11-2025,sub_district,2,Шаменова с.о,Шәменов а.о
433655100,NK RK 11-2025,settlement,2,с.Шаменов,Шәменов а.
434000000,NK RK 11-2025,district,2,Жанакорганский район,Жаңақорған ауданы
434030000,NK RK 11-2025,sub_district,2,Жанакорганский с.о.,Жаңақорған а.о.
434030100,NK RK 11-2025,settlement,2,п.Жанакорган,Жаңақорған к.
434031000,NK RK 11-2025,sub_district,2,с.о.им.Машбека Налибаева,Машбек Нәлібаев атын.а.о.
434031100,NK RK 11-2025,settlement,2,с.Акжол,Ақжол а.
434033000,NK RK 11-2025,sub_district,2,Аккорганский с.о.,Аққорған а.о.
434033100,NK RK 11-2025,settlement,2,с.Тугискен,Түгіскен а.
434035000,NK RK 11-2025,sub_district,2,Аккуикский с.о.,Ақкүйіқ а.о.
434035100,NK RK 11-2025,settlement,2,с.Бирлик,Бірлік а.
434037000,NK RK 11-2025,sub_district,2,Байкенженский с.о.,Байкенже а.о.
434037100,NK RK 11-2025,settlement,2,с.Байкенже,Байкенже а.
434037200,NK RK 11-2025,settlement,2,с.Билибай,Билібай а.
434039000,NK RK 11-2025,sub_district,2,с.о. Жаманбай батыр,Жаманбай батыр а.о.
434039100,NK RK 11-2025,settlement,2,с.Бесарык,Бесарық а.
434039400,NK RK 11-2025,settlement,2,с.Кенес,Кеңес а.
434040000,NK RK 11-2025,sub_district,2,Екпиндинский с.о.,Екпінді а.о.
434040100,NK RK 11-2025,settlement,2,с.Екпинди,Екпінді а.
434041000,NK RK 11-2025,sub_district,2,Жайылминский с.о.,Жайылма а.о.
434041100,NK RK 11-2025,settlement,2,с.Жайылма,Жайылма а.
434042000,NK RK 11-2025,sub_district,2,Жанарыкский с.о.,Жаңарық а.о.
434042100,NK RK 11-2025,settlement,2,с.Жанарык,Жаңарық а.
434043000,NK RK 11-2025,sub_district,2,Кейденский с.о.,Кейден а.о.
434043100,NK RK 11-2025,settlement,2,с.Кейден,Кейден а.
434043200,NK RK 11-2025,settlement,2,с.Аккум,Аққұм а.
434045000,NK RK 11-2025,sub_district,2,Келинтобинский с.о.,Келінтөбе а.о.
434045100,NK RK 11-2025,settlement,2,с.Келинтобе,Келінтөбе а.
434046000,NK RK 11-2025,sub_district,2,Коктобинский с.о.,Көктөбе а.о.
434046100,NK RK 11-2025,settlement,2,с.Коктобе,Көктөбе а.
434047000,NK RK 11-2025,sub_district,2,Кандозский с.о.,Қандөз а.о.
434047100,NK RK 11-2025,settlement,2,с.Кандоз,Қандөз а.
434047300,NK RK 11-2025,settlement,2,с.Калгансыр,Қалғансыр а.
434047400,NK RK 11-2025,settlement,2,с.Кашканколь,Қашқанкөл а.
434049000,NK RK 11-2025,sub_district,2,Каратобинский с.о.,Қаратөбе а.о.
434049100,NK RK 11-2025,settlement,2,с.Баспакколь,Баспақкөл а.
434051000,NK RK 11-2025,sub_district,2,Кожамбердинский с.о.,Қожамберді а.о.
434051100,NK RK 11-2025,settlement,2,с.Кожамберди,Қожамберді а.
434053000,NK RK 11-2025,sub_district,2,Кожакентский с.о.,Қожакент а.о.
434053100,NK RK 11-2025,settlement,2,с.Кожакент,Қожакент а.
434054000,NK RK 11-2025,sub_district,2,с.о. Косуйенки,Қосүйеңкі а.о.
434054100,NK RK 11-2025,settlement,2,с.Косуйенки,Қосүйеңкі а.
434055000,NK RK 11-2025,sub_district,2,Кыркенсеский с.о.,Қыркеңсе а.о.
434055100,NK RK 11-2025,settlement,2,с.Абдигаппар,Әбдіғаппар а.
434056000,NK RK 11-2025,sub_district,2,Кырашский с.о.,Қыраш а.о.
434056100,NK RK 11-2025,settlement,2,с.Кызылмакташы,Қызылмақташы а.
434057000,NK RK 11-2025,sub_district,2,Озгентский с.о.,Өзкент а.о.
434057100,NK RK 11-2025,settlement,2,с.Озгент,Өзкент а.
434057300,NK RK 11-2025,settlement,2,с.Аксуат,Ақсуат а.
434059000,NK RK 11-2025,sub_district,2,Сунакатинский с.о.,Сунақата а.о.
434059100,NK RK 11-2025,settlement,2,с.Сунаката,Сунақата а.
434059200,NK RK 11-2025,settlement,2,с.Енбек,Еңбек а.
434061000,NK RK 11-2025,sub_district,2,Суттыкудыкский с.о.,Сүттіқұдық а.о.
434061100,NK RK 11-2025,settlement,2,с.Такырколь,Тақыркөл а.
434062000,NK RK 11-2025,sub_district,2,Талапский с.о.,Талап а.о.
434062100,NK RK 11-2025,settlement,2,ст.Бесарык,Бесарық ст.
434063000,NK RK 11-2025,sub_district,2,Томенарыкский с.о.,Төменарық а.о.
434063100,NK RK 11-2025,settlement,2,с.Томенарык,Төменарық а.
434065000,NK RK 11-2025,sub_district,2,Шалкинский с.о.,Шалқия а.о.
434065100,NK RK 11-2025,settlement,2,п.Шалкия,Шалқия к.
434065300,NK RK 11-2025,settlement,2,с.Куттыкожа,Құттықожа а.
434067000,NK RK 11-2025,sub_district,2,Манапский с.о.,Манап а.о.
434067100,NK RK 11-2025,settlement,2,с.Манап,Манап а.
434067500,NK RK 11-2025,settlement,2,ст.Талап,Талап ст.
434400000,NK RK 11-2025,district,4,Казалинский район,Қазалы ауданы
434423000,NK RK 11-2025,sub_district,1,Казалинская г.а.,Қазалы қ.ә.
434423100,NK RK 11-2025,settlement,1,г.Казалинск,Қазалы қ.
434430000,NK RK 11-2025,sub_district,2,Айтеке би п.а.,Әйтеке би к.ә.
434430100,NK RK 11-2025,settlement,2,п.Айтеке би,Әйтеке би к.
434431000,NK RK 11-2025,sub_district,2,Акжонский с.о.,Ақжона а.о.
434431100,NK RK 11-2025,settlement,2,с.Майдаколь,Майдакөл а.
434432000,NK RK 11-2025,sub_district,2,Алгинский с.о.,Алға а.о.
434432100,NK RK 11-2025,settlement,2,с.Туктибаев,Түктібаев а.
434433000,NK RK 11-2025,sub_district,2,Арандинский с.о.,Аранды а.о.
434433100,NK RK 11-2025,settlement,2,с.Кожабахы,Қожабақы а.
434433200,NK RK 11-2025,settlement,2,с.Аранды,Аранды а.
434435000,NK RK 11-2025,sub_district,2,Арыкбалыкский с.о.,Арықбалық а.о.
434435100,NK RK 11-2025,settlement,2,с.им.Жанкожа батыра,Жанқожа батыр атын.а.
434436000,NK RK 11-2025,sub_district,2,Басыкаринский с.о.,Басықара а.о.
434436100,NK RK 11-2025,settlement,2,с.Басыкара,Басықара а.
434437000,NK RK 11-2025,sub_district,2,Бозкольский с.о.,Бозкөл а.о.
434437100,NK RK 11-2025,settlement,2,с.Бозколь,Бозкөл а.
434439000,NK RK 11-2025,sub_district,2,Бирликский с.о.,Бірлік а.о.
434439100,NK RK 11-2025,settlement,2,с.Бирлик,Бірлік а.
434441000,NK RK 11-2025,sub_district,2,Карашенгельский с.о.,Қарашеңгел а.о.
434441100,NK RK 11-2025,settlement,2,с.Жалантос батыр,Жалаңтөс батыр а.
434441300,NK RK 11-2025,settlement,2,с.Шитубек,Шитүбек а.
434441500,NK RK 11-2025,settlement,2,ст.Кубек,Көбек ст.
434441600,NK RK 11-2025,settlement,2,с.Уйрек,Үйрек а.
434441700,NK RK 11-2025,settlement,2,рзд.Алтай,рзд.Алтай
434441800,NK RK 11-2025,settlement,2,рзд.Ойынды,рзд.Ойынды
434442000,NK RK 11-2025,sub_district,2,Кольарыкский с.о.,Көларық а.о.
434442100,NK RK 11-2025,settlement,2,с.им.Актан батыра,Ақтан батыр атын.а.
434443000,NK RK 11-2025,sub_district,2,Кумжиекский с.о.,Құмжиек а.о.
434443100,NK RK 11-2025,settlement,2,с.Пиримов,Пірімов а.
434443480,NK RK 11-2025,settlement,2,с.Кожаказган,Қожақазған а.
434443600,NK RK 11-2025,settlement,2,с.Мадениет,Мәдениет а.
434443880,NK RK 11-2025,settlement,2,с.Тапа,Тапа а.
434445000,NK RK 11-2025,sub_district,2,Кызылкумский с.о.,Қызылқұм а.о.
434445100,NK RK 11-2025,settlement,2,с.Каукей,Кәукей а.
434445200,NK RK 11-2025,settlement,2,с.Ажар,Ажар а.
434447000,NK RK 11-2025,sub_district,2,Майдакольский с.о.,Майдакөл а.о.
434447100,NK RK 11-2025,settlement,2,с.Бекарыстан би,Бекарыстан би а.
434449000,NK RK 11-2025,sub_district,2,Майлыбасский с.о.,Майлыбас а.о.
434449100,NK RK 11-2025,settlement,2,с.Аксуат,Ақсуат а.
434449280,NK RK 11-2025,settlement,2,с.Майлыбас,Майлыбас а.
434449300,NK RK 11-2025,settlement,2,с.Байкожа,Байғожа а.
434449380,NK RK 11-2025,settlement,2,с.Бирлик,Бірлік а.
434449680,NK RK 11-2025,settlement,2,рзд.99,рзд.99
434449700,NK RK 11-2025,settlement,2,рзд.101,рзд.101
434449800,NK RK 11-2025,settlement,2,рзд.102,рзд.102
434450000,NK RK 11-2025,sub_district,2,Муратбаевский с.о.,Мұратбаев а.о.
434450100,NK RK 11-2025,settlement,2,с.Муратбаев,Мұратбаев а.
434451000,NK RK 11-2025,sub_district,2,Уркендеуский с.о.,Өркендеу а.о.
434451100,NK RK 11-2025,settlement,2,с.Жанкент,Жанкент а.
434453000,NK RK 11-2025,sub_district,2,Сарбулакский с.о.,Сарбұлақ а.о.
434453100,NK RK 11-2025,settlement,2,с.Сарбулак,Сарбұлақ а.
434455000,NK RK 11-2025,sub_district,2,Сарыкольский с.о.,Сарыкөл а.о.
434455100,NK RK 11-2025,settlement,2,с.Абай,Абай а.
434455300,NK RK 11-2025,settlement,2,с.Жубан,Жұбан а.
434459000,NK RK 11-2025,sub_district,2,Тасарыкский с.о.,Тасарық а.о.
434459100,NK RK 11-2025,settlement,2,с.Тасарык,Тасарық а.
434459400,NK RK 11-2025,settlement,2,с.Лакалы,Лақалы а.
434459700,NK RK 11-2025,settlement,2,с.Тасөткел,Тасөткел а.
434465000,NK RK 11-2025,sub_district,2,Шакенский с.о.,Шәкен а.о.
434465100,NK RK 11-2025,settlement,2,с.Шакен,Шәкен а.
434465400,NK RK 11-2025,settlement,2,с.Шили,Шилі а.
434465500,NK RK 11-2025,settlement,2,с.Шолкум,Шөлқұм а.
434600000,NK RK 11-2025,district,2,Кармакшинский район,Қармақшы ауданы
434630000,NK RK 11-2025,sub_district,2,Жосалинский с.о.,Жосалы а.о.
434630100,NK RK 11-2025,settlement,2,п.Жосалы,Жосалы к.
434630200,NK RK 11-2025,settlement,2,ст.Дирментобе,Диірментөбе ст.
434630600,NK RK 11-2025,settlement,2,ст.Коркыт,Қорқыт ст.
434630700,NK RK 11-2025,settlement,2,с.Ордазы,Ордазы а.
434633000,NK RK 11-2025,sub_district,2,Акайский с.о.,Ақай а.о.
434633100,NK RK 11-2025,settlement,2,с.Акай,Ақай а.
434635000,NK RK 11-2025,sub_district,2,Акжарский с.о.,Ақжар а.о.
434635100,NK RK 11-2025,settlement,2,с.Акжар,Ақжар а.
434637000,NK RK 11-2025,sub_district,2,Актобинский с.о.,Ақтөбе а.о.
434637100,NK RK 11-2025,settlement,2,с.Актобе,Ақтөбе а.
434638000,NK RK 11-2025,sub_district,2,с.о.им.Алдашбай Ахуна,Алдашбай Ахун атын.а.о.
434638100,NK RK 11-2025,settlement,2,с.им.Алдашбай Ахуна,Алдашбай Ахун атын.а.
434639000,NK RK 11-2025,sub_district,2,Дауылкольский с.о.,Дауылкөл а.о.
434639100,NK RK 11-2025,settlement,2,с.Турмаганбет,Тұрмағанбет а.
434643000,NK RK 11-2025,sub_district,2,Жанажолский с.о.,Жаңажол а.о.
434643100,NK RK 11-2025,settlement,2,с.Дур Онгар,Дүр Оңғар а.
434645000,NK RK 11-2025,sub_district,2,Жосалинский с.о.,Жосалы а.о.
434645100,NK RK 11-2025,settlement,2,с.Торебай би,Төребай би а.
434653000,NK RK 11-2025,sub_district,2,Иркольский с.о.,Иіркөл а.о.
434653100,NK RK 11-2025,settlement,2,с.Иркольское,Иіркөл а.
434655000,NK RK 11-2025,sub_district,2,Комекбаевский с.о,Көмекбаев а.о.
434655100,NK RK 11-2025,settlement,2,с.им.Комекбаева,Көмекбаев атын.а.
434655200,NK RK 11-2025,settlement,2,с.Кекирели,Кекірелі а.
434655700,NK RK 11-2025,settlement,2,с.Шобанказган,Шобанқазған а.
434657000,NK RK 11-2025,sub_district,2,Кармакшинский с.о.,Қармақшы а.о.
434657100,NK RK 11-2025,settlement,2,с.Абыла,Абыла а.
434657300,NK RK 11-2025,settlement,2,с.Анаколь,Анакөл а.
434657400,NK RK 11-2025,settlement,2,с.Кызылтам,Қызылтам а.
434659000,NK RK 11-2025,sub_district,2,Куандарьинский с.о.,Қуандария а.о.
434659100,NK RK 11-2025,settlement,2,с.Куандария,Қуаңдария а.
434663000,NK RK 11-2025,sub_district,2,Торетамский с.о.,Төретам а.о.
434663100,NK RK 11-2025,settlement,2,с.Торетам,Төретам а.
434665000,NK RK 11-2025,sub_district,2,3 интернациональный с.о.,Үшінші интернационал а.о.
434665100,NK RK 11-2025,settlement,2,с.3 интернационал,Үшінші интернационал а.
434800000,NK RK 11-2025,district,2,Сырдарьинский район,Сырдария ауданы
434830000,NK RK 11-2025,sub_district,2,Теренозекский с.о.,Тереңөзек а.о.
434830100,NK RK 11-2025,settlement,2,с.Теренозек,Тереңөзек а.
434833000,NK RK 11-2025,sub_district,2,Айдарлинский с.о.,Айдарлы а.о.
434833100,NK RK 11-2025,settlement,2,с.Айдарлы,Айдарлы а.
434835000,NK RK 11-2025,sub_district,2,Акжарминский с.о.,Ақжарма а.о.
434835100,NK RK 11-2025,settlement,2,с.Акжарма,Ақжарма а.
434835102,NK RK 11-2025,settlement,2,с.Абай,Абай а.
434837000,NK RK 11-2025,sub_district,2,Амангельдинский с.о.,Амангелді а.о.
434837100,NK RK 11-2025,settlement,2,с.Амангельды,Амангелді а.
434839000,NK RK 11-2025,sub_district,2,Бесарыкский с.о.,Бесарық а.о.
434839100,NK RK 11-2025,settlement,2,с.Бесарык,Бесарық а.
434841000,NK RK 11-2025,sub_district,2,Жетикольский с.о.,Жетікөл а.о.
434841100,NK RK 11-2025,settlement,2,с.Жетиколь,Жетікөл а.
434843000,NK RK 11-2025,sub_district,2,с.о.им.Ильясова,Ілиясов атын.а.о.
434843100,NK RK 11-2025,settlement,2,с.им.Н.Ильясова,Н.Ілиясов атын.а.
434844000,NK RK 11-2025,sub_district,2,с.о.им.Калжан Ахуна,Қалжан Ахун атын.а.о.
434844100,NK RK 11-2025,settlement,2,с.им.Калжан Ахуна,Қалжан Ахун атын.а.
434845000,NK RK 11-2025,sub_district,2,Когалыкольский с.о.,Қоғалыкөл а.о.
434845100,NK RK 11-2025,settlement,2,с.Когалыколь,Қоғалыкөл а.
434847000,NK RK 11-2025,sub_district,2,Сейфуллинский с.о.,Сейфуллин а.о.
434847100,NK RK 11-2025,settlement,2,с.Сейфуллин,Сейфуллин а.
434849000,NK RK 11-2025,sub_district,2,с.о.им.Токмаганбетова,Тоқмағанбетов атын.а.о.
434849100,NK RK 11-2025,settlement,2,с.им.А.Токмаганбетова,Тоқмағанбетов атын.а.
434853000,NK RK 11-2025,sub_district,2,Шаганский с.о.,Шаған а.о.
434853100,NK RK 11-2025,settlement,2,с.Шаган,Шаған а.
434855000,NK RK 11-2025,sub_district,2,Ширкейлийский с.о.,Шіркейлі а.о.
434855100,NK RK 11-2025,settlement,2,с.Ширкейли,Шіркейлі а.
434857000,NK RK 11-2025,sub_district,2,Инкардарьинский с.о.,Іңкәрдәрия а.о.
434857100,NK RK 11-2025,settlement,2,с.Инкардарья,Іңкәрдәрия а.
435200000,NK RK 11-2025,district,2,Шиелийский район,Шиелі ауданы
435230000,NK RK 11-2025,sub_district,2,Шиелийский с.о.,Шиелі а.о.
435230100,NK RK 11-2025,settlement,2,п.Шиели,Шиелі к.
435233000,NK RK 11-2025,sub_district,2,Акмаянский с.о.,Ақмая а.о.
435233100,NK RK 11-2025,settlement,2,с.Акмая,Ақмая а.
435233500,NK RK 11-2025,settlement,2,с.Косарык,Қосарық а.
435234000,NK RK 11-2025,sub_district,2,Актоганский с.о.,Ақтоған а.о.
435234100,NK RK 11-2025,settlement,2,с.Досбол би,Досбол би а.
435235000,NK RK 11-2025,sub_district,2,Алмалинский с.о.,Алмалы а.о.
435235100,NK RK 11-2025,settlement,2,с.Алмалы,Алмалы а.
435235400,NK RK 11-2025,settlement,2,с.Тогайлы,Тоғайлы а.
435235600,NK RK 11-2025,settlement,2,рзд.21,рзд.21
435237000,NK RK 11-2025,sub_district,2,Байгекумский с.о.,Бәйгеқұм а.о.
435237100,NK RK 11-2025,settlement,2,с.Байгекум,Бәйгеқұм а.
435238000,NK RK 11-2025,sub_district,2,Бестамский с.о.,Бестам а.о.
435238100,NK RK 11-2025,settlement,2,с.Бестам,Бестам а.
435239000,NK RK 11-2025,sub_district,2,с.о.Байтерек,Бәйтерек а.о.
435239100,NK RK 11-2025,settlement,2,с.Бидайколь,Бидайкөл а.
435239300,NK RK 11-2025,settlement,2,рзд.22,рзд.22
435241000,NK RK 11-2025,sub_district,2,Жанатурмысский с.о.,Жаңатұрмыс а.о.
435241100,NK RK 11-2025,settlement,2,с.Байсын,Байсын а.
435243000,NK RK 11-2025,sub_district,2,Енбекшинский с.о.,Еңбекші а.о.
435243100,NK RK 11-2025,settlement,2,с.Енбекши,Еңбекші а.
435243200,NK RK 11-2025,settlement,2,с.Косуйенки,Қосүйеңкі а.
435244000,NK RK 11-2025,sub_district,2,Жиделиарыкский с.о.,Жиделіарық а.о.
435244100,NK RK 11-2025,settlement,2,с.Жиделиарык,Жиделіарық а.
435245000,NK RK 11-2025,sub_district,2,Жолекский с.о.,Жөлек а.о.
435245100,NK RK 11-2025,settlement,2,с.Жолек,Жөлек а.
435245200,NK RK 11-2025,settlement,2,с.Жуантобе,Жуантөбе а.
435247000,NK RK 11-2025,sub_district,2,Жуантобинский с.о.,Жуантөбе а.о.
435247100,NK RK 11-2025,settlement,2,с.Алгабас,Алғабас а.
435249000,NK RK 11-2025,sub_district,2,Иркольский с.о.,Иіркөл а.о.
435249100,NK RK 11-2025,settlement,2,с.им.И.Жакаева,Ы.Жақаев атын.а.
435249300,NK RK 11-2025,settlement,2,с.Жансеит,Жансейіт а.
435253000,NK RK 11-2025,sub_district,2,Керделинский с.о.,Керделі а.о.
435253100,NK RK 11-2025,settlement,2,с.им.Н.Бекежанова,Н.Бекежанов атын.а.
435255000,NK RK 11-2025,sub_district,2,Каргалинский с.о.,Қарғалы а.о.
435255100,NK RK 11-2025,settlement,2,с.Буланбайбауы,Бұланбайбауы а.
435256000,NK RK 11-2025,sub_district,2,Майлытогайский с.о.,Майлытоғай а.о.
435256100,NK RK 11-2025,settlement,2,с.Майлытогай,Майлытоғай а.
435257000,NK RK 11-2025,sub_district,2,Сулутюбинский с.о.,Сұлутөбе а.о.
435257100,NK RK 11-2025,settlement,2,с.Сулутюбе,Сұлутөбе а.
435257200,NK RK 11-2025,settlement,2,с.1 Мамыр,Бірінші Мамыр а.
435257300,NK RK 11-2025,settlement,2,с.Жаназар батыр,Жаназар батыр а.
435258000,NK RK 11-2025,sub_district,2,Когалинский с.о.,Қоғалы а.о.
435258100,NK RK 11-2025,settlement,2,с.Тұрсынбай датқа,Тұрсынбай датқа а.
435259000,NK RK 11-2025,sub_district,2,Талаптанский с.о.,Талаптан а.о.
435259100,NK RK 11-2025,settlement,2,с.Бала би,Бала би а.
435261000,NK RK 11-2025,sub_district,2,Тартогайский с.о.,Тартоғай а.о.
435261100,NK RK 11-2025,settlement,2,с.Тартогай,Тартоғай а.
435262000,NK RK 11-2025,sub_district,2,Теликольский с.о.,Телікөл а.о.
435262100,NK RK 11-2025,settlement,2,с.Абдильда Тажибаева,Әбділда Тәжібаев а.
435263000,NK RK 11-2025,sub_district,2,с.о.Туран,Тұран а.о.
435263100,NK RK 11-2025,settlement,2,с.Ш.Кодаманова,Ш.Қодаманов а.
435267000,NK RK 11-2025,sub_district,2,Ортакшылский с.о.,Ортақшыл а.о.
435267100,NK RK 11-2025,settlement,2,с.Ортакшыл,Ортақшыл а.
435267500,NK RK 11-2025,settlement,2,с.Кызылкаин,Қызылқайың а.
470000000,NK RK 11-2025,oblast,0,Мангистауская область,Маңғыстау облысы
471000000,NK RK 11-2025,district,3,Актау Г.А.,Ақтау Г.А.
471010000,NK RK 11-2025,sub_district,1,г.Актау,Ақтау қ.
471043000,NK RK 11-2025,sub_district,2,Умирзакский с.о.,Өмірзақ а.о.
471043100,NK RK 11-2025,settlement,2,с.Умирзак,Өмірзақ а.
471800000,NK RK 11-2025,district,3,Жанаозен Г.А.,Жаңаөзен Қ.Ә.
471810000,NK RK 11-2025,sub_district,1,г.Жанаозен,Жаңаөзен қ.
471835000,NK RK 11-2025,sub_district,2,Кызылсайский с.о.,Қызылсай а.о.
471835100,NK RK 11-2025,settlement,2,с.Кызылсай,Қызылсай а.
471836000,NK RK 11-2025,sub_district,2,с.а.Рахат,Рахат а.ә.
471836100,NK RK 11-2025,settlement,2,с.Рахат,Рахат а.
471837000,NK RK 11-2025,sub_district,2,Тенгеский с.о.,Теңге а.о.
471837100,NK RK 11-2025,settlement,2,с.Тенге,Теңге а.
471838000,NK RK 11-2025,sub_district,2,с.а.Кендерли,Кендірлі а.ә.
471838100,NK RK 11-2025,settlement,2,с.Кендерли,Кендірлі а.
473600000,NK RK 11-2025,district,2,Бейнеуский район,Бейнеу ауданы
473630000,NK RK 11-2025,sub_district,2,Бейнеуский с.о.,Бейнеу а.о.
473630100,NK RK 11-2025,settlement,2,с.Бейнеу,Бейнеу а.
473633000,NK RK 11-2025,sub_district,2,Акжигитская с.а.,Ақжігіт а.ә.
473633100,NK RK 11-2025,settlement,2,с.Акжигит,Ақжігіт а.
473633102,NK RK 11-2025,settlement,2,с.Айтжан,Айтжан а.
473633103,NK RK 11-2025,settlement,2,с.Амантай,Амантай а.
473633104,NK RK 11-2025,settlement,2,с.Аязбай,Аязбай а.
473633105,NK RK 11-2025,settlement,2,с.Байжан,Байжан а.
473633106,NK RK 11-2025,settlement,2,с.Боранкуль,Боранқұл а.
473633107,NK RK 11-2025,settlement,2,с.Бектурган,Бектұрған а.
473633108,NK RK 11-2025,settlement,2,с.Бердихан,Бердіхан а.
473633109,NK RK 11-2025,settlement,2,с.Есберген,Есберген а.
473633111,NK RK 11-2025,settlement,2,с.Жалгас,Жалғас а.
473633112,NK RK 11-2025,settlement,2,с.Жубат,Жұбат а.
473633113,NK RK 11-2025,settlement,2,с.Жылкы,Жылқы а.
473633115,NK RK 11-2025,settlement,2,с.Конлимкос,Көңлімқос а.
473633117,NK RK 11-2025,settlement,2,с.Калмырза,Қалмырза а.
473633118,NK RK 11-2025,settlement,2,с.Комти,Комти а.
473633119,NK RK 11-2025,settlement,2,с.Кызылту,Қызылту а.
473633121,NK RK 11-2025,settlement,2,с.Майлы,Майлы а.
473633123,NK RK 11-2025,settlement,2,с.Мендибай,Меңдібай а.
473633125,NK RK 11-2025,settlement,2,с.Оазис разъезд,Оазис разъезд а.
473633127,NK RK 11-2025,settlement,2,с.Сакен,Сәкен а.
473633128,NK RK 11-2025,settlement,2,с.Серик,Серік а.
473633129,NK RK 11-2025,settlement,2,с.Сабигат,Сабиғат а.
473633131,NK RK 11-2025,settlement,2,с.Сулукара,Сұлуқара а.
473633133,NK RK 11-2025,settlement,2,с.Толеу,Төлеу а.
473633135,NK RK 11-2025,settlement,2,с.Тогызбай,Тоғызбай а.
473633137,NK RK 11-2025,settlement,2,с.Толеубай,Төлеубай а.
473633139,NK RK 11-2025,settlement,2,с.Умбет,Үмбет а.
473633141,NK RK 11-2025,settlement,2,с.Шанытбай,Шаңытбай а.
473637000,NK RK 11-2025,sub_district,2,Саргинская с.а.,Сарға а.ә.
473637100,NK RK 11-2025,settlement,2,с.Сарга,Сарға а.
473637103,NK RK 11-2025,settlement,2,с.Байкушик,Байкүшік а.
473637105,NK RK 11-2025,settlement,2,с.Жанбике,Жанбике а.
473637107,NK RK 11-2025,settlement,2,с.Жаркудук,Жарқұдық а.
473637109,NK RK 11-2025,settlement,2,с.Комсомол,Комсомол а.
473637111,NK RK 11-2025,settlement,2,с.Теректи,Теректі а.
473637113,NK RK 11-2025,settlement,2,с.Шиликудук,Шиліқұдық а.
473639000,NK RK 11-2025,sub_district,2,Боранкульская с.а.,Боранқұл а.ә.
473639100,NK RK 11-2025,settlement,2,с.Боранкул,Боранқұл а.
473639105,NK RK 11-2025,settlement,2,зимовка Бугабай,Бұғыбай қыстауы
473641000,NK RK 11-2025,sub_district,2,Есетская с.а.,Есет а.ә.
473641100,NK RK 11-2025,settlement,2,с.Есет,Есет а.
473643000,NK RK 11-2025,sub_district,2,Сынгырлауская с.а.,Сыңғырлау а.ә.
473643100,NK RK 11-2025,settlement,2,с.Сынгырлау,Сыңғырлау а.
473643102,NK RK 11-2025,settlement,2,с.Абдигул,Әбдігүл а.
473643103,NK RK 11-2025,settlement,2,с.Акорпа 1,Ақорпа 1 а.
473643104,NK RK 11-2025,settlement,2,с.Али,Әли а.
473643105,NK RK 11-2025,settlement,2,с.Акорпа 2,Ақорпа 2 а.
473643106,NK RK 11-2025,settlement,2,с.Акжар,Ақжар а.
473643107,NK RK 11-2025,settlement,2,рзд.Коктекти,рзд.Көктекті
473643108,NK RK 11-2025,settlement,2,с.Булактыколь,Бұлақтыкөл а.
473643109,NK RK 11-2025,settlement,2,с.Сарыкеткен,Сарыкеткен а.
473643111,NK RK 11-2025,settlement,2,с.Шинкелдек,Шіңкілдек а.
473643112,NK RK 11-2025,settlement,2,с.Жанайтыс,Жанайтыс а.
473643113,NK RK 11-2025,settlement,2,с.Ждан 1,Ждан 1 а.
473643115,NK RK 11-2025,settlement,2,с.Ждан 2,Ждан 2 а.
473643117,NK RK 11-2025,settlement,2,с.Каршлыкон,Каршлықон а.
473643119,NK RK 11-2025,settlement,2,с.Кокбулак,Көкбұлақ а.
473643121,NK RK 11-2025,settlement,2,с.Кызаулие,Қызәулие а.
473643123,NK RK 11-2025,settlement,2,с.Кенколтык,Кеңқолтық а.
473643125,NK RK 11-2025,settlement,2,с.Кызылту,Қызылту а.
473643127,NK RK 11-2025,settlement,2,с.Мансур,Мансұр а.
473643128,NK RK 11-2025,settlement,2,с.Сарша,Сарша а.
473643129,NK RK 11-2025,settlement,2,с.Избасар,Ізбасар а.
473644000,NK RK 11-2025,sub_district,2,Самский с.о.,Сам а.о.
473644100,NK RK 11-2025,settlement,2,с.Сам,Сам а.
473644103,NK RK 11-2025,settlement,2,с.Аккудык,Аққұдық а.
473644105,NK RK 11-2025,settlement,2,с.Ауылдыколь,Ауылдыкөл а.
473644107,NK RK 11-2025,settlement,2,с.Бакытжан,Бақытжан а.
473644109,NK RK 11-2025,settlement,2,с.Баршакум 1,Баршақұм 1 а.
473644111,NK RK 11-2025,settlement,2,с.Баршакум 2,Баршақұм 2 а.
473644113,NK RK 11-2025,settlement,2,с.Жанбике,Жанбике а.
473644115,NK RK 11-2025,settlement,2,с.Карагайлы,Қарағайлы а.
473644117,NK RK 11-2025,settlement,2,с.Каскырбулак,Қасқырбұлақ а.
473644119,NK RK 11-2025,settlement,2,с.Каракога,Қарақоға а.
473644121,NK RK 11-2025,settlement,2,с.Картбай,Қартбай а.
473644123,NK RK 11-2025,settlement,2,с.Киякты,Қияқты а.
473644125,NK RK 11-2025,settlement,2,с.Коскудык,Қосқұдық а.
473644127,NK RK 11-2025,settlement,2,с.Копа,Қопа а.
473644129,NK RK 11-2025,settlement,2,Найзакора,Найзақора
473644131,NK RK 11-2025,settlement,2,Онгаркора,Оңғарқора
473644133,NK RK 11-2025,settlement,2,с.Реш,Реш а.
473644135,NK RK 11-2025,settlement,2,с.Уялы,Ұялы а.
473644137,NK RK 11-2025,settlement,2,с.Теректи,Теректі а.
473644139,NK RK 11-2025,settlement,2,с.Шукыр,Шұқыр а.
473644200,NK RK 11-2025,settlement,2,с.Ногайты,Ноғайты а.
473644203,NK RK 11-2025,settlement,2,с.Амантурлы,Амантұрлы а.
473644205,NK RK 11-2025,settlement,2,с.Каскыришкен,Қасқырішкен а.
473644207,NK RK 11-2025,settlement,2,с.Кызылжулдыз,Қызылжұлдыз а.
473644209,NK RK 11-2025,settlement,2,с.Коншымырау,Қоңшымырау а.
473644211,NK RK 11-2025,settlement,2,с.Килтан,Кілтан а.
473644213,NK RK 11-2025,settlement,2,с.Мамырык,Мамырық а.
473644215,NK RK 11-2025,settlement,2,с.Таскудык,Тасқұдық а.
473644219,NK RK 11-2025,settlement,2,с.Терискенди,Теріскенді а.
473645000,NK RK 11-2025,sub_district,2,Толепская с.а.,Төлеп а.ә.
473645100,NK RK 11-2025,settlement,2,с.Толеп,Төлеп а.
473646000,NK RK 11-2025,sub_district,2,Таженский с.о.,Тәжен а.о.
473646100,NK RK 11-2025,settlement,2,с. Тажен,Тәжен ауылы
473647000,NK RK 11-2025,sub_district,2,Турышская с.а.,Тұрыш а.ә.
473647100,NK RK 11-2025,settlement,2,с.Турыш,Тұрыш а.
473647103,NK RK 11-2025,settlement,2,с.Абай,Абай а.
473647105,NK RK 11-2025,settlement,2,с.Алуадинов,Алуадинов а.
473647107,NK RK 11-2025,settlement,2,с.Акши,Ақши а.
473647109,NK RK 11-2025,settlement,2,с.Асаубарак,Асаубарақ а.
473647111,NK RK 11-2025,settlement,2,с.Кошербай,Көшербай а.
473647113,NK RK 11-2025,settlement,2,с.Коблан,Қоблан а.
473647115,NK RK 11-2025,settlement,2,с.Котыр,Қотыр а.
473647119,NK RK 11-2025,settlement,2,с.Кулыбек,Құлыбек а.
473647121,NK RK 11-2025,settlement,2,с.Кылыш,Қылыш а.
473647123,NK RK 11-2025,settlement,2,с.Тузелов,Түзелов а.
474200000,NK RK 11-2025,district,2,Каракиянский район,Қарақия ауданы
474230000,NK RK 11-2025,sub_district,2,Курыкский с.о.,Құрық а.о.
474230100,NK RK 11-2025,settlement,2,с.Курык,Құрық а.
474230107,NK RK 11-2025,settlement,2,с.Жаксы Кызыладыр,Жақсы Қызыладыр а.
474230113,NK RK 11-2025,settlement,2,с.Кызыладыр,Қызыладыр а.
474230115,NK RK 11-2025,settlement,2,Мешиттикора,Мешіттіқора
474233000,NK RK 11-2025,sub_district,2,Бостанский с.о.,Бостан а.о.
474233100,NK RK 11-2025,settlement,2,с.Бостан,Бостан а.
474233103,NK RK 11-2025,settlement,2,с.Борсымурын,Борсымұрын а.
474233105,NK RK 11-2025,settlement,2,с.Бостанкум,Бостанқұм а.
474233107,NK RK 11-2025,settlement,2,с.Карамандыбас,Қарамандыбас а.
474233108,NK RK 11-2025,settlement,2,с.Кызылсу,Қызылсу а.
474233109,NK RK 11-2025,settlement,2,зимовка Аспай,Аспай қыстауы
474233111,NK RK 11-2025,settlement,2,зимовка Дармен 1,Дәрмен 1 қыстауы
474233112,NK RK 11-2025,settlement,2,зимовка Дармен 2,Дәрмен 2 қыстауы
474233113,NK RK 11-2025,settlement,2,зимовка Ербасан 1,Ербасан 1 қыстауы
474233114,NK RK 11-2025,settlement,2,зимовка Ербасан 2,Ербасан 2 қыстауы
474233115,NK RK 11-2025,settlement,2,зимовка Ербасан 3,Ербасан 3 қыстауы
474233116,NK RK 11-2025,settlement,2,зимовка Жанасу 1,Жаңасу 1 қыстауы
474233117,NK RK 11-2025,settlement,2,зимовка Жанасу 2,Жаңасу 2 қыстауы
474233118,NK RK 11-2025,settlement,2,зимовка Жосалы,Жосалы қыстауы
474233119,NK RK 11-2025,settlement,2,с.Озенойы,Өзенойы а.
474233121,NK RK 11-2025,settlement,2,зимовка Кундик,Кіндік қыстауы
474233122,NK RK 11-2025,settlement,2,зимовка Каракудык,Қарақұдық қыстауы
474233123,NK RK 11-2025,settlement,2,зимовка Шиферли,Шиферлі қыстауы
474233124,NK RK 11-2025,settlement,2,зимовка Шолтобе,Шөлтөбе қыстауы
474233125,NK RK 11-2025,settlement,2,зимовка Акпан 1,Ақпан 1 қыстауы
474233126,NK RK 11-2025,settlement,2,зимовка Акпан 2,Ақпан 2 қыстауы
474233127,NK RK 11-2025,settlement,2,зимовка Акпан 3,Ақпан 3 қыстауы
474233128,NK RK 11-2025,settlement,2,зимовка Алтыналы,Алтыналы қыстауы
474233129,NK RK 11-2025,settlement,2,зимовка Аккора,Аққора қыстауы
474233131,NK RK 11-2025,settlement,2,зимовка Акшагыл,Ақшағыл қыстауы
474233132,NK RK 11-2025,settlement,2,зимовка Андижан,Андижан қыстауы
474233133,NK RK 11-2025,settlement,2,зимовка Безжузген,Безжізген қыстауы
474233134,NK RK 11-2025,settlement,2,зимовка Кызылсай,Қызылсай қыстауы
474233135,NK RK 11-2025,settlement,2,зимовка Куйеутам,Күйеутам қыстауы
474233136,NK RK 11-2025,settlement,2,зимовка Колтык,Қолтық қыстауы
474233137,NK RK 11-2025,settlement,2,зимовка Кожаказган,Қожақазған қыстауы
474233138,NK RK 11-2025,settlement,2,зимовка Машырык,Машырық қыстауы
474233139,NK RK 11-2025,settlement,2,зимовка Сайын 1,Сайын 1 қыстауы
474233141,NK RK 11-2025,settlement,2,зимовка Сайын 2,Сайын 2 қыстауы
474233142,NK RK 11-2025,settlement,2,зимовка Сахар,Сахар қыстауы
474233143,NK RK 11-2025,settlement,2,зимовка Сарытобе,Сарытөбе қыстауы
474233144,NK RK 11-2025,settlement,2,зимовка Сиырсу,Сиырсу қыстауы
474233145,NK RK 11-2025,settlement,2,зимовка Сокыр,Соқыр қыстауы
474233146,NK RK 11-2025,settlement,2,зимовка Тастысай,Тастысай қыстауы
474233147,NK RK 11-2025,settlement,2,зимовка Туйесу,Түйесу қыстауы
474233148,NK RK 11-2025,settlement,2,зимовка Тузбасы,Тұзбасы қыстауы
474235000,NK RK 11-2025,sub_district,2,с.о.Болашак,Болашақ а.о.
474235100,NK RK 11-2025,settlement,2,с.Болашак,Болашақ а.
474235102,NK RK 11-2025,settlement,2,рзд.Бесторткул,Бестөрткүл рзд.
474235103,NK RK 11-2025,settlement,2,рзд.Курмаш,Құрмаш рзд.
474235104,NK RK 11-2025,settlement,2,рзд.Тайгыр,Тайғыр рзд.
474235200,NK RK 11-2025,settlement,2,с.Бопай,Бопай а.
474235201,NK RK 11-2025,settlement,2,рзд.Акбобек,Ақбөбек рзд.
474235202,NK RK 11-2025,settlement,2,рзд.Бастау,Бастау рзд.
474239000,NK RK 11-2025,sub_district,2,Жетыбайский с.о.,Жетібай а.о.
474239100,NK RK 11-2025,settlement,2,с.Жетыбай,Жетібай а.
474239109,NK RK 11-2025,settlement,2,с.Конайкора,Қонайқора а.
474241000,NK RK 11-2025,sub_district,2,Куландинский с.о.,Құланды а.о.
474241100,NK RK 11-2025,settlement,2,с.Куланды,Құланды а.
474241102,NK RK 11-2025,settlement,2,с.Ботагоз,Ботагөз а.
474241103,NK RK 11-2025,settlement,2,с.Карабаракты,Қарабарақты а.
474241105,NK RK 11-2025,settlement,2,с.Саксорка,Сақсорқа а.
474241107,NK RK 11-2025,settlement,2,с.Сарытакыр,Сарытақыр а.
474241108,NK RK 11-2025,settlement,2,с.Фетисово,Фетисово а.
474241109,NK RK 11-2025,settlement,2,с.Шынжыр,Шынжыр а.
474241111,NK RK 11-2025,settlement,2,с.Шапалак,Шапалақ а.
474241112,NK RK 11-2025,settlement,2,с.Толеп,Төлеп а.
474241113,NK RK 11-2025,settlement,2,с.Аяк Караган,Аяқ Қараған а.
474241114,NK RK 11-2025,settlement,2,с.Бас Караган,Бас Қараған а.
474241115,NK RK 11-2025,settlement,2,с.Орта Караган,Орта Қараған а.
474241116,NK RK 11-2025,settlement,2,с.Сарымыс,Сарымыс а.
474241117,NK RK 11-2025,settlement,2,с.Уйсин,Үйсін а.
474245000,NK RK 11-2025,sub_district,2,Мунайшинский с.о.,Мұнайшы а.о.
474245100,NK RK 11-2025,settlement,2,с.Мунайшы,Мұнайшы а.
474249000,NK RK 11-2025,sub_district,2,Сенекский с.о.,Сенек а.о.
474249100,NK RK 11-2025,settlement,2,с.Сенек,Сенек а.
474249103,NK RK 11-2025,settlement,2,с.Ашысай,Ащысай а.
474249105,NK RK 11-2025,settlement,2,с.Бесокты,Бесоқты а.
474249107,NK RK 11-2025,settlement,2,с.Бурма,Бұрма а.
474249109,NK RK 11-2025,settlement,2,с.Жанасу,Жаңасу а.
474249111,NK RK 11-2025,settlement,2,с.Кайгылы,Қайғылы а.
474249113,NK RK 11-2025,settlement,2,с.Карашык,Қарашық а.
474249115,NK RK 11-2025,settlement,2,с.Келенди,Келенді а.
474249117,NK RK 11-2025,settlement,2,с.Мурынаул,Мұрынауыл а.
474249119,NK RK 11-2025,settlement,2,с.Сарыкез,Сарыкез а.
474249121,NK RK 11-2025,settlement,2,с.Сарыой,Сарыой а.
474249200,NK RK 11-2025,settlement,2,с.Аккудук,Аққұдық а.
474249203,NK RK 11-2025,settlement,2,с.Бесшокы,Бесшоқы а.
474249205,NK RK 11-2025,settlement,2,с.Дауыл,Дауыл а.
474249207,NK RK 11-2025,settlement,2,с.Жинишкесор,Жіңішкесор а.
474249209,NK RK 11-2025,settlement,2,с.Кадырберди,Қадірберді а.
474249211,NK RK 11-2025,settlement,2,с.Кансу,Қансу а.
474249213,NK RK 11-2025,settlement,2,с.Канбактысай,Қаңбақтысай а.
474249215,NK RK 11-2025,settlement,2,с.Кызылсенсир,Қызылсеңсір а.
474249217,NK RK 11-2025,settlement,2,с.Макышбай,Мақышбай а.
474249219,NK RK 11-2025,settlement,2,Мойынкора,Мойынқора
474249221,NK RK 11-2025,settlement,2,с.Сайлаутюбе,Сайлаутөбе а.
474249223,NK RK 11-2025,settlement,2,с.Туйесинирли,Түйесіңірлі а.
474600000,NK RK 11-2025,district,2,Мангистауский район,Маңғыстау ауданы
474630000,NK RK 11-2025,sub_district,2,Шетпинский с.о.,Шетпе а.о.
474630100,NK RK 11-2025,settlement,2,с.Шетпе,Шетпе а.
474633000,NK RK 11-2025,sub_district,2,Актюбинский с.о.,Ақтөбе а.о.
474633100,NK RK 11-2025,settlement,2,с.Уштаган,Үштаған а.
474633103,NK RK 11-2025,settlement,2,Кормоцех,Кормоцех
474633104,NK RK 11-2025,settlement,2,с.Саускан,Сауысқан а.
474633105,NK RK 11-2025,settlement,2,Скважина 26,Ұңғыма 26
474633200,NK RK 11-2025,settlement,2,с.Жарма,Жарма а.
474633203,NK RK 11-2025,settlement,2,Абукора,Әбуқора
474633205,NK RK 11-2025,settlement,2,с.Бокеже,Бөкеже а.
474633207,NK RK 11-2025,settlement,2,с.Дармен,Дәрмен а.
474633209,NK RK 11-2025,settlement,2,с.Есалы,Есалы а.
474633211,NK RK 11-2025,settlement,2,с.Жалпакторткул,Жалпақтөрткөл а.
474633213,NK RK 11-2025,settlement,2,с.Жарма 1,Жарма 1 а.
474633215,NK RK 11-2025,settlement,2,с.Кебиршокы,Кебіршоқы а.
474633219,NK RK 11-2025,settlement,2,Кезкора,Кезқора
474633221,NK RK 11-2025,settlement,2,Кесеккора,Кесекқора
474633223,NK RK 11-2025,settlement,2,с.Кандык,Қандық а.
474633225,NK RK 11-2025,settlement,2,с.Магзам,Мағзам а.
474633227,NK RK 11-2025,settlement,2,с.Масат,Масат а.
474633229,NK RK 11-2025,settlement,2,с.Тынысбай,Тынысбай а.
474633300,NK RK 11-2025,settlement,2,с.Сазды,Сазды а.
474633303,NK RK 11-2025,settlement,2,Айнектикора,Әйнектіқора
474633305,NK RK 11-2025,settlement,2,с.Айгыржал,Айғыржал а.
474633307,NK RK 11-2025,settlement,2,с.Алатюбе,Алатөбе а.
474633309,NK RK 11-2025,settlement,2,с.Еламан,Еламан а.
474633311,NK RK 11-2025,settlement,2,с.Жамансаз,Жамансаз а.
474633313,NK RK 11-2025,settlement,2,с.Жанаша 1,Жанаша 1 а.
474633315,NK RK 11-2025,settlement,2,с.Жанаша,Жанаша а.
474633319,NK RK 11-2025,settlement,2,с.Камысшокы,Қамысшоқы а.
474633321,NK RK 11-2025,settlement,2,с.Космаганбет,Қосмағанбет а.
474633323,NK RK 11-2025,settlement,2,с.Куртты 2,Құртты 2 а.
474633325,NK RK 11-2025,settlement,2,ЛСП,ЛСП
474633327,NK RK 11-2025,settlement,2,с.Малибек,Мәлібек а.
474633329,NK RK 11-2025,settlement,2,с.Шаштыазим,Шаштыәзім а.
474633331,NK RK 11-2025,settlement,2,с.Шолакказган,Шолаққазған а.
474633333,NK RK 11-2025,settlement,2,с.Шолактам,Шолақтам а.
474633335,NK RK 11-2025,settlement,2,с.Шолтюбе,Шөлтөбе а.
474634000,NK RK 11-2025,sub_district,2,с.а.Акшымырау,Ақшымырау а.ә.
474634100,NK RK 11-2025,settlement,2,с.Акшымырау,Ақшымырау а.
474634103,NK RK 11-2025,settlement,2,с.Акжол,Ақжол а.
474634105,NK RK 11-2025,settlement,2,с.Акшагыл,Ақшағыл а.
474634107,NK RK 11-2025,settlement,2,с.Балта,Балта а.
474634109,NK RK 11-2025,settlement,2,с.Исатай,Исатай а.
474634111,NK RK 11-2025,settlement,2,с.Коктобе,Көктөбе а.
474634113,NK RK 11-2025,settlement,2,с.Кунес,Күнес а.
474634115,NK RK 11-2025,settlement,2,с.Куйылыс,Құйылыс а.
474634117,NK RK 11-2025,settlement,2,с.Карабатыр,Қарабатыр а.
474634119,NK RK 11-2025,settlement,2,с.Кошманбет,Қошманбет а.
474634121,NK RK 11-2025,settlement,2,с.Кызык,Қызық а.
474634123,NK RK 11-2025,settlement,2,с.Макпал,Мақпал а.
474634125,NK RK 11-2025,settlement,2,с.Нарсойган,Нарсойған а.
474634127,NK RK 11-2025,settlement,2,с.Сейт,Сейіт а.
474634129,NK RK 11-2025,settlement,2,с.Суйекши,Сүйекші а.
474634131,NK RK 11-2025,settlement,2,с.Торат,Торат а.
474634133,NK RK 11-2025,settlement,2,с.Шаган,Шаған а.
474635000,NK RK 11-2025,sub_district,2,Жармышский с.о.,Жармыш а.о.
474635100,NK RK 11-2025,settlement,2,с.Жармыш,Жармыш а.
474635103,NK RK 11-2025,settlement,2,с.Аманкызымет,Аманқызымет а.
474635105,NK RK 11-2025,settlement,2,с.Ауыздыбасты,Ауыздыбасты а.
474635107,NK RK 11-2025,settlement,2,с.Жапыракты,Жапырақты а.
474635109,NK RK 11-2025,settlement,2,с.Жетикул,Жетікөл а.
474635111,NK RK 11-2025,settlement,2,с.Кенсай,Кеңсай а.
474635113,NK RK 11-2025,settlement,2,с.Курша,Құрша а.
474635115,NK RK 11-2025,settlement,2,с.Кошкар,Қошқар а.
474635117,NK RK 11-2025,settlement,2,с.Кудайберген,Құдайберген а.
474635119,NK RK 11-2025,settlement,2,с.Кызылсай,Қызылсай а.
474635121,NK RK 11-2025,settlement,2,с.Накбай,Нақбай а.
474635123,NK RK 11-2025,settlement,2,рзд.11,рзд.11
474635125,NK RK 11-2025,settlement,2,рзд.12,рзд.12
474635127,NK RK 11-2025,settlement,2,рзд.13,рзд.13
474635129,NK RK 11-2025,settlement,2,с.Сарынияз,Сарынияз а.
474635131,NK RK 11-2025,settlement,2,Сарытастыкора,Сарытастықора
474635133,NK RK 11-2025,settlement,2,с.Сарыой,Сарыой а.
474635135,NK RK 11-2025,settlement,2,с.Сердалы,Сердәлі а.
474635137,NK RK 11-2025,settlement,2,с.Тасым,Тасым а.
474635139,NK RK 11-2025,settlement,2,с.Ушкоз,Үшкөз а.
474635141,NK RK 11-2025,settlement,2,с.Узынкузе,Ұзынкөзе а.
474635143,NK RK 11-2025,settlement,2,с.Шакей,Шәкей а.
474635145,NK RK 11-2025,settlement,2,с.Шиликти,Шілікті а.
474635147,NK RK 11-2025,settlement,2,с.Донгелексор,Дөңгелексор а.
474635149,NK RK 11-2025,settlement,2,с.Жузгенсай,Жүзгенсай а.
474635151,NK RK 11-2025,settlement,2,с.Кургапы 1,Құрғапы 1 а.
474635153,NK RK 11-2025,settlement,2,с.Кургапы 2,Құрғапы 2 а.
474635154,NK RK 11-2025,settlement,2,с.Огизореули,Өгізөреулі а.
474635155,NK RK 11-2025,settlement,2,с.Сарытобе,Сарытөбе а.
474635157,NK RK 11-2025,settlement,2,с.Тамды,Тамды а.
474635159,NK RK 11-2025,settlement,2,с.Тузбаир,Тұзбайыр а.
474635161,NK RK 11-2025,settlement,2,с.Инта,Ынта а.
474637000,NK RK 11-2025,sub_district,2,с.а.Жынгылды,Жыңғылды а.ә.
474637100,NK RK 11-2025,settlement,2,с.Жынгылды,Жыңғылды а.
474637103,NK RK 11-2025,settlement,2,с.Акбас,Ақбас а.
474637105,NK RK 11-2025,settlement,2,Аккора,Аққора
474637107,NK RK 11-2025,settlement,2,с.Акмая,Ақмая а.
474637109,NK RK 11-2025,settlement,2,с.Акшоймак,Ақшоймақ а.
474637111,NK RK 11-2025,settlement,2,с.Балта,Балта а.
474637113,NK RK 11-2025,settlement,2,с.Биркарын,Бірқарын а.
474637115,NK RK 11-2025,settlement,2,ДСУ,ДСУ
474637119,NK RK 11-2025,settlement,2,с.Жылыбауыр,Жылыбауыр  а.
474637121,NK RK 11-2025,settlement,2,с.Кабиналы,Кәбиналы а.
474637123,NK RK 11-2025,settlement,2,с.Кенколтык,Кеңқолтық а.
474637125,NK RK 11-2025,settlement,2,с.Кокала,Көкала а.
474637127,NK RK 11-2025,settlement,2,с.Копдерел,Көпдерел а.
474637129,NK RK 11-2025,settlement,2,с.Караеспе,Қараеспе а.
474637131,NK RK 11-2025,settlement,2,с.Караколка,Қарақолқа а.
474637133,NK RK 11-2025,settlement,2,Коскора,Қосқора
474637135,NK RK 11-2025,settlement,2,с.Куылыс,Қуылыс а.
474637137,NK RK 11-2025,settlement,2,Кызылкора,Қызылқора
474637139,NK RK 11-2025,settlement,2,Ортакора,Ортақора
474637141,NK RK 11-2025,settlement,2,с.Сарытобе,Сарытөбе а.
474637143,NK RK 11-2025,settlement,2,с.Токпак,Тоқпақ а.
474637145,NK RK 11-2025,settlement,2,с.Тущыкуй,Тұщыкүй а.
474637147,NK RK 11-2025,settlement,2,с.Уланак,Ұланақ а.
474637149,NK RK 11-2025,settlement,2,Шагылкора,Шағылқора
474637151,NK RK 11-2025,settlement,2,с.Шат 1,Шат 1 а.
474637153,NK RK 11-2025,settlement,2,с.Шат 2,Шат 2 а.
474637155,NK RK 11-2025,settlement,2,Шеткикора,Шеткіқора
474637157,NK RK 11-2025,settlement,2,с.Шукырой,Шұқырой а.
474639000,NK RK 11-2025,sub_district,2,с.а.Кызан,Қызан а.ә.
474639100,NK RK 11-2025,settlement,2,с.Кызан,Қызан а.
474639103,NK RK 11-2025,settlement,2,с.Айыртобе,Айыртөбе а.
474639105,NK RK 11-2025,settlement,2,с.Аласиыр,Аласиыр а.
474639107,NK RK 11-2025,settlement,2,с.Жидели,Жиделі а.
474639109,NK RK 11-2025,settlement,2,с.Жолкудук,Жолқұдық а.
474639111,NK RK 11-2025,settlement,2,с.Калнияз,Қалнияз а.
474639113,NK RK 11-2025,settlement,2,с.Карабатыр,Қарабатыр а.
474639115,NK RK 11-2025,settlement,2,с.Караш,Қараш а.
474639117,NK RK 11-2025,settlement,2,с.Конай,Қонай а.
474639119,NK RK 11-2025,settlement,2,с.Конырорпа,Қоңырорпа а.
474639121,NK RK 11-2025,settlement,2,с.Мадияр,Мадияр а.
474639123,NK RK 11-2025,settlement,2,с.Намаз,Намаз а.
474639125,NK RK 11-2025,settlement,2,с.Сарымай,Сарымай а.
474639127,NK RK 11-2025,settlement,2,с.Сазды,Сазды а.
474639129,NK RK 11-2025,settlement,2,с.Сарытобе,Сарытөбе а.
474639131,NK RK 11-2025,settlement,2,с.Тарколка,Тарқолқа а.
474643000,NK RK 11-2025,sub_district,2,Ондынский с.о.,Онды  а.о.
474643100,NK RK 11-2025,settlement,2,с.Онды,Онды а.
474643103,NK RK 11-2025,settlement,2,с.Агашты,Ағашты а.
474643105,NK RK 11-2025,settlement,2,Пионерлагерь Каратау,Қаратау пионерлагері
474643200,NK RK 11-2025,settlement,2,с.Баскудук,Басқұдық а.
474643203,NK RK 11-2025,settlement,2,с.Бакыт,Бақыт а.
474643205,NK RK 11-2025,settlement,2,с.Желтимес,Желтимес а.
474643207,NK RK 11-2025,settlement,2,с.Кориктитобе 1,Көріктітөбе 1 а.
474643209,NK RK 11-2025,settlement,2,с.Кориктитобе 2,Көріктітөбе 2 а.
474643211,NK RK 11-2025,settlement,2,с.Салменбогет,Салменбөгет а.
474643213,NK RK 11-2025,settlement,2,с.Сарыкуп,Сарыкүп а.
474643215,NK RK 11-2025,settlement,2,с.Тасбас,Тасбас а.
474643217,NK RK 11-2025,settlement,2,с.Тажибай,Тәжібай а.
474643219,NK RK 11-2025,settlement,2,с.Торибас,Төрібас а.
474643221,NK RK 11-2025,settlement,2,с.Ушан,Ұшан а.
474643223,NK RK 11-2025,settlement,2,с.Шукырой,Шұқырой а.
474643300,NK RK 11-2025,settlement,2,с.Беки,Бекі а.
474643303,NK RK 11-2025,settlement,2,с.Акташ,Ақташ а.
474643305,NK RK 11-2025,settlement,2,с.Айлек,Әйлек а.
474643307,NK RK 11-2025,settlement,2,с.Байкаска,Байқасқа а.
474643309,NK RK 11-2025,settlement,2,с.Гулшат,Гүлшат а.
474643311,NK RK 11-2025,settlement,2,с.Есената,Есената а.
474643313,NK RK 11-2025,settlement,2,с.Ешкиолген,Ешкіөлген а.
474643315,NK RK 11-2025,settlement,2,с.Желдимурын,Желдімұрын а.
474643317,NK RK 11-2025,settlement,2,с.Зайыр,Зайыр а.
474643319,NK RK 11-2025,settlement,2,с.Келимберди,Келімберді а.
474643321,NK RK 11-2025,settlement,2,с.Конкаев,Қоңқаев а.
474643323,NK RK 11-2025,settlement,2,с.Калдыбас,Қалдыбас а.
474643325,NK RK 11-2025,settlement,2,с.Кумшокы,Құмшоқы а.
474643327,NK RK 11-2025,settlement,2,с.Кызылтуран,Қызылтұран а.
474643329,NK RK 11-2025,settlement,2,с.Майкомген,Майкөмген а.
474643331,NK RK 11-2025,settlement,2,Максимкора,Мақсимқора
474643333,NK RK 11-2025,settlement,2,с.Саубет,Саубет а.
474643335,NK RK 11-2025,settlement,2,с.Таубай,Таубай а.
474644000,NK RK 11-2025,sub_district,2,с.о.Отпан,Отпан  а.о.
474644100,NK RK 11-2025,settlement,2,с.Тущыбек,Тұщыбек а.
474644200,NK RK 11-2025,settlement,2,с.15 бекет,Он бесінші бекет а.
474645000,NK RK 11-2025,sub_district,2,Сайотесский с.о.,Сайөтес  а.о.
474645100,NK RK 11-2025,settlement,2,с.Сайотес,Сайөтес а.
474645103,NK RK 11-2025,settlement,2,рзд.10,рзд.10
474645400,NK RK 11-2025,settlement,2,с.Боздак,Боздақ а.
474647000,NK RK 11-2025,sub_district,2,Тущыкудукский с.о.,Тұщықұдық  а.о.
474647100,NK RK 11-2025,settlement,2,с.Тущыкудук,Тұщықұдық а.
474647103,NK RK 11-2025,settlement,2,с.Кесикмурын,Кесікмұрын а.
474647105,NK RK 11-2025,settlement,2,с.Соркудук,Сорқұдық а.
474647200,NK RK 11-2025,settlement,2,с.Киякты,Қияқты а.
474647203,NK RK 11-2025,settlement,2,с.Досалы,Досалы а.
474647205,NK RK 11-2025,settlement,2,с.Шагылорпа,Шағылорпа а.
474649000,NK RK 11-2025,sub_district,2,Шайырский с.о.,Шайыр  а.о.
474649100,NK RK 11-2025,settlement,2,с.Шайыр,Шайыр а.
474649103,NK RK 11-2025,settlement,2,с.Аккорган,Аққорған а.
474649105,NK RK 11-2025,settlement,2,с.Ащыеспе,Ащыеспе а.
474649107,NK RK 11-2025,settlement,2,с.Боздак,Боздақ а.
474649109,NK RK 11-2025,settlement,2,с.Боктысай,Боқтысай а.
474649111,NK RK 11-2025,settlement,2,с.Жалган,Жалған а.
474649113,NK RK 11-2025,settlement,2,с.Иер,Иір а.
474649115,NK RK 11-2025,settlement,2,с.Карабас,Қарабас а.
474649117,NK RK 11-2025,settlement,2,с.Териссай,Теріссай а.
474649119,NK RK 11-2025,settlement,2,с.Токпак,Тоқпақ а.
474649121,NK RK 11-2025,settlement,2,с.Торыш,Торыш а.
474649123,NK RK 11-2025,settlement,2,с.Шагылсай,Шағылсай а.
474649125,NK RK 11-2025,settlement,2,с.Шокай,Шоқай а.
474649200,NK RK 11-2025,settlement,2,с.Тасмурын,Тасмұрын а.
474649300,NK RK 11-2025,settlement,2,с.Тиген,Тиген а.
474649303,NK RK 11-2025,settlement,2,с.Аксай,Ақсай а.
474649305,NK RK 11-2025,settlement,2,Андыкора,Аңдықора
474649307,NK RK 11-2025,settlement,2,с.Дагдущы,Дағдұщы а.
474649309,NK RK 11-2025,settlement,2,с.Даулетащы,Дәулетащы а.
474649311,NK RK 11-2025,settlement,2,Жырыккора,Жырыққора
474649313,NK RK 11-2025,settlement,2,с.Керимды,Керімді а.
474649315,NK RK 11-2025,settlement,2,с.Кабак,Қабақ а.
474649317,NK RK 11-2025,settlement,2,с.Какпакты,Қақпақты а.
474649319,NK RK 11-2025,settlement,2,с.Каранар,Қаранар а.
474649321,NK RK 11-2025,settlement,2,с.Киян,Қиян а.
474649323,NK RK 11-2025,settlement,2,Кумаккора,Құмаққора
474649325,NK RK 11-2025,settlement,2,с.Кумыра,Құмыра а.
474649327,NK RK 11-2025,settlement,2,с.Кызылит,Қызылит а.
474649329,NK RK 11-2025,settlement,2,с.Кызылеспе,Қызылеспе а.
474649331,NK RK 11-2025,settlement,2,с.Кызылауз,Қызылауыз а.
474649333,NK RK 11-2025,settlement,2,с.Кырыкбасан,Қырықбасан а.
474649335,NK RK 11-2025,settlement,2,с.Сарыкул,Сарыкөл а.
474649337,NK RK 11-2025,settlement,2,с.Селеули,Селеулі а.
474649339,NK RK 11-2025,settlement,2,с.Терисбауыр,Терісбауыр а.
474649341,NK RK 11-2025,settlement,2,с.Узынбас,Ұзынбас а.
474649343,NK RK 11-2025,settlement,2,Шаршыкора,Шаршықора
474649345,NK RK 11-2025,settlement,2,Шеткикора,Шеткіқора
474649347,NK RK 11-2025,settlement,2,с.Шиели,Шиелі а.
474651000,NK RK 11-2025,sub_district,2,Шебирский с.о.,Шебір  а.о.
474651100,NK RK 11-2025,settlement,2,с.Шебир,Шебір а.
474651103,NK RK 11-2025,settlement,2,с.Бас,Бас а.
474651105,NK RK 11-2025,settlement,2,с.Жапалак,Жапалақ а.
474651107,NK RK 11-2025,settlement,2,с.Кари,Кәрі а.
475000000,NK RK 11-2025,district,2,Мунайлинский район,Мұнайлы ауданы
475030000,NK RK 11-2025,sub_district,2,Мангистауский с.о.,Маңғыстау  а.о.
475030100,NK RK 11-2025,settlement,2,с.Мангистау,Маңғыстау а.
475032000,NK RK 11-2025,sub_district,2,с.о.Атамекен,Атамекен  а.о.
475032100,NK RK 11-2025,settlement,2,с.Атамекен,Атамекен а.
475034000,NK RK 11-2025,sub_district,2,с.о.Баскудук,Басқұдық  а.о.
475034100,NK RK 11-2025,settlement,2,с.Баскудук,Басқұдық а.
475036000,NK RK 11-2025,sub_district,2,Баяндинский с.о.,Баянды  а.о.
475036100,NK RK 11-2025,settlement,2,с.Баянды,Баянды а.
475036103,NK RK 11-2025,settlement,2,с.Большой Эмир,Үлкен Әмір а.
475036105,NK RK 11-2025,settlement,2,с.Малый Эмир,Кіші Әмір а.
475036107,NK RK 11-2025,settlement,2,с.Куйылыс,Құйылыс  а.
475038000,NK RK 11-2025,sub_district,2,с.о.Даулет,Дәулет  а.о.
475038100,NK RK 11-2025,settlement,2,с.Даулет,Дәулет а.
475040000,NK RK 11-2025,sub_district,2,Кызылтобинский с.о.,Қызылтөбе  а.о.
475040100,NK RK 11-2025,settlement,2,с.Кызылтобе,Қызылтөбе а.
475040200,NK RK 11-2025,settlement,2,с.Бирлик,Бірлік а.
475042000,NK RK 11-2025,sub_district,2,с.о.Батыр,Батыр а.о.
475042100,NK RK 11-2025,settlement,2,с.Батыр,Батыр а.
475200000,NK RK 11-2025,district,4,Тупкараганский район,Түпқараған ауданы
475220100,NK RK 11-2025,settlement,1,г.Форт-Шевченко,Форт-Шевченко ќ.
475233000,NK RK 11-2025,sub_district,2,Акшукурский с.о.,Ақшұқыр  а.о.
475233100,NK RK 11-2025,settlement,2,с.Акшукур,Ақшұқыр а.
475233103,NK RK 11-2025,settlement,2,с.Аккудук,Аққұдық а.
475233105,NK RK 11-2025,settlement,2,с.Алатобе,Алатөбе а.
475233107,NK RK 11-2025,settlement,2,с.Ащыкудук,Ащықұдық а.
475233109,NK RK 11-2025,settlement,2,с.Бегей,Бегей а.
475233111,NK RK 11-2025,settlement,2,с.Бозат,Бозат а.
475233113,NK RK 11-2025,settlement,2,Кезкора,Кезқора
475233115,NK RK 11-2025,settlement,2,с.Копдерек,Көпдерек а.
475233117,NK RK 11-2025,settlement,2,с.Какпаты,Қақпақты а.
475233119,NK RK 11-2025,settlement,2,с.Косанык,Қосанық а.
475233121,NK RK 11-2025,settlement,2,с.Кусканбас,Құсқанбас а.
475233123,NK RK 11-2025,settlement,2,с.Кырыккыз,Қырыққыз а.
475233125,NK RK 11-2025,settlement,2,с.Нурмаганбет,Нұрмағанбет а.
475233127,NK RK 11-2025,settlement,2,рзд.16,рзд.16
475233129,NK RK 11-2025,settlement,2,с.Тазтюбе,Тазтөбе а.
475233131,NK RK 11-2025,settlement,2,с.Темирше,Темірше а.
475233133,NK RK 11-2025,settlement,2,с.Или 3,Іле 3 а.
475235000,NK RK 11-2025,sub_district,2,Баутинский с.о.,Баутино а.о.
475235100,NK RK 11-2025,settlement,2,с.Баутино,Баутино а.
475237000,NK RK 11-2025,sub_district,2,Кызылозенский с.о.,Қызылөзен  а.о.
475237100,NK RK 11-2025,settlement,2,с.Кызылозен,Қызылөзен а.
475237103,NK RK 11-2025,settlement,2,с.Аленсай,Әленсай а.
475237104,NK RK 11-2025,settlement,2,с.Агаштыбауыр,Ағаштыбауыр а.
475237105,NK RK 11-2025,settlement,2,с.Акмолалы,Ақмолалы а.
475237106,NK RK 11-2025,settlement,2,с.Акшокы,Ақшоқы а.
475237107,NK RK 11-2025,settlement,2,с.Аша,Аша а.
475237108,NK RK 11-2025,settlement,2,с.Ащыбас,Ащыбас а.
475237109,NK RK 11-2025,settlement,2,с.Айтуар,Айтуар а.
475237111,NK RK 11-2025,settlement,2,с.Бегеш,Бегеш а.
475237112,NK RK 11-2025,settlement,2,с.Бегилгайлы,Бегілғайлы а.
475237113,NK RK 11-2025,settlement,2,с.Жаналы,Жаңалы а.
475237114,NK RK 11-2025,settlement,2,с.Жантык,Жантық а.
475237115,NK RK 11-2025,settlement,2,с.Жемсенди,Жемсенді а.
475237116,NK RK 11-2025,settlement,2,с.Жерсенгир,Жерсеңгір а.
475237117,NK RK 11-2025,settlement,2,с.Жетикыз,Жетіқыз а.
475237118,NK RK 11-2025,settlement,2,с.Жыгылган 1,Жығылған 1 а.
475237119,NK RK 11-2025,settlement,2,с.Жыгылган 2,Жығылған  2 а.
475237121,NK RK 11-2025,settlement,2,с.Кеуеккора,Кеуекқора а.
475237122,NK RK 11-2025,settlement,2,с.Кунгей,Күнгей а.
475237123,NK RK 11-2025,settlement,2,с.Киштим,Кіштім а.
475237124,NK RK 11-2025,settlement,2,с.Канга,Қанға а.
475237125,NK RK 11-2025,settlement,2,с.Каракудук,Қарақұдық а.
475237126,NK RK 11-2025,settlement,2,с.Карлыбас,Қарлыбас а.
475237127,NK RK 11-2025,settlement,2,с.Корып,Қорып а.
475237128,NK RK 11-2025,settlement,2,с.Кошанай,Қошанай а.
475237129,NK RK 11-2025,settlement,2,с.Кызылсыгыра,Қызылсығыра а.
475237131,NK RK 11-2025,settlement,2,с.Мерет,Мерет а.
475237132,NK RK 11-2025,settlement,2,с.Мешиттикора,Мешіттіқора а.
475237133,NK RK 11-2025,settlement,2,с.Молдир,Мөлдір а.
475237134,NK RK 11-2025,settlement,2,с.Мурынкора,Мұрынқора а.
475237135,NK RK 11-2025,settlement,2,с.Ортакора,Ортақора а.
475237136,NK RK 11-2025,settlement,2,с.Сакакудук,Сақақұдық а.
475237137,NK RK 11-2025,settlement,2,с.Сарыкора,Сарықора а.
475237138,NK RK 11-2025,settlement,2,с.Сарыторткул,Сарытөрткүл а.
475237141,NK RK 11-2025,settlement,2,с.Саура,Саура а.
475237142,NK RK 11-2025,settlement,2,с.Саубет,Сәубет а.
475237143,NK RK 11-2025,settlement,2,с.Сорели,Сөрелі а.
475237144,NK RK 11-2025,settlement,2,с.Суршокы,Сұршоқы а.
475237145,NK RK 11-2025,settlement,2,с.Тубижик,Түбіжік а.
475237146,NK RK 11-2025,settlement,2,с.Удек,Үдек а.
475237147,NK RK 11-2025,settlement,2,с.Ушжурт,Үшжұрт а.
475237148,NK RK 11-2025,settlement,2,с.Ход 1,Ход 1 а.
475237149,NK RK 11-2025,settlement,2,с.Ход 2,Ход 2 а.
475237151,NK RK 11-2025,settlement,2,с.Шалкосе,Шалкөсе а.
475237152,NK RK 11-2025,settlement,2,с.Шаркырауык,Шарқырауық а.
475237153,NK RK 11-2025,settlement,2,с.Шат,Шат а.
475237154,NK RK 11-2025,settlement,2,с.Шукыраул,Шұқырауыл а.
475238000,NK RK 11-2025,sub_district,2,с.о.Саина Шапагатова,Сайын Шапағатов  а.о.
475238100,NK RK 11-2025,settlement,2,с.Саина Шапагатова,Сайын Шапағатов а.
475239000,NK RK 11-2025,sub_district,2,Таушыкский с.о.,Таушық  а.о.
475239100,NK RK 11-2025,settlement,2,с.Таушык,Таушық а.
475239102,NK RK 11-2025,settlement,2,с.Аксиын 1,Ақсиын 1 а.
475239103,NK RK 11-2025,settlement,2,с.Аксиын 2,Ақсиын 2 а.
475239104,NK RK 11-2025,settlement,2,с.Аласак,Аласақ а.
475239105,NK RK 11-2025,settlement,2,с.Барак 1,Жатақүй 1 а.
475239106,NK RK 11-2025,settlement,2,с.Барак 2,Жатақүй 2 а.
475239107,NK RK 11-2025,settlement,2,с.Бесарал,Бесарал а.
475239108,NK RK 11-2025,settlement,2,с.Ботагоз,Ботагөз а.
475239109,NK RK 11-2025,settlement,2,с.Жагасарыптобе 1,Жағасарыптөбе 1 а.
475239111,NK RK 11-2025,settlement,2,с.Жагасарыптобе 2,Жағасарыптөбе 2 а.
475239112,NK RK 11-2025,settlement,2,с.Жалгызшагыл 1,Жалғызшағыл 1 а.
475239113,NK RK 11-2025,settlement,2,с.Жалгызшагыл 2,Жалғызшағыл 2 а.
475239114,NK RK 11-2025,settlement,2,с.Желтимес,Желтимес а.
475239115,NK RK 11-2025,settlement,2,с.Жума,Жұма а.
475239116,NK RK 11-2025,settlement,2,с.Керегемола,Керегемола а.
475239117,NK RK 11-2025,settlement,2,с.Когалтобе,Қоғалтөбе а.
475239118,NK RK 11-2025,settlement,2,с.Караеспе,Қараеспе а.
475239119,NK RK 11-2025,settlement,2,с.Карашагыр,Қарашағыр а.
475239121,NK RK 11-2025,settlement,2,с.Кожак 1,Қожақ 1 а.
475239122,NK RK 11-2025,settlement,2,с.Кожак 2,Қожақ 2 а.
475239123,NK RK 11-2025,settlement,2,с.Кошак,Қошақ а.
475239124,NK RK 11-2025,settlement,2,с.Култай,Құлтай а.
475239125,NK RK 11-2025,settlement,2,с.Кумыралжы,Құмыралжы а.
475239126,NK RK 11-2025,settlement,2,с.Соркудук,Сорқұдық а.
475239127,NK RK 11-2025,settlement,2,с.Сарытас,Сарытас а.
475239128,NK RK 11-2025,settlement,2,с.Сарытобе,Сарытөбе а.
475239129,NK RK 11-2025,settlement,2,с.Тобекудук,Төбеқұдық а.
475239131,NK RK 11-2025,settlement,2,с.Туйесу,Түйесу а.
475239132,NK RK 11-2025,settlement,2,с.Тышканжар,Тышқанжар а.
475239133,NK RK 11-2025,settlement,2,с.Тышкак,Тышқақ а.
475239134,NK RK 11-2025,settlement,2,с.Усак,Ұсақ а.
475239135,NK RK 11-2025,settlement,2,с.Ушауыз,Үшауыз а.
475239136,NK RK 11-2025,settlement,2,с.Ушкан,Үшқан а.
475239137,NK RK 11-2025,settlement,2,с.Шиликудук,Шиліқұдық а.
550000000,NK RK 11-2025,oblast,0,Павлодарская область,Павлодар облысы
551000000,NK RK 11-2025,district,3,Павлодар Г.А.,Павлодар Қ.Ә.
551010000,NK RK 11-2025,sub_district,1,г.Павлодар,Павлодар қ.
551041000,NK RK 11-2025,sub_district,2,Павлодарская с.а.,Павлодар  а.ә.
551041100,NK RK 11-2025,settlement,2,с.Павлодарское,Павлодарское а.
551043000,NK RK 11-2025,sub_district,2,Кенжекольский с.о.,Кенжекөл  а.о.
551043100,NK RK 11-2025,settlement,2,с.Кенжеколь,Кенжекөл а.
551043200,NK RK 11-2025,settlement,2,с.Байдала,Байдала а.
551043300,NK RK 11-2025,settlement,2,с.Долгое,Долгое а.
551045000,NK RK 11-2025,sub_district,1,п.а.Атамекен,Атамекен к.ә.
551045100,NK RK 11-2025,settlement,1,п.Атамекен,Атамекен к.
551047000,NK RK 11-2025,sub_district,2,Мойылдинский с.о.,Мойылды  а.о.
551047100,NK RK 11-2025,settlement,2,с.Мойылды,Мойылды а.
551047103,NK RK 11-2025,settlement,2,Подхоз,Қосшар
551049000,NK RK 11-2025,sub_district,2,Жетекшинская с.а.,Жетекші  а.ә.
551049100,NK RK 11-2025,settlement,2,с.Жетекши,Жетекші а.
551600000,NK RK 11-2025,district,3,Аксу Г.А.,Ақсу Қ.Ә.
551610000,NK RK 11-2025,sub_district,1,г.Аксу,Ақсу қ.
551639000,NK RK 11-2025,sub_district,2,с.о.Қанаш Қамзин,Қанаш Қамзин а.о.
551639100,NK RK 11-2025,settlement,2,с.Алгабас,Алғабас а.
551639200,NK RK 11-2025,settlement,2,с.Айнаколь,Айнакөл а.
551639300,NK RK 11-2025,settlement,2,с.Карабай,Қарабай а.
551639400,NK RK 11-2025,settlement,2,с.Коктас,Көктас а.
551639500,NK RK 11-2025,settlement,2,с.Сынтас,Сынтас а.
551639600,NK RK 11-2025,settlement,2,с.Қанаш Қамзин,Қанаш Қамзин а.
551639700,NK RK 11-2025,settlement,2,с.Караколь,Қаракөл а.
551639800,NK RK 11-2025,settlement,2,с.Ребровка,Ребровка а.
551643000,NK RK 11-2025,sub_district,2,Достыкский с.о.,Достық  а.о.
551643100,NK RK 11-2025,settlement,2,с.Достык,Достық а.
551643200,NK RK 11-2025,settlement,2,с.Торткудук,Төртқұдық а.
551643500,NK RK 11-2025,settlement,2,с.Береке,Береке а.
551643600,NK RK 11-2025,settlement,2,с.Пограничник,Пограничник а.
551643700,NK RK 11-2025,settlement,2,ст.Таскудык,Тасқұдық ст.
551643800,NK RK 11-2025,settlement,2,ст.Спутник,Спутник ст.
551645000,NK RK 11-2025,sub_district,2,Евгеньевский с.о.,Евгеньевка  а.о.
551645100,NK RK 11-2025,settlement,2,с.Евгеньевка,Евгеньевка а.
551645300,NK RK 11-2025,settlement,2,с.Сольветка,Сольветка а.
551645700,NK RK 11-2025,settlement,2,с.Уштерек,Үштерек а.
551653000,NK RK 11-2025,sub_district,2,с.о.им.Мамаита Омарова,Мамаит Омаров атын. а.о.
551653100,NK RK 11-2025,settlement,2,с.им.Мамаита Омарова,Мамаит Омаров атын.с.
551653200,NK RK 11-2025,settlement,2,с.Донентаев,Дөнентаев а.
551653400,NK RK 11-2025,settlement,2,с.Коктерек,Көктерек а.
551653500,NK RK 11-2025,settlement,2,с.Сырлыкала,Сырлықала а.
551653600,NK RK 11-2025,settlement,2,с.Курколь,Құркөл а.
551653700,NK RK 11-2025,settlement,2,с.Енбек,Еңбек а.
551655000,NK RK 11-2025,sub_district,2,Калкаманский с.о.,Қалқаман  а.о.
551655100,NK RK 11-2025,settlement,2,с.Калкаман,Қалқаман а.
551655200,NK RK 11-2025,settlement,2,с.Акжол,Ақжол а.
551659000,NK RK 11-2025,sub_district,2,Кызылжарский с.о.,Қызылжар  а.о.
551659100,NK RK 11-2025,settlement,2,с.Кызылжар,Қызылжар а.
551659103,NK RK 11-2025,settlement,2,с.Кызылжар,Қызылжар а.
551659200,NK RK 11-2025,settlement,2,с.Борыктал,Борықтал а.
551659300,NK RK 11-2025,settlement,2,с.Жанашаруа,Жаңашаруа а.
551659400,NK RK 11-2025,settlement,2,с.Сарышыганак,Сарышығанақ а.
551659500,NK RK 11-2025,settlement,2,с.Суатколь,Суаткөл а.
552200000,NK RK 11-2025,district,3,Экибастуз Г.А.,Екібастұз Қ.Ә.
552210000,NK RK 11-2025,sub_district,1,г.Экибастуз,Екібастұз қ.
552233000,NK RK 11-2025,sub_district,2,Аккольский с.о.,Ақкөл а.о.
552233100,NK RK 11-2025,settlement,2,с.Акколь,Ақкөл а.
552233200,NK RK 11-2025,settlement,2,с.Жаксат,Жақсат а.
552233300,NK RK 11-2025,settlement,2,с.Зеленая Роща,Зеленая Роща а.
552235000,NK RK 11-2025,sub_district,2,Байетский с.о.,Бәйет а.о.
552235100,NK RK 11-2025,settlement,2,с.Байет,Бәйет а.
552235200,NK RK 11-2025,settlement,2,с.Атыгай,Атығай а.
552237000,NK RK 11-2025,sub_district,2,Экибастузский с.о.,Екібастұз  а.о.
552237100,NK RK 11-2025,settlement,2,с.Тортуй,Төртүй а.
552237200,NK RK 11-2025,settlement,2,с.Акши,Ақши а.
552237300,NK RK 11-2025,settlement,2,с.Мынтамыр,Мыңтамыр а.
552237400,NK RK 11-2025,settlement,2,с.Каражар,Қаражар а.
552237500,NK RK 11-2025,settlement,2,с.Коксиыр,Көксиыр а.
552237600,NK RK 11-2025,settlement,2,с.Тай,Тай а.
552239000,NK RK 11-2025,sub_district,2,Железнодорожный с.о.,Теміржол а.о.
552239100,NK RK 11-2025,settlement,2,с.Кулаколь,Құлакөл а.
552239200,NK RK 11-2025,settlement,2,Отд.3,Бөлімше 3
552239300,NK RK 11-2025,settlement,2,с.Кудайколь,Құдайкөл а.
552239400,NK RK 11-2025,settlement,2,с.Карасор,Қарасор а.
552241000,NK RK 11-2025,sub_district,2,с.а.Шикылдак,Шиқылдақ а.ә.
552241100,NK RK 11-2025,settlement,2,с.Шикылдак,Шиқылдақ а.
552243000,NK RK 11-2025,sub_district,2,с.о.им.Алькея Маргулана,Әлкей Марғұлан атын. а.о.
552243100,NK RK 11-2025,settlement,2,с.им.Алькея Маргулана,Әлкей Марғұлан атын.с.
552244000,NK RK 11-2025,sub_district,2,Кояндинский с.о.,Қоянды а.о.
552244100,NK RK 11-2025,settlement,2,с.Бескауга,Бесқауға а.
552244200,NK RK 11-2025,settlement,2,"с.""Ќоянды""",Қоянды а.
552244500,NK RK 11-2025,settlement,2,"с.""Ќўрылысшы""",Құрылысшы а.
552244700,NK RK 11-2025,settlement,2,"с.""Теміртас""",Теміртас а.
552251000,NK RK 11-2025,sub_district,2,Сарыкамысский с.о.,Сарықамыс а.о.
552251100,NK RK 11-2025,settlement,2,с.Сарыкамыс,Сарықамыс а.
552251200,NK RK 11-2025,settlement,2,с.Куандык,Қуандық а.
552253000,NK RK 11-2025,sub_district,1,Солнечная п.а.,Солнечный к.ә.
552253100,NK RK 11-2025,settlement,1,п.Солнечный,Солнечный к.
552255000,NK RK 11-2025,sub_district,2,Торт Кудукский с.о.,Төрт Құдық а.о.
552255100,NK RK 11-2025,settlement,2,с.Торт Кудук,Төрт Құдық а.
552255200,NK RK 11-2025,settlement,2,с.Бозшаколь,а.Бозшакөл
552257000,NK RK 11-2025,sub_district,1,Шидертинская п.а.,Шідерті к.ә.
552257100,NK RK 11-2025,settlement,1,п.Шидерты,Шідерті к.
553200000,NK RK 11-2025,district,2,Актогайский район,Ақтоғай ауданы
553230000,NK RK 11-2025,sub_district,2,Актогайский с.о.,Ақтоғай  а.о.
553230100,NK RK 11-2025,settlement,2,с.Актогай,Ақтоғай а.
553230200,NK RK 11-2025,settlement,2,с.Жоламан,Жоламан а.
553230400,NK RK 11-2025,settlement,2,с.Приреченское,Приреченское а.
553230600,NK RK 11-2025,settlement,2,с.Харьковка,Харьковка а.
553230700,NK RK 11-2025,settlement,2,с.Карабузау,Қарабұзау а.
553239000,NK RK 11-2025,sub_district,2,Жалаулинский с.о.,Жалаулы  а.о.
553239100,NK RK 11-2025,settlement,2,с.Жалаулы,Жалаулы а.
553239200,NK RK 11-2025,settlement,2,с.Балтасап,Балтасап а.
553239300,NK RK 11-2025,settlement,2,с.Карасу,Қарасу а.
553239500,NK RK 11-2025,settlement,2,с.Шолаксор,Шолақсор а.
553241000,NK RK 11-2025,sub_district,2,Жолболдинский с.о.,Жолболды  а.о.
553241100,NK RK 11-2025,settlement,2,с.Жолболды,Жолболды а.
553241200,NK RK 11-2025,settlement,2,с.Шиликты,Шілікті а.
553241300,NK RK 11-2025,settlement,2,с.Шуга,Шұға а.
553243000,NK RK 11-2025,sub_district,2,Караобинский с.о.,Қараоба  а.о.
553243100,NK RK 11-2025,settlement,2,с.Караоба,Қараоба а.
553243200,NK RK 11-2025,settlement,2,с.Исантерек,Есентерек а.
553243300,NK RK 11-2025,settlement,2,с.Жанааул,Жаңаауыл а.
553243600,NK RK 11-2025,settlement,2,с.Ауельбек,Әуелбек а.
553243700,NK RK 11-2025,settlement,2,с.Отес,Өтес а.
553247000,NK RK 11-2025,sub_district,2,Кожамжарский с.о.,Қожамжар  а.о.
553247100,NK RK 11-2025,settlement,2,с.Кожамжар,Қожамжар а.
553247200,NK RK 11-2025,settlement,2,с.Жамбыл,Жамбыл а.
553247300,NK RK 11-2025,settlement,2,с.Кайран,Қайран а.
553247400,NK RK 11-2025,settlement,2,с.Караой,Қараой а.
553249000,NK RK 11-2025,sub_district,2,Муткеновский с.о.,Мүткенов  а.о.
553249100,NK RK 11-2025,settlement,2,с.Муткенова,Мүткенов а.
553249200,NK RK 11-2025,settlement,2,с.Абжан,Әбжан а.
553249300,NK RK 11-2025,settlement,2,с.Жанатап,Жаңатап а.
553249400,NK RK 11-2025,settlement,2,с.Жанабет,Жаңабет а.
553249500,NK RK 11-2025,settlement,2,с.Естая,Естай а.
553255000,NK RK 11-2025,sub_district,2,с.о.Ақжол,Ақжол а.о.
553255100,NK RK 11-2025,settlement,2,с.Ақжол,Ақжол а.
553255200,NK RK 11-2025,settlement,2,с.Разумовка,Разумовка а.
553255300,NK RK 11-2025,settlement,2,с.Барлыбай,Барлыбай а.
553255400,NK RK 11-2025,settlement,2,с.Баскамыс,Басқамыс а.
553255600,NK RK 11-2025,settlement,2,с.Каракога,Қарақоға а.
553600000,NK RK 11-2025,district,2,Баянаульский район,Баянауыл ауданы
553630000,NK RK 11-2025,sub_district,2,Баянаульский с.о.,Баянауыл  а.о.
553630100,NK RK 11-2025,settlement,2,с.Баянаул,Баянауыл а.
553630400,NK RK 11-2025,settlement,2,с.Шонай,Шонай а.
553633000,NK RK 11-2025,sub_district,2,Аксанский с.о.,Ақсан  а.о.
553633100,NK RK 11-2025,settlement,2,с.Аксан,Ақсан а.
553633380,NK RK 11-2025,settlement,2,с.Каражар,Қаражар а.
553633800,NK RK 11-2025,settlement,2,с.Октябрь,Октябрь а.
553633803,NK RK 11-2025,settlement,2,с.Джиенбай,Жиенбай а.
553633805,NK RK 11-2025,settlement,2,с.Карадыр,Қараадыр а.
553633807,NK RK 11-2025,settlement,2,с.Карадын,Қарадің а.
553633809,NK RK 11-2025,settlement,2,с.Каршокы,Қарашоқы а.
553633811,NK RK 11-2025,settlement,2,с.Жапалак,Жапалақ а.
553633813,NK RK 11-2025,settlement,2,с.Камбаба,Қамбаба а.
553633815,NK RK 11-2025,settlement,2,с.Маяжон,Маяжон а.
553633816,NK RK 11-2025,settlement,2,с.Дурженбай,Дүрженбай а.
553633817,NK RK 11-2025,settlement,2,с.Жанабаз,Жаңабаз а.
553633818,NK RK 11-2025,settlement,2,с.Сарышокы,Сарышоқы а.
553633819,NK RK 11-2025,settlement,2,с.Казганбай,Қазғанбай а.
553633821,NK RK 11-2025,settlement,2,ферма Азат,ферма Азат
553637000,NK RK 11-2025,sub_district,2,Бирликский с.о.,Бірлік  а.о.
553637100,NK RK 11-2025,settlement,2,с.Бирлик,Бірлік а.
553637105,NK RK 11-2025,settlement,2,ферма Уштобе,ферма Үштөбе
553637107,NK RK 11-2025,settlement,2,с.Карашокы,Қарашоқы а.
553637200,NK RK 11-2025,settlement,2,с.Акмектеп,Ақмектеп а.
553637203,NK RK 11-2025,settlement,2,ферма Абен,ферма Әбен
553637205,NK RK 11-2025,settlement,2,ферма Акбаз,ферма Ақбаз
553637207,NK RK 11-2025,settlement,2,ферма Аккозы,ферма Аққозы
553637211,NK RK 11-2025,settlement,2,ферма Балыкты,ферма Балыќқы
553637213,NK RK 11-2025,settlement,2,ферма Жылысай,ферма Жылысай
553637215,NK RK 11-2025,settlement,2,ферма Конкашбай,ферма Қонқашбай
553637217,NK RK 11-2025,settlement,2,ферма Карадыр,ферма Қараадыр
553637221,NK RK 11-2025,settlement,2,ферма Каратас,ферма Қаратас
553637223,NK RK 11-2025,settlement,2,ферма Шенгельды,ферма Шеңгелді
553637225,NK RK 11-2025,settlement,2,ферма Шакшан,ферма Шақшан
553639000,NK RK 11-2025,sub_district,2,Жанажольский с.о.,Жаңажол  а.о.
553639100,NK RK 11-2025,settlement,2,с.Мәшһүр Жүсіп,Мәшһүр Жүсіп а.
553639102,NK RK 11-2025,settlement,2,с.Ербай,Ербай а.
553639200,NK RK 11-2025,settlement,2,с.Буркутты,Бүркітті а.
553639203,NK RK 11-2025,settlement,2,ферма Акши 1,ферма Ақши 1
553639205,NK RK 11-2025,settlement,2,ферма Акши 2,ферма Ақши 2
553639207,NK RK 11-2025,settlement,2,ферма Бакай,ферма Бақай
553639211,NK RK 11-2025,settlement,2,ферма Болдей,ферма Бөлдей
553639213,NK RK 11-2025,settlement,2,ферма Жыланды,ферма Жыланды
553639219,NK RK 11-2025,settlement,2,ферма Камсакты,ферма Қамсақты
553639500,NK RK 11-2025,settlement,2,с.Карашокы,Қарашоқы а.
553641000,NK RK 11-2025,sub_district,2,Жанатилекский с.о.,Жаңатілек  а.о.
553641100,NK RK 11-2025,settlement,2,с.Жанатилек,Жаңатілек а.
553641103,NK RK 11-2025,settlement,2,ферма Айкен,ферма Әйкен
553641105,NK RK 11-2025,settlement,2,ферма Айдос,ферма Айдос
553641109,NK RK 11-2025,settlement,2,ферма Дукенбай,ферма Дүкенбай
553641111,NK RK 11-2025,settlement,2,ферма Караунгур,ферма Қараүңгір
553641113,NK RK 11-2025,settlement,2,ферма Кулак,ферма Құлақ
553641115,NK RK 11-2025,settlement,2,ферма Сакаушеген,ферма Сақаушеген
553641117,NK RK 11-2025,settlement,2,ферма Сарышокы,ферма Сарышоқы
553641119,NK RK 11-2025,settlement,2,ферма Ыргайлы,ферма Ырғайлы
553641123,NK RK 11-2025,settlement,2,с.Балтен,Балтен а.
553641125,NK RK 11-2025,settlement,2,ферма Ертысбай,ферма Ертісбай
553641127,NK RK 11-2025,settlement,2,ферма Жуантобе,ферма Жуантөбе
553641500,NK RK 11-2025,settlement,2,с.Мурынтал,Мұрынтал а.
553641503,NK RK 11-2025,settlement,2,ферма Азатбек,ферма Азатбек
553641505,NK RK 11-2025,settlement,2,ферма Айнабулак,ферма Айнабұлақ
553641511,NK RK 11-2025,settlement,2,ферма Жуантобе,ферма Жуантөбе
553641515,NK RK 11-2025,settlement,2,ферма Кызыладыр,ферма Қызыладыр
553641519,NK RK 11-2025,settlement,2,ферма Ыргайлы-ІІ,ферма Ырғайлы-ІІ
553643000,NK RK 11-2025,sub_district,2,Каратомарский с.о.,Қаратомар  а.о.
553643100,NK RK 11-2025,settlement,2,с.Каратомар,Қаратомар а.
553643105,NK RK 11-2025,settlement,2,Верхний подхоз,Жоғарғы қосшар
553643107,NK RK 11-2025,settlement,2,Нижний подхоз,Төменгі қосшар
553643108,NK RK 11-2025,settlement,2,ферма Аксуат,ферма Ақсуат
553643200,NK RK 11-2025,settlement,2,с.Белагаш,Белағаш а.
553643203,NK RK 11-2025,settlement,2,ферма Байтеке,ферма Байтеке
553643205,NK RK 11-2025,settlement,2,ферма Досара,ферма Досара
553643207,NK RK 11-2025,settlement,2,ферма Елберген,ферма Елберген
553645000,NK RK 11-2025,sub_district,2,Кундыкольский с.о.,Құндыкөл  а.о.
553645100,NK RK 11-2025,settlement,2,с.Кундыколь,Құндыкөл а.
553645300,NK RK 11-2025,settlement,2,с.Биржанколь,Біржанкөл а.
553645303,NK RK 11-2025,settlement,2,ферма Басшилик,ферма Басшылық
553645311,NK RK 11-2025,settlement,2,ферма Орташилик,ферма Орташілік
553645313,NK RK 11-2025,settlement,2,ферма Сарыкамыс,ферма Сарықамыс
553645400,NK RK 11-2025,settlement,2,с.Егиндыбулак,Егіндібұлақ а.
553645403,NK RK 11-2025,settlement,2,ферма Муздыкудык,ферма Мұздықұдық
553645407,NK RK 11-2025,settlement,2,ферма Шанраккемер,ферма Шаңрақкемер
553645409,NK RK 11-2025,settlement,2,с.Карашат,Қарашат а.
553645411,NK RK 11-2025,settlement,2,с.Кызыласкер,Қызыләскер а.
553645413,NK RK 11-2025,settlement,2,с.Сарыжал,Сарыжал а.
553647000,NK RK 11-2025,sub_district,2,Куркелинский с.о.,Қүркелі  а.о.
553647100,NK RK 11-2025,settlement,2,с.Жұмат Шанин,Жұмат Шанин а.
553647300,NK RK 11-2025,settlement,2,с.Шоманколь,Шоманкөл а.
553647303,NK RK 11-2025,settlement,2,ферма Абылда,ферма Әбілда
553647307,NK RK 11-2025,settlement,2,ферма Актасты,ферма Ақтасты
553647311,NK RK 11-2025,settlement,2,ферма Атей,ферма Әтей
553647313,NK RK 11-2025,settlement,2,ферма Досжан,ферма Досжан
553647317,NK RK 11-2025,settlement,2,ферма Искакпек,ферма Исқақпек
553647319,NK RK 11-2025,settlement,2,ферма Каракус 1,ферма Қарақұс 1
553647321,NK RK 11-2025,settlement,2,ферма Каракус 2,ферма Қарақұс 2
553647323,NK RK 11-2025,settlement,2,ферма Кайнар,ферма Қайнар
553647325,NK RK 11-2025,settlement,2,ферма Макан 1,ферма Мақан 1
553647329,NK RK 11-2025,settlement,2,ферма Омардаригер,ферма Омардәрігер
553647331,NK RK 11-2025,settlement,2,ферма Темирбек,ферма Темірбек
553647333,NK RK 11-2025,settlement,2,ферма Тезекбай,ферма Тезекбай
553647335,NK RK 11-2025,settlement,2,ферма Сарышокы,ферма Сарышоқы
553647337,NK RK 11-2025,settlement,2,ферма Уркек,ферма Үркек
553647339,NK RK 11-2025,settlement,2,с.Жанибек,Жәнібек а.
553647341,NK RK 11-2025,settlement,2,с.Кызылшилик,Қызылшілік а.
553647700,NK RK 11-2025,settlement,2,с.Койтас,Қойтас а.
553647800,NK RK 11-2025,settlement,2,с.Жарылгап,Жарылғап а.
553649000,NK RK 11-2025,sub_district,2,Кызылтауский с.о.,Қызылтау  а.о.
553649100,NK RK 11-2025,settlement,2,с.Жусупбека Аймауытова,Жүсіпбек Аймауытов а.
553649103,NK RK 11-2025,settlement,2,ферма Айыртас,ферма Айыртас
553649105,NK RK 11-2025,settlement,2,ферма Акбоз,ферма Ақбоз
553649107,NK RK 11-2025,settlement,2,ферма Байгоже,ферма Байкөже
553649109,NK RK 11-2025,settlement,2,ферма Баубек,ферма Баубек
553649111,NK RK 11-2025,settlement,2,ферма Биримжан,ферма Бірімжан
553649113,NK RK 11-2025,settlement,2,ферма Жабыш,ферма Жабыш
553649115,NK RK 11-2025,settlement,2,ферма Кабылбек,ферма Қабылбек
553649117,NK RK 11-2025,settlement,2,ферма Казарет,ферма Қазырет
553649119,NK RK 11-2025,settlement,2,ферма Калимола,ферма Қалимолла
553649121,NK RK 11-2025,settlement,2,ферма Кошкар,ферма Қошқар
553649123,NK RK 11-2025,settlement,2,Маш.двор,Маш.ауласы
553649125,NK RK 11-2025,settlement,2,ферма Маныкы,ферма Манақы
553649127,NK RK 11-2025,settlement,2,ферма Мантик,ферма Мәнтік
553649129,NK RK 11-2025,settlement,2,ферма Толеубай,ферма Төлеубай
553649131,NK RK 11-2025,settlement,2,ферма Тлесбай,ферма Тілесбай
553649133,NK RK 11-2025,settlement,2,ферма Шокпар,ферма Шоқпар
553649135,NK RK 11-2025,settlement,2,ферма Актобе,ферма Ақтөбе
553649137,NK RK 11-2025,settlement,2,ферма База 19,ферма База 19
553649139,NK RK 11-2025,settlement,2,ферма Естекбай,ферма Естекбай
553649141,NK RK 11-2025,settlement,2,ферма Иса,ферма Иса
553649143,NK RK 11-2025,settlement,2,ферма Карашокы,ферма Қарашоқы
553649145,NK RK 11-2025,settlement,2,ферма Кобдык,ферма Қобдық
553649147,NK RK 11-2025,settlement,2,ферма Кызылоктябрь,ферма Қызылоктябрь
553649149,NK RK 11-2025,settlement,2,ферма Кызылтау,ферма Қызылтау
553649151,NK RK 11-2025,settlement,2,ферма Мерген,ферма Мерген
553649153,NK RK 11-2025,settlement,2,ферма Ракыш,ферма Рақыш
553649280,NK RK 11-2025,settlement,2,с.Акши,Ақши а.
553649500,NK RK 11-2025,settlement,2,с.Лекер,Лекер а.
553649503,NK RK 11-2025,settlement,2,ферма Мауке,ферма Мәуке
553649980,NK RK 11-2025,settlement,2,с.Үйтас,Үйтас а.
553655000,NK RK 11-2025,sub_district,2,Майкаинская п.а.,Майқайың к.ә.
553655100,NK RK 11-2025,settlement,2,п.Майкаин,Майқайың к.
553655200,NK RK 11-2025,settlement,2,с.Майкөбе,Майкөбе а.
553655300,NK RK 11-2025,settlement,2,Ушкулун с.,Үшқұлын а.
553655500,NK RK 11-2025,settlement,2,с.Служон,Служон а.
553655700,NK RK 11-2025,settlement,2,с.Шоптыколь,Шөптікөл а.
553657000,NK RK 11-2025,sub_district,2,Сатпаевский с.о.,Сәтбаев  а.о.
553657100,NK RK 11-2025,settlement,2,с.Қаныш Сәтбаев,Қаныш Сәтбаев а.
553657103,NK RK 11-2025,settlement,2,ферма Алабас,ферма Алабас
553657105,NK RK 11-2025,settlement,2,ферма Итжатпас,ферма Итжатпас
553657107,NK RK 11-2025,settlement,2,ферма Карагандыозек,ферма Қарағандыөзек
553657109,NK RK 11-2025,settlement,2,ферма Керегетас,ферма Керегетас
553657113,NK RK 11-2025,settlement,2,ферма Кызылжар,ферма Қызылжар
553657119,NK RK 11-2025,settlement,2,ферма Топай,ферма Топай
553657123,NK RK 11-2025,settlement,2,ферма Шоктал,ферма Шоқтал
553657400,NK RK 11-2025,settlement,2,с.Кокдомбак,Көкдомбақ а.
553657403,NK RK 11-2025,settlement,2,ферма Актобе,ферма Ақтөбе
553657405,NK RK 11-2025,settlement,2,ферма Бериктас,ферма Беріктас
553657407,NK RK 11-2025,settlement,2,ферма Коксу,ферма Көксу
553657409,NK RK 11-2025,settlement,2,ферма Кокдомбай,ферма Көкдомбай
553657411,NK RK 11-2025,settlement,2,Жив.точка Мысал,Мысал малшаруашылығының мекені
553657500,NK RK 11-2025,settlement,2,с.Мұса Шорман,Мұса Шорман а.
553657503,NK RK 11-2025,settlement,2,ферма Аккелин,ферма Ақкелін
553657509,NK RK 11-2025,settlement,2,ферма Каратумсык,ферма Қаратұмсық
553657511,NK RK 11-2025,settlement,2,ферма Сарыкамыс,ферма Сарықамыс
553657513,NK RK 11-2025,settlement,2,ферма Сатти,ферма Сәтті
553657515,NK RK 11-2025,settlement,2,с.Айрык,Айрық а.
553657517,NK RK 11-2025,settlement,2,с.Буркутты,Бүркітті а.
553659000,NK RK 11-2025,sub_district,2,Торайгыровский с.о.,Торайғыров  а.о.
553659100,NK RK 11-2025,settlement,2,с.Торайгырова,Торайғыров а.
553659103,NK RK 11-2025,settlement,2,ферма Акбаз,ферма Ақбаз
553659105,NK RK 11-2025,settlement,2,ферма Айдарлы,ферма Айдарлы
553659107,NK RK 11-2025,settlement,2,ферма Аякшилик,ферма Аяқшілік
553659109,NK RK 11-2025,settlement,2,ферма Ботайбулак,ферма Ботайбұлақ
553659111,NK RK 11-2025,settlement,2,ферма Есжанбулак,ферма Есжанбұлақ
553659113,NK RK 11-2025,settlement,2,ферма Сарытау,ферма Сарытау
553659119,NK RK 11-2025,settlement,2,ферма Шорабай,ферма Шорабай
553659200,NK RK 11-2025,settlement,2,с.Александровка,Александровка а.
553659203,NK RK 11-2025,settlement,2,ферма Аякул,ферма Аякүл
553659205,NK RK 11-2025,settlement,2,ферма Жалгызкайн,ферма Жалғызқайың
553659207,NK RK 11-2025,settlement,2,ферма Жунус,ферма Жүніс
553659209,NK RK 11-2025,settlement,2,ферма Карамола,ферма Қарамола
553659213,NK RK 11-2025,settlement,2,ферма Карасор,ферма Қарасор
553659215,NK RK 11-2025,settlement,2,ферма Карадыр,ферма Қараадыр
553659217,NK RK 11-2025,settlement,2,ферма Сарыжал,ферма Сарыжал
553659219,NK RK 11-2025,settlement,2,ферма Толжан,ферма Төлжан
553659221,NK RK 11-2025,settlement,2,ферма Уйрекматай,ферма Үйрекматай
553659600,NK RK 11-2025,settlement,2,с.Кызылшилик,Қызылшелек а.
553659603,NK RK 11-2025,settlement,2,с.Верхний кызыл,Жоғарғықызыл а.
553659605,NK RK 11-2025,settlement,2,с.Жарыкияк,Жарықияқ а.
553659607,NK RK 11-2025,settlement,2,с.Кайнах,Қайнақ а.
553659609,NK RK 11-2025,settlement,2,с.Малдыбулак,Малдыбұлақ а.
553659611,NK RK 11-2025,settlement,2,с.Сарыкамыс,Сарықамыс а.
553663000,NK RK 11-2025,sub_district,2,Узунбулакский с.о.,Ұзынбұлак  а.о.
553663100,NK RK 11-2025,settlement,2,с.Узунбулак,Ұзынбұлақ а.
553663103,NK RK 11-2025,settlement,2,ферма Анай,Анай фермасы
553663105,NK RK 11-2025,settlement,2,ферма Сарытобе,ферма Сарытөбе
553663107,NK RK 11-2025,settlement,2,с.Алке,Әлке а.
553663109,NK RK 11-2025,settlement,2,с.Амантау,Амантау а.
553663111,NK RK 11-2025,settlement,2,с.Егинтобе,Егінтөбе а.
553663113,NK RK 11-2025,settlement,2,Отд. 2,Бөлімше 2
553663115,NK RK 11-2025,settlement,2,Отд. 4,Бөлімше 4
553663117,NK RK 11-2025,settlement,2,с.Карабулак,Қарабұлақ а.
553663119,NK RK 11-2025,settlement,2,ферма Тасбулак,ферма Тасбұлақ
553663121,NK RK 11-2025,settlement,2,ферма Туатай,ферма Туатай
553663600,NK RK 11-2025,settlement,2,с.Акши,Ақши а.
553663603,NK RK 11-2025,settlement,2,ферма Карашокы,ферма Қарашоқы
553663607,NK RK 11-2025,settlement,2,ферма Таскудык,ферма Тасқұдық
554200000,NK RK 11-2025,district,2,Железинский район,Железин ауданы
554230000,NK RK 11-2025,sub_district,2,Железинский с.о.,Железин  а.о.
554230100,NK RK 11-2025,settlement,2,с.Железинка,Железинка а.
554230200,NK RK 11-2025,settlement,2,с.Захаровка,Захаровка а.
554230300,NK RK 11-2025,settlement,2,с.Аккайын,Аққайың а.
554230400,NK RK 11-2025,settlement,2,с.Моисеевка,Моисеевка а.
554230500,NK RK 11-2025,settlement,2,с.Пятирыжск,Пятирыжск а.
554233000,NK RK 11-2025,sub_district,2,Актауский с.о.,Ақтау  а.о.
554233100,NK RK 11-2025,settlement,2,с.Актау,Ақтау а.
554233300,NK RK 11-2025,settlement,2,с.Жолтаптык,Жолтаптық а.
554235000,NK RK 11-2025,sub_district,2,Алакольский с.о.,Алакөл  а.о.
554235100,NK RK 11-2025,settlement,2,с.Алакол,Алакөл а.
554237000,NK RK 11-2025,sub_district,2,Башмачинский с.о.,Башмачное  а.о.
554237100,NK RK 11-2025,settlement,2,с.Башмачное,Башмачное а.
554237200,NK RK 11-2025,settlement,2,с.Абай,Абай а.
554237300,NK RK 11-2025,settlement,2,с.Береговое,Береговое а.
554237500,NK RK 11-2025,settlement,2,с.Кузьмино,Кузьмино а.
554241000,NK RK 11-2025,sub_district,2,Веселорощинский с.о.,Веселая Роща  а.о.
554241100,NK RK 11-2025,settlement,2,с.Веселая Роща,Веселая Роща а.
554241200,NK RK 11-2025,settlement,2,с.Дюсеке,Дүйсеке а.
554241300,NK RK 11-2025,settlement,2,с.Жанабирлик,Жаңабірлік а.
554241400,NK RK 11-2025,settlement,2,с.Славяновка,Славяновка а.
554243000,NK RK 11-2025,sub_district,2,Енбекшинский с.о.,Еңбекші  а.о.
554243100,NK RK 11-2025,settlement,2,с.Енбекши,Еңбекші а.
554243300,NK RK 11-2025,settlement,2,с.Валиханово,Уәлиханов а.
554247000,NK RK 11-2025,sub_district,2,Казахстанский с.о.,Қазақстан  а.о.
554247100,NK RK 11-2025,settlement,2,с.Жана жулдыз,Жаңа жұлдыз а.
554247200,NK RK 11-2025,settlement,2,с.Ескара,Есқара а.
554247300,NK RK 11-2025,settlement,2,с.Екишок,Екішок а.
554249000,NK RK 11-2025,sub_district,2,Лесной с.о.,Лесной  а.о.
554249100,NK RK 11-2025,settlement,2,с.Лесное,Лесное а.
554249200,NK RK 11-2025,settlement,2,с.Крупское,Крупское а.
554249400,NK RK 11-2025,settlement,2,с.Раздельное,Раздельное а.
554253000,NK RK 11-2025,sub_district,2,Михайловский с.о.,Михайлов  а.о.
554253100,NK RK 11-2025,settlement,2,с.Михайловка,Михайловка а.
554253300,NK RK 11-2025,settlement,2,с.Красновка,Красновка а.
554253400,NK RK 11-2025,settlement,2,с.Мынкуль,Мыңкөл а.
554253500,NK RK 11-2025,settlement,2,с.Петропавловка,Петропавловка а.
554255000,NK RK 11-2025,sub_district,2,Новомирский с.о.,Новый Мир  а.о.
554255100,NK RK 11-2025,settlement,2,с.Церковное,Церковное а.
554257000,NK RK 11-2025,sub_district,2,с.о.Майлы,Майлы а.о.
554257100,NK RK 11-2025,settlement,2,с.Майлы,Майлы а.
554259000,NK RK 11-2025,sub_district,2,Прииртышский с.о.,Прииртыш  а.о.
554259100,NK RK 11-2025,settlement,2,с.Прииртышское,Прииртыш а.
554259500,NK RK 11-2025,settlement,2,с.Урлютюб,Ұрылытүп а.
554600000,NK RK 11-2025,district,2,Иртышский район,Ертіс ауданы
554630000,NK RK 11-2025,sub_district,2,Иртышский с.о.,Ертіс  а.о.
554630100,NK RK 11-2025,settlement,2,с.Иртышск,Ертіс а.
554633000,NK RK 11-2025,sub_district,2,Абайский с.о.,Абай  а.о.
554633100,NK RK 11-2025,settlement,2,с.Голубовка,Голубовка а.
554635000,NK RK 11-2025,sub_district,2,Агашорынский с.о.,Ағашорын  а.о.
554635100,NK RK 11-2025,settlement,2,с.Агашорын,Ағашорын а.
554635103,NK RK 11-2025,settlement,2,с.Бескепе,Бескепе а.
554635300,NK RK 11-2025,settlement,2,с.Узынсу,Ұзынсу а.
554637000,NK RK 11-2025,sub_district,2,Амангельдинский с.о.,Амангелді а.о.
554637100,NK RK 11-2025,settlement,2,с.Ленино,Ленино а.
554637200,NK RK 11-2025,settlement,2,с.Амангельды,Амангелді а.
554639000,NK RK 11-2025,sub_district,2,Иса Байзаковский с.о.,Иса Байзақов а.о.
554639100,NK RK 11-2025,settlement,2,с.Иса Байзакова,Иса Байзақов а.
554639107,NK RK 11-2025,settlement,2,с.Шубарат,Шұбарат а.
554639109,NK RK 11-2025,settlement,2,с.Костомар,Қостомар а.
554639400,NK RK 11-2025,settlement,2,с.Ульгули,Үлгілі а.
554639500,NK RK 11-2025,settlement,2,с.Луговое,Луговое а.
554645000,NK RK 11-2025,sub_district,2,Каракудукский с.о.,Қарақұдық  а.о.
554645100,NK RK 11-2025,settlement,2,с.Каракудук,Қарақұдық а.
554645200,NK RK 11-2025,settlement,2,с.Кенес,Кеңес а.
554645300,NK RK 11-2025,settlement,2,с.Караоткель,Қараөткел а.
554645500,NK RK 11-2025,settlement,2,с.Ынтымак,Ынтымақ а.
554649000,NK RK 11-2025,sub_district,2,Коскольский с.о.,Қоскөл  а.о.
554649100,NK RK 11-2025,settlement,2,с.Косколь,Қоскөл а.
554649400,NK RK 11-2025,settlement,2,с.Кызылкак,Қызылқақ а.
554651000,NK RK 11-2025,sub_district,2,Кызылжарский с.о.,Қызылжар  а.о.
554651100,NK RK 11-2025,settlement,2,с.Кызылжар,Қызылжар а.
554651300,NK RK 11-2025,settlement,2,с.Тогузак,Тоғызақ а.
554659000,NK RK 11-2025,sub_district,2,Майконырская с.а.,Майқоңыр а.ә.
554659100,NK RK 11-2025,settlement,2,с.Майконыр,Майқоңыр а.
554663000,NK RK 11-2025,sub_district,2,Панфиловский с.о.,Панфилов а.о.
554663100,NK RK 11-2025,settlement,2,с.Панфилово,Панфилов а.
554663400,NK RK 11-2025,settlement,2,с.Косагаш,Қосағаш а.
554663500,NK RK 11-2025,settlement,2,с.Тохта,Тоқта а.
554665000,NK RK 11-2025,sub_district,2,Северный с.о.,Северный  а.о.
554665100,NK RK 11-2025,settlement,2,с.Северное,Северное а.
554665300,NK RK 11-2025,settlement,2,с.Караагаш,Қараағаш а.
554665400,NK RK 11-2025,settlement,2,с.Степное,Степное а.
554667000,NK RK 11-2025,sub_district,2,Селетинский с.о.,Сілеті  а.о.
554667100,NK RK 11-2025,settlement,2,с.Селеты,Сілеті а.
554667200,NK RK 11-2025,settlement,2,с.Буланбай,Бұланбай а.
554667300,NK RK 11-2025,settlement,2,с.Кызылагаш,Қызылағаш а.
554800000,NK RK 11-2025,district,2,район Тереңкөл,Тереңкөл ауданы
554830000,NK RK 11-2025,sub_district,2,Теренкольский с.о.,Тереңкөл  а.о.
554830100,NK RK 11-2025,settlement,2,с.Теренколь,Тереңкөл а.
554830200,NK RK 11-2025,settlement,2,с.Ынталы,Ынталы а.
554830700,NK RK 11-2025,settlement,2,с.Юбилейное,Юбилейное а.
554833000,NK RK 11-2025,sub_district,2,Байконысский с.о.,Байқоныс  а.о.
554833100,NK RK 11-2025,settlement,2,с.Байконыс,Байқоныс а.
554833200,NK RK 11-2025,settlement,2,с.Кызылтан,Қызылтаң а.
554833300,NK RK 11-2025,settlement,2,с.Тлеубай,Тілеубай а.
554835000,NK RK 11-2025,sub_district,2,Береговой с.о.,Береговой  а.о.
554835100,NK RK 11-2025,settlement,2,с.Береговое,Береговое а.
554835200,NK RK 11-2025,settlement,2,с.Зеленая Роща,Зеленая Роща а.
554835400,NK RK 11-2025,settlement,2,с.Осьмерыжск,Осьмерыжск а.
554839000,NK RK 11-2025,sub_district,2,с.о.Жаңабет,Жаңабет а.о.
554839100,NK RK 11-2025,settlement,2,с.Жанабет,Жаңабет а.
554839102,NK RK 11-2025,settlement,2,с.Боброво,Боброво а.
554839300,NK RK 11-2025,settlement,2,с.Жаскайрат,Жасқайрат а.
554843000,NK RK 11-2025,sub_district,2,с.о.Алтай,Алтай а.о.
554843100,NK RK 11-2025,settlement,2,с.Алтай,Алтай а.
554843103,NK RK 11-2025,settlement,2,с.Тимофеевка,Тимофеевка а.
554843700,NK RK 11-2025,settlement,2,с.Фрументьевка,Фрументьевка а.
554845000,NK RK 11-2025,sub_district,2,с.о.Әулиеағаш,Әулиеағаш а.о.
554845100,NK RK 11-2025,settlement,2,с.Әулиеағаш,Әулиеағаш а.
554845200,NK RK 11-2025,settlement,2,с.Аққайың,Аққайың а.
554847000,NK RK 11-2025,sub_district,2,Жанакурлысский с.о.,Жаңақұрлыс  а.о.
554847100,NK RK 11-2025,settlement,2,с.Қоржынкөл,Қоржынкөл а.
554847200,NK RK 11-2025,settlement,2,с.Жанакурлыс,Жаңақұрылыс а.
554847400,NK RK 11-2025,settlement,2,с.Покровка,Покровка а.
554847500,NK RK 11-2025,settlement,2,с.Тегистик,Тегістік а.
554849000,NK RK 11-2025,sub_district,2,Ивановский с.о.,Иванов  а.о.
554849100,NK RK 11-2025,settlement,2,с.Ивановка,Ивановка а.
554853000,NK RK 11-2025,sub_district,2,Калиновский с.о.,Калинов  а.о.
554853100,NK RK 11-2025,settlement,2,с.Калиновка,Калиновка а.
554853300,NK RK 11-2025,settlement,2,с.Кызылдау,Қызылдау а.
554859000,NK RK 11-2025,sub_district,2,Октябрьский с.о.,Октябрь  а.о.
554859100,NK RK 11-2025,settlement,2,с.Октябрьское,Октябрьское а.
554859500,NK RK 11-2025,settlement,2,с.Первомайск,Первомайское а.
554863000,NK RK 11-2025,sub_district,2,Песчанский с.о.,Песчан  а.о.
554863100,NK RK 11-2025,settlement,2,с.Песчаное,Песчаное а.
554863109,NK RK 11-2025,settlement,2,с.Песчанский,Песчанский а.
554863300,NK RK 11-2025,settlement,2,с.Карасук,Қарасуық а.
554865000,NK RK 11-2025,sub_district,2,с.о.Томарлы,Томарлы а.о.
554865100,NK RK 11-2025,settlement,2,с.Томарлы,Томарлы а.
554865200,NK RK 11-2025,settlement,2,с.Воронцовка,Воронцовка а.
555200000,NK RK 11-2025,district,2,район Аққулы,Аққулы ауданы
555230000,NK RK 11-2025,sub_district,2,с.о.Аққулы,Аққулы а.о.
555230100,NK RK 11-2025,settlement,2,с.Аққулы,Аққулы а.
555235000,NK RK 11-2025,sub_district,2,Баймульдинский с.о.,Баймолдин  а.о.
555235100,NK RK 11-2025,settlement,2,с.им.Абылхаира Баймульдина,Әбілқайыр Баймолдин атын.с.
555235200,NK RK 11-2025,settlement,2,с.Такыр,Тақыр а.
555239000,NK RK 11-2025,sub_district,2,Жамбылский с.о.,Жамбыл  а.о.
555239100,NK RK 11-2025,settlement,2,с.Жамбыл,Жамбыл а.
555239200,NK RK 11-2025,settlement,2,с.Жанатан,Жаңатаң а.
555239300,NK RK 11-2025,settlement,2,с.Айтей,Айтей а.
555245000,NK RK 11-2025,sub_district,2,Кызылагашский с.о.,Қызылағаш  а.о.
555245100,NK RK 11-2025,settlement,2,с.Бескарагай,Бесқарағай а.
555247000,NK RK 11-2025,sub_district,2,с.о.Қарақала,Қарақала а.о.
555247100,NK RK 11-2025,settlement,2,с.Қарақала,Қарақала а.
555247300,NK RK 11-2025,settlement,2,с.Шамши,Шәмші а.
555247400,NK RK 11-2025,settlement,2,с.Шабар,Шабар а.
555253000,NK RK 11-2025,sub_district,2,Майкарагайский с.о.,Майқарағай  а.о.
555253100,NK RK 11-2025,settlement,2,с.Майкарагай,Майқарағай а.
555253400,NK RK 11-2025,settlement,2,с.Мергалым,Мерғалым а.
555255000,NK RK 11-2025,sub_district,2,Малыбайский с.о.,Малыбай  а.о.
555255100,NK RK 11-2025,settlement,2,с.Малыбай,Малыбай а.
555255200,NK RK 11-2025,settlement,2,с.Казантай,Қазантай а.
555255300,NK RK 11-2025,settlement,2,с.Казы,Қазы а.
555257000,NK RK 11-2025,sub_district,2,Шакинский с.о.,Шекі  а.о.
555257100,NK RK 11-2025,settlement,2,с.Шака,Шаға а.
555257500,NK RK 11-2025,settlement,2,с.Шоктал,Шоқтал а.
555259000,NK RK 11-2025,sub_district,2,Шарбактинский с.о.,Шарбақты  а.о.
555259100,NK RK 11-2025,settlement,2,с.Шарбакты,Шарбақты а.
555259180,NK RK 11-2025,settlement,2,с.Жабаглы,Жабағылы а.
555259200,NK RK 11-2025,settlement,2,с.Тосагаш,Төсағаш а.
555263000,NK RK 11-2025,sub_district,2,Ямышевский с.о.,Ямышевка  а.о.
555263100,NK RK 11-2025,settlement,2,с.Ямышево,Ямышево а.
555263300,NK RK 11-2025,settlement,2,с.Кызылкогам,Қызылқоғам а.
555263400,NK RK 11-2025,settlement,2,с.Тлектес,Тілектес а.
555600000,NK RK 11-2025,district,2,Майский район,Май ауданы
555630000,NK RK 11-2025,sub_district,2,Коктубекский с.о.,Көктүбек а.о.
555630100,NK RK 11-2025,settlement,2,с.Коктобе,Көктөбе а.
555630200,NK RK 11-2025,settlement,2,Белогорский ХПП,Белогорский НЌП
555630203,NK RK 11-2025,settlement,2,с.Бестау,Бестау а.
555633000,NK RK 11-2025,sub_district,2,Акжарский с.о.,Ақжар  а.о.
555633100,NK RK 11-2025,settlement,2,с.Большой Акжар,Үлкен Ақжар а.
555635000,NK RK 11-2025,sub_district,2,Акшиманский с.о.,Ақшиман  а.о.
555635100,NK RK 11-2025,settlement,2,с.Жана Акшиман,Жаңа Ақшиман а.
555637000,NK RK 11-2025,sub_district,2,Баскольский с.о.,Баскөл  а.о.
555637100,NK RK 11-2025,settlement,2,с.Басколь,Баскөл а.
555637107,NK RK 11-2025,settlement,2,с.Кызтамы,Қызтамы а.
555637200,NK RK 11-2025,settlement,2,с.Бозша,Бозша а.
555637300,NK RK 11-2025,settlement,2,с.Жанатлек,Жаңатілек а.
555639000,NK RK 11-2025,sub_district,2,Кентубекский с.о.,Кеңтүбек  а.о.
555639100,NK RK 11-2025,settlement,2,с.Кентубек,Кеңтүбе а.
555639200,NK RK 11-2025,settlement,2,ферма 1,ферма 1
555639400,NK RK 11-2025,settlement,2,ферма 3,ферма 3
555643000,NK RK 11-2025,sub_district,2,Казанский с.о.,Қазан  а.о.
555643100,NK RK 11-2025,settlement,2,с.Жумыскер,Жұмыскер а.
555643104,NK RK 11-2025,settlement,2,с.Тасбике,Тасбике а.
555643300,NK RK 11-2025,settlement,2,с.Кызыленбек,Қызылеңбек а.
555643303,NK RK 11-2025,settlement,2,с.Аршалы,Аршалы а.
555645000,NK RK 11-2025,sub_district,2,Каратерекский с.о.,Қаратерек  а.о.
555645100,NK RK 11-2025,settlement,2,с.Каратерек,Қаратерек а.
555645106,NK RK 11-2025,settlement,2,с.Булак,Бұлақ а.
555645107,NK RK 11-2025,settlement,2,с.Жаркын,Жарқын а.
555645108,NK RK 11-2025,settlement,2,с.Новый Жаркын,Жаңажарқын а.
555645109,NK RK 11-2025,settlement,2,с.Новый Унжи,Жаңаүнжі а.
555645111,NK RK 11-2025,settlement,2,с.Карабудур,Қарабүдір а.
555645112,NK RK 11-2025,settlement,2,с.Кызылтюбе,Қызылтөбе а.
555645113,NK RK 11-2025,settlement,2,с.Сарытайкора,Сарытайқора а.
555645114,NK RK 11-2025,settlement,2,с.Сункар,Сұңқар а.
555645115,NK RK 11-2025,settlement,2,с.Такил,Тақыл а.
555645116,NK RK 11-2025,settlement,2,с.Торткудык,Төртқұдық а.
555645117,NK RK 11-2025,settlement,2,с.Унжи,Үнжі а.
555645118,NK RK 11-2025,settlement,2,с.Шынырау,Шыңырау а.
555645200,NK RK 11-2025,settlement,2,с.Хасена Сейтказина,Хасен Сейтқазин а.
555645205,NK RK 11-2025,settlement,2,с.Балта,Балта а.
555647000,NK RK 11-2025,sub_district,2,Майский с.о.,Май а.о.
555647100,NK RK 11-2025,settlement,2,с.Майское,Майское а.
555647200,NK RK 11-2025,settlement,2,с.Енбекши,Еңбекші а.
555649000,NK RK 11-2025,sub_district,2,Майтубекский с.о.,Майтүбек  а.о.
555649100,NK RK 11-2025,settlement,2,с.Майтубек,Майтүбек а.
555651000,NK RK 11-2025,sub_district,2,Малайсаринский с.о.,Малайсары  а.о.
555651100,NK RK 11-2025,settlement,2,с.Малайсары,Малайсары а.
555651200,NK RK 11-2025,settlement,2,ферма 1,ферма 1
555651300,NK RK 11-2025,settlement,2,ферма 2,ферма 2
555653000,NK RK 11-2025,sub_district,2,Сатинский с.о.,Саты  а.о.
555653100,NK RK 11-2025,settlement,2,с.Саты,Саты а.
555653300,NK RK 11-2025,settlement,2,с.Абай,Абай а.
556000000,NK RK 11-2025,district,2,Павлодарский район,Павлодар ауданы
556035000,NK RK 11-2025,sub_district,2,Григорьевский с.о.,Григорьев  а.о.
556035100,NK RK 11-2025,settlement,2,с.Набережное,Набережное а.
556035200,NK RK 11-2025,settlement,2,с.Жана кала,Жаңа қала а.
556037000,NK RK 11-2025,sub_district,2,Ефремовская с.а.,Ефремов  а.ә.
556037100,NK RK 11-2025,settlement,2,с.Ефремовка,Ефремовка а.
556043000,NK RK 11-2025,sub_district,2,Зангарский с.о.,Заңғар  а.о.
556043100,NK RK 11-2025,settlement,2,с.Зангар,Заңғар а.
556043400,NK RK 11-2025,settlement,2,с.Коряковка,Коряковка а.
556045000,NK RK 11-2025,sub_district,2,Заринский с.о.,Заря  а.о.
556045100,NK RK 11-2025,settlement,2,с.Заря,Заря а.
556045200,NK RK 11-2025,settlement,2,с.Бирлик,Бірлік а.
556045300,NK RK 11-2025,settlement,2,с.Жертумсык,Жертұмсық а.
556045400,NK RK 11-2025,settlement,2,с.Подстепное,Подстепное а.
556047000,NK RK 11-2025,sub_district,2,Кенесский с.о.,Кеңес  а.о.
556047100,NK RK 11-2025,settlement,2,с.Новоямышево,Новоямышево а.
556047200,NK RK 11-2025,settlement,2,с.Айтім ауылы,Әйтім ауылы а.
556047300,NK RK 11-2025,settlement,2,с.Каратогай,Қаратоғай а.
556049000,NK RK 11-2025,sub_district,2,с.о.Кемеңгер,Кемеңгер а.о.
556049100,NK RK 11-2025,settlement,2,с.Кемеңгер,Кемеңгер а.
556049300,NK RK 11-2025,settlement,2,ст.Красноармейка,Красноармейка ст.
556049400,NK RK 11-2025,settlement,2,с.Шанды,Шаңды а.
556053000,NK RK 11-2025,sub_district,2,Луганский с.о.,Луганский  а.о.
556053100,NK RK 11-2025,settlement,2,с.Луганск,Луганск а.
556053200,NK RK 11-2025,settlement,2,с.Богдановка,Богдановка а.
556053300,NK RK 11-2025,settlement,2,с.Аккудык,Аққұдық а.
556055000,NK RK 11-2025,sub_district,2,Мичуринский с.о.,Мичурино  а.о.
556055100,NK RK 11-2025,settlement,2,с.Мичурино,Мичурино а.
556055200,NK RK 11-2025,settlement,2,с.Госплемстанция,Госплемстанция а.
556055203,NK RK 11-2025,settlement,2,Дом отдыха Энергетик,Энергетик демалыс үйі
556055300,NK RK 11-2025,settlement,2,с.Үміт апа,Үміт апа а.
556057000,NK RK 11-2025,sub_district,2,Ольгинский с.о.,Ольгинка  а.о.
556057100,NK RK 11-2025,settlement,2,с.Ольгинка,Ольгинка а.
556059000,NK RK 11-2025,sub_district,2,Рождественский с.о.,Рождествен  а.о.
556059100,NK RK 11-2025,settlement,2,с.Розовка,Розовка а.
556059200,NK RK 11-2025,settlement,2,с.Рождественка,Рождественка а.
556065000,NK RK 11-2025,sub_district,2,Чернорецкий с.о.,Чернорецк  а.о.
556065100,NK RK 11-2025,settlement,2,с.Чернорецк,Чернорецк а.
556065200,NK RK 11-2025,settlement,2,с.Достык,Достық а.
556065300,NK RK 11-2025,settlement,2,с.Караголь,Қаракөл а.
556065600,NK RK 11-2025,settlement,2,с.Пресное,Пресное а.
556067000,NK RK 11-2025,sub_district,2,Черноярский с.о.,Чернояр  а.о.
556067100,NK RK 11-2025,settlement,2,с.Новочерноярка,Новочерноярка а.
556067200,NK RK 11-2025,settlement,2,с.Сычевка,Сычевка а.
556067300,NK RK 11-2025,settlement,2,с.Черноярка,Черноярка а.
556067305,NK RK 11-2025,settlement,2,Дом отд. Черноярская жемчужина,Черноярская жемчужина демалыс
556067307,NK RK 11-2025,settlement,2,Дом отд. Золотая Нива,Золотая Нива демалыс үйі
556069000,NK RK 11-2025,sub_district,2,Шакатский с.о.,Шақат  а.о.
556069100,NK RK 11-2025,settlement,2,с.Шакат,Шақат а.
556069200,NK RK 11-2025,settlement,2,с.Заозерное,Заозерное а.
556069300,NK RK 11-2025,settlement,2,с.Коктюбе,Көктөбе а.
556069400,NK RK 11-2025,settlement,2,с.Толубай,Толыбай а.
556069500,NK RK 11-2025,settlement,2,с.Маралды,Маралды а.
556400000,NK RK 11-2025,district,2,Успенский район,Успен ауданы
556430000,NK RK 11-2025,sub_district,2,Успенский с.о.,Успен  а.о.
556430100,NK RK 11-2025,settlement,2,с.Успенка,Успен а.
556430300,NK RK 11-2025,settlement,2,с.Белоусовка,Белоусов а.
556430400,NK RK 11-2025,settlement,2,с.Травянка,Травян а.
556435000,NK RK 11-2025,sub_district,2,Козыкеткенский с.о.,Қозыкеткен  а.о.
556435100,NK RK 11-2025,settlement,2,с.Козыкеткен,Қозыкеткен а.
556435200,NK RK 11-2025,settlement,2,с.Ковалевка,Ковалев а.
556443000,NK RK 11-2025,sub_district,2,Лозовский с.о.,Лозов  а.о.
556443100,NK RK 11-2025,settlement,2,с.Лозовое,Лозовое а.
556443300,NK RK 11-2025,settlement,2,с.Богатырь,Богатырь а.
556443400,NK RK 11-2025,settlement,2,с.Каратай,Қаратай а.
556447000,NK RK 11-2025,sub_district,2,Новопокровский с.о.,Новопокровка  а.о.
556447100,NK RK 11-2025,settlement,2,с.Галицкое,Галицкое а.
556447300,NK RK 11-2025,settlement,2,с.Новопокровка,Новопокровка а.
556449000,NK RK 11-2025,sub_district,2,Ольгинский с.о.,Ольгин а.о.
556449100,NK RK 11-2025,settlement,2,с.Қызылағаш,Қызылағаш а.
556449300,NK RK 11-2025,settlement,2,с.Тимирязево,Тимирязев а.
556449400,NK RK 11-2025,settlement,2,с.Ольховка,Ольхов а.
556453000,NK RK 11-2025,sub_district,2,Конырозекский с.о.,Қоңырөзек  а.о.
556453100,NK RK 11-2025,settlement,2,с.Коныр Озек,Қоңырөзек а.
556453200,NK RK 11-2025,settlement,2,с.Дмитриевка,Дмитриевка а.
556453300,NK RK 11-2025,settlement,2,с.Вознесенка,Вознесен а.
556453400,NK RK 11-2025,settlement,2,с.Надаровка,Надаров а.
556455000,NK RK 11-2025,sub_district,2,Равнопольский с.о.,Равнополь  а.о.
556455100,NK RK 11-2025,settlement,2,с.Константиновка,Константиновка а.
556455200,NK RK 11-2025,settlement,2,с.Равнополь,Равнополь а.
556455300,NK RK 11-2025,settlement,2,с.Таволжан,Таволжан а.
556800000,NK RK 11-2025,district,2,Щербактинский район,Шарбақты ауданы
556830000,NK RK 11-2025,sub_district,2,Шарбактинский с.о.,Шарбақты  а.о.
556830100,NK RK 11-2025,settlement,2,с.Шарбакты,Шарбақты а.
556830200,NK RK 11-2025,settlement,2,с.Сынтас,Сынтас а.
556830300,NK RK 11-2025,settlement,2,с.Богодаровка,Богодаровка а.
556830400,NK RK 11-2025,settlement,2,с.Малиновка,Малиновка а.
556830500,NK RK 11-2025,settlement,2,с.Татьяновка,Татьяновка а.
556830600,NK RK 11-2025,settlement,2,с.Назаровка,Назаровка а.
556833000,NK RK 11-2025,sub_district,2,Александровский с.о.,Александров  а.о.
556833100,NK RK 11-2025,settlement,2,с.Александровка,Александровка а.
556833200,NK RK 11-2025,settlement,2,с.Жанааул,Жаңаауыл а.
556833300,NK RK 11-2025,settlement,2,с.Алексеевка,Алексеевка а.
556833400,NK RK 11-2025,settlement,2,ст.Куркамыс,Құрқамыс ст.
556837000,NK RK 11-2025,sub_district,2,Галкинский с.о.,Галкино  а.о.
556837100,NK RK 11-2025,settlement,2,с.Галкино,Галкино а.
556837200,NK RK 11-2025,settlement,2,с.Арбаиген,Арбаиген а.
556837300,NK RK 11-2025,settlement,2,с.Ботабас,Ботабас а.
556837600,NK RK 11-2025,settlement,2,с.Чигириновка,Чигириновка а.
556839000,NK RK 11-2025,sub_district,2,Жылыбулакский с.о.,Жылы-Бұлақ а.о.
556839100,NK RK 11-2025,settlement,2,с.Хмельницкое,Хмельницкое а.
556839200,NK RK 11-2025,settlement,2,с.Кольбулак,Көлбұлақ а.
556839400,NK RK 11-2025,settlement,2,с.Сахновка,Сахновка а.
556839500,NK RK 11-2025,settlement,2,с.Жылыбулак,Жылыбұлақ а.
556839600,NK RK 11-2025,settlement,2,ст.Маралды,Маралды ст.
556853000,NK RK 11-2025,sub_district,2,Орловский с.о.,Орлов  а.о.
556853100,NK RK 11-2025,settlement,2,с.Орловка,Орловка а.
556857000,NK RK 11-2025,sub_district,2,Сосновский с.о.,Соснов  а.о.
556857100,NK RK 11-2025,settlement,2,с.Сосновка,Сосновка а.
556857400,NK RK 11-2025,settlement,2,с.Заборовка,Заборовка а.
556857500,NK RK 11-2025,settlement,2,с.Красиловка,Красиловка а.
556867000,NK RK 11-2025,sub_district,2,Шалдайский с.о.,Шалдай  а.о.
556867100,NK RK 11-2025,settlement,2,с.Шалдай,Шалдай а.
556867300,NK RK 11-2025,settlement,2,с.Садыкащи,Садықащы а.
556867500,NK RK 11-2025,settlement,2,с.Есильбай,Есілбай а.
556867700,NK RK 11-2025,settlement,2,с.Чушкалы,Шошқалы а.
590000000,NK RK 11-2025,oblast,0,Северо-Казахстанская область,Солтүстік Қазақстан облысы
591000000,NK RK 11-2025,district,1,Петропавловск Г.А.,Петропавл Қ.Ә.
591010000,NK RK 11-2025,sub_district,1,г.Петропавловск,Петропавл қ.
593200000,NK RK 11-2025,district,2,Айыртауский район,Айыртау ауданы
593230000,NK RK 11-2025,sub_district,2,Володарский с.о.,Володарский а.о.
593230100,NK RK 11-2025,settlement,2,с.Саумалколь,Саумалкөл а.
593230200,NK RK 11-2025,settlement,2,с.Новоукраинка,Новоукраинка а.
593230300,NK RK 11-2025,settlement,2,с.Айыртау,Айыртау а.
593230400,NK RK 11-2025,settlement,2,с.Баянтай,Баянтай а.
593230500,NK RK 11-2025,settlement,2,с.Галицино,Галицино а.
593230700,NK RK 11-2025,settlement,2,с.Красногорка,Красногорка а.
593230900,NK RK 11-2025,settlement,2,с.Орловка,Орловка а.
593233000,NK RK 11-2025,sub_district,2,Антоновский с.о.,Антонов а.о.
593233100,NK RK 11-2025,settlement,2,с.Антоновка,Антоновка а.
593233200,NK RK 11-2025,settlement,2,с.Акан сере,Ақан сері а.
593233400,NK RK 11-2025,settlement,2,с.Жумысшы,Жұмысшы а.
593233480,NK RK 11-2025,settlement,2,с.Заря,Заря а.
593233580,NK RK 11-2025,settlement,2,с.Комаровка,Комаровка а.
593233680,NK RK 11-2025,settlement,2,с.Лавровка,Лавровка а.
593233900,NK RK 11-2025,settlement,2,ст.Уголки,Уголки ст.
593235000,NK RK 11-2025,sub_district,2,Арыкбалыкский с.о.,Арықбалық а.о.
593235100,NK RK 11-2025,settlement,2,с.Арыкбалык,Арықбалық а.
593235200,NK RK 11-2025,settlement,2,с.Горное,Горное а.
593235300,NK RK 11-2025,settlement,2,с.Агынтай батыра,Ағынтай батыр а.
593235400,NK RK 11-2025,settlement,2,с.Карасай батыра,Қарасай батыр а.
593235500,NK RK 11-2025,settlement,2,с.Баян,Баян а.
593235600,NK RK 11-2025,settlement,2,с.Целинное,Целинное а.
593239000,NK RK 11-2025,sub_district,2,Гусаковский с.о.,Гусаков а.о.
593239100,NK RK 11-2025,settlement,2,с.Гусаковка,Гусаковка а.
593239200,NK RK 11-2025,settlement,2,с.Береславка,Береславка а.
593239300,NK RK 11-2025,settlement,2,с.Карсаковка,Карсаковка а.
593239800,NK RK 11-2025,settlement,2,с.Новосветловка,Новосветловка а.
593240000,NK RK 11-2025,sub_district,2,Елецкий с.о.,Елецкое  а.о.
593240100,NK RK 11-2025,settlement,2,с.Елецкое,Елецкое а.
593240300,NK RK 11-2025,settlement,2,с.Айыртауское,Айыртау а.
593240500,NK RK 11-2025,settlement,2,с.Колесниковка,Колесниковка а.
593240800,NK RK 11-2025,settlement,2,с.Междуозерное,Междуозерное а.
593242000,NK RK 11-2025,sub_district,2,Константиновский с.о.,Константиновка а.о.
593242100,NK RK 11-2025,settlement,2,с.Константиновка,Константиновка а.
593242200,NK RK 11-2025,settlement,2,с.Аканбурлык,Ақанбұрлық а.
593242300,NK RK 11-2025,settlement,2,с.Акшокы,Ақшоқы а.
593242500,NK RK 11-2025,settlement,2,с.Красново,Красново а.
593242600,NK RK 11-2025,settlement,2,с.Куспек,Құспек а.
593242700,NK RK 11-2025,settlement,2,с.Матвеевка,Матвеевка а.
593243000,NK RK 11-2025,sub_district,2,Имантауский с.о.,Имантау а.о.
593243100,NK RK 11-2025,settlement,2,с.Имантау,Имантау а.
593243300,NK RK 11-2025,settlement,2,с.Верхний Бурлук,Жоғарғы Бұрлық а.
593244000,NK RK 11-2025,sub_district,2,Камсактинский с.о.,Қамсақты а.о.
593244100,NK RK 11-2025,settlement,2,с.Қамсақты,Қамсақты а.
593244300,NK RK 11-2025,settlement,2,с.Бирлестик,Бірлестік а.
593244400,NK RK 11-2025,settlement,2,с.Кумтоккен,Құмтөккен а.
593244500,NK RK 11-2025,settlement,2,с.Укили Ыбырай,Үкілі Ыбырай а.
593244600,NK RK 11-2025,settlement,2,с.Орлиногорское,Орлиногорское а.
593244700,NK RK 11-2025,settlement,2,с.Светлое,Светлое а.
593245000,NK RK 11-2025,sub_district,2,Казанский с.о.,Қазан а.о.
593245100,NK RK 11-2025,settlement,2,с.Казанка,Қазан а.
593245200,NK RK 11-2025,settlement,2,с.Аксеновка,Аксеновка а.
593245300,NK RK 11-2025,settlement,2,с.Бурлык,Бұрлық а.
593245400,NK RK 11-2025,settlement,2,с.Всеволодовка,Всеволодовка а.
593245680,NK RK 11-2025,settlement,2,с.Никольско-Бурлукское,Никольско-Бурлукское а.
593245700,NK RK 11-2025,settlement,2,с.Никольское,Никольское а.
593245780,NK RK 11-2025,settlement,2,с.Прекрасное,Прекрасное а.
593246000,NK RK 11-2025,sub_district,2,Каратальский с.о.,Қаратал а.о.
593246100,NK RK 11-2025,settlement,2,с.Каратал,Қаратал а.
593246200,NK RK 11-2025,settlement,2,с.Ботай,Ботай а.
593246300,NK RK 11-2025,settlement,2,с.Высокое,Высокое а.
593246500,NK RK 11-2025,settlement,2,с.Косколь,Қоскөл а.
593246800,NK RK 11-2025,settlement,2,с.Шукирлик,Шүкірлік а.
593247000,NK RK 11-2025,sub_district,2,Нижнебурлукский  с.о.,Нижнеборлық а.о.
593247100,NK RK 11-2025,settlement,2,с.Нижний Бурлук,Нижний Бурлук а.
593247500,NK RK 11-2025,settlement,2,с.Жаксы Жалгызтау,Жақсы Жалғызтау а.
593248000,NK RK 11-2025,sub_district,2,Лобановский с.о.,Лобаново а.о.
593248100,NK RK 11-2025,settlement,2,с.Лобаново,Лобаново а.
593248200,NK RK 11-2025,settlement,2,с. Альжан,Әлжан а.
593248400,NK RK 11-2025,settlement,2,с.Заря,Заря а.
593248700,NK RK 11-2025,settlement,2,с.Шалкар,Шалқар а.
593249000,NK RK 11-2025,sub_district,2,Сырымбетский с.о.,Сырымбет а.о.
593249100,NK RK 11-2025,settlement,2,с.Сырымбет,Сырымбет а.
593249200,NK RK 11-2025,settlement,2,с.Даукара,Дәуқара а.
593249300,NK RK 11-2025,settlement,2,с.Егиндыагаш,Егіндіағаш а.
593249480,NK RK 11-2025,settlement,2,с.Каракамыс,Қарақамыс а.
593249500,NK RK 11-2025,settlement,2,с.Сарыбулак,Сарыбұлақ а.
593249600,NK RK 11-2025,settlement,2,с.Сулуколь,Сұлукөл а.
593249680,NK RK 11-2025,settlement,2,с.Шолакозек,Шолақөзек а.
593249700,NK RK 11-2025,settlement,2,с.Шоккарагай,Шоққарағай а.
593251000,NK RK 11-2025,sub_district,2,Украинский с.о.,Украин а.о.
593251100,NK RK 11-2025,settlement,2,с.Кирилловка,Кирилловка а.
593251200,NK RK 11-2025,settlement,2,с.Бурлык,Бұрлық а.
593251300,NK RK 11-2025,settlement,2,с.Каменный Брод,Каменный Брод а.
593251400,NK RK 11-2025,settlement,2,с.Карловка,Карловка а.
593251500,NK RK 11-2025,settlement,2,с.Кутузовка,Кутузовка а.
593251600,NK RK 11-2025,settlement,2,с.Петропавловка,Петропавловка а.
593251700,NK RK 11-2025,settlement,2,с.Сарысай,Сарысай а.
593251800,NK RK 11-2025,settlement,2,с.Сарытубек,Сарытүбек а.
593400000,NK RK 11-2025,district,2,Акжарский район,Ақжар ауданы
593430000,NK RK 11-2025,sub_district,2,Талшыкский с.о.,Талшық а.о.
593430100,NK RK 11-2025,settlement,2,с.Талшик,Талшық а.
593430200,NK RK 11-2025,settlement,2,с.Казанское,Қазан а.
593430500,NK RK 11-2025,settlement,2,с.Тугуржап,Тұғыржап а.
593430600,NK RK 11-2025,settlement,2,с.Ульгили,Үлгілі а.
593432000,NK RK 11-2025,sub_district,2,Айсаринский с.о.,Айсары а.о.
593432100,NK RK 11-2025,settlement,2,с.Айсаринское,Айсары а.
593433000,NK RK 11-2025,sub_district,2,Алкатерекский с.о.,Алқатерек а.о.
593433100,NK RK 11-2025,settlement,2,с.Алкатерек,Алқатерек а.
593435000,NK RK 11-2025,sub_district,2,Восходский с.о.,Восход а.о.
593435100,NK RK 11-2025,settlement,2,с.Восходское,Восходское а.
593435200,NK RK 11-2025,settlement,2,с.Аксай,Ақсай а.
593436000,NK RK 11-2025,sub_district,2,Кенащинский с.о.,Кеңашы а.о.
593436100,NK RK 11-2025,settlement,2,с.Кенащы,Кеңащы а.
593436200,NK RK 11-2025,settlement,2,с.Байтус,Байтөс а.
593437000,NK RK 11-2025,sub_district,2,Кишикараойский с.о.,Кішіқараой а.о.
593437100,NK RK 11-2025,settlement,2,с.Бостандык,Бостандық а.
593437300,NK RK 11-2025,settlement,2,с.Кіші Қараой,Кіші Қараой а.
593438000,NK RK 11-2025,sub_district,2,Кулыкольский с.о.,Қулыкөл а.о.
593438100,NK RK 11-2025,settlement,2,с.Кулыколь,Қулыкөл а.
593438300,NK RK 11-2025,settlement,2,с.Карашилик,Қарашіліқ а.
593439000,NK RK 11-2025,sub_district,2,Ленинградский с.о.,Ленинград а.о.
593439100,NK RK 11-2025,settlement,2,с.Ленинградское,Ленинградское а.
593439200,NK RK 11-2025,settlement,2,с.Дауит,Дәуіт а.
593439300,NK RK 11-2025,settlement,2,с.Кызылту,Қызылту а.
593441000,NK RK 11-2025,sub_district,2,Майский с.о.,Майское а.о.
593441100,NK RK 11-2025,settlement,2,с.Майское,Майское а.
593443000,NK RK 11-2025,sub_district,2,с.о.Үлкен Қараой,Үлкен Қараой а.о.
593443100,NK RK 11-2025,settlement,2,с.Баймырза,Баймырза а.
593443200,NK RK 11-2025,settlement,2,с.Горьковское,Горьковское а.
593445000,NK RK 11-2025,sub_district,2,Акжаркынский с.о.,Ақжарқын а.о.
593445100,NK RK 11-2025,settlement,2,с.Акжаркын,Ақжарқын а.
593445200,NK RK 11-2025,settlement,2,с.Ащиколь,Ащыкөл а.
593449000,NK RK 11-2025,sub_district,2,Уялинский с.о.,Ұялы а.о.
593449100,NK RK 11-2025,settlement,2,с.Уялы,Ұялы а.
593449800,NK RK 11-2025,settlement,2,с.Аксары,Ақсары а.
593600000,NK RK 11-2025,district,4,Район Магжана Жумабаева,Мағжан Жұмабаев ауданы
593620000,NK RK 11-2025,sub_district,3,Булаевская г.а.,Булаев қ.ә.
593620100,NK RK 11-2025,settlement,1,г.Булаево,Булаев қ.
593620200,NK RK 11-2025,settlement,2,с.Медвежка,Медвежка а.
593633000,NK RK 11-2025,sub_district,2,Авангардский с.о.,Авангард а.о.
593633100,NK RK 11-2025,settlement,2,с.Полтавка,Полтавка а.
593633200,NK RK 11-2025,settlement,2,с.Достық,Достық а.
593633400,NK RK 11-2025,settlement,2,с.Рощино,Рощино а.
593637000,NK RK 11-2025,sub_district,2,Бастомарский с.о.,Бастомар а.о.
593637100,NK RK 11-2025,settlement,2,с.Бастомар,Бастомар а.
593637300,NK RK 11-2025,settlement,2,с.Писаревка,Писаревка а.
593637400,NK RK 11-2025,settlement,2,с.Веселовка,Веселовка а.
593639000,NK RK 11-2025,sub_district,2,Возвышенский с.о.,Возвышен а.о.
593639100,NK RK 11-2025,settlement,2,с.Возвышенка,Возвышенка а.
593639300,NK RK 11-2025,settlement,2,с.Малая Возвышенка,Малая Возвышенка а.
593639400,NK RK 11-2025,settlement,2,с.Александровка,Александровка а.
593647000,NK RK 11-2025,sub_district,2,Конюховский с.о.,Конюхов а.о.
593647100,NK RK 11-2025,settlement,2,с.Конюхово,Конюхово а.
593647400,NK RK 11-2025,settlement,2,с.Куломзино,Куломзино а.
593651000,NK RK 11-2025,sub_district,2,Каракогинский с.о.,Қарақоға а.о.
593651100,NK RK 11-2025,settlement,2,с.Каракога,Қарақоға а.
593651400,NK RK 11-2025,settlement,2,с.Образец,Образец а.
593651500,NK RK 11-2025,settlement,2,с.Чистое,Чистое а.
593653000,NK RK 11-2025,sub_district,2,Лебяжинский с.о.,Лебяжье а.о.
593653100,NK RK 11-2025,settlement,2,с.Лебяжье,Лебяжье а.
593653300,NK RK 11-2025,settlement,2,с.Куралай,Құралай а.
593657000,NK RK 11-2025,sub_district,2,с.о.Магжан,Мағжан а.о.
593657100,NK RK 11-2025,settlement,2,с.Жастар,Жастар а.
593657200,NK RK 11-2025,settlement,2,с.Сарытомар,Сарытомар а.
593659000,NK RK 11-2025,sub_district,2,Молодогвардейский с.о.,Молодая Гвардия а.о.
593659100,NK RK 11-2025,settlement,2,с.Молодогвардейское,Молодогвардейское а.
593659200,NK RK 11-2025,settlement,2,с.Золотая Нива,Золотая Нива а.
593663000,NK RK 11-2025,sub_district,2,с.о.Ноғайбай би,Ноғайбай би  а.о.
593663100,NK RK 11-2025,settlement,2,с.Надежка,Надежка а.
593663200,NK RK 11-2025,settlement,2,с.Бинаш,Бинаш а.
593663300,NK RK 11-2025,settlement,2,с.Дюсеке,Дүйсеке а.
593663400,NK RK 11-2025,settlement,2,с.Еремеевка,Еремеевка а.
593663500,NK RK 11-2025,settlement,2,с.Ногайбай,Ноғайбай а.
593663600,NK RK 11-2025,settlement,2,с.Караганды,Қарағанды а.
593665000,NK RK 11-2025,sub_district,2,с.о.Аққайың,Аққайың а.о.
593665100,NK RK 11-2025,settlement,2,с.Октябрьское,Октябрьское а.
593665300,NK RK 11-2025,settlement,2,с.Суворовка,Суворовка а.
593665400,NK RK 11-2025,settlement,2,с.Хлебороб,Хлебороб а.
593665500,NK RK 11-2025,settlement,2,с.Гаврино,Гаврино а.
593665600,NK RK 11-2025,settlement,2,с.Зарослое,Зарослое а.
593669000,NK RK 11-2025,sub_district,2,Полудинский с.о.,Полудин а.о.
593669100,NK RK 11-2025,settlement,2,с.Полудино,Полудино а.
593669200,NK RK 11-2025,settlement,2,с.Ганькино,Ганькино а.
593669300,NK RK 11-2025,settlement,2,ст.Ганькино,Ганькино ст.
593673000,NK RK 11-2025,sub_district,2,с.о.Алтын дән,Алтын дән а.о.
593673100,NK RK 11-2025,settlement,2,с.Советское,Советское а.
593673200,NK RK 11-2025,settlement,2,с.Придорожное,Придорожное а.
593675000,NK RK 11-2025,sub_district,2,Тамановский с.о.,Таманов а.о.
593675100,NK RK 11-2025,settlement,2,с.Таманское,Таман а.
593675200,NK RK 11-2025,settlement,2,с.Пулеметовка,Пулеметовка а.
593675300,NK RK 11-2025,settlement,2,с.Майбалык,Майбалық а.
593677000,NK RK 11-2025,sub_district,2,Успенский с.о.,Успен а.о.
593677100,NK RK 11-2025,settlement,2,с.Успенка,Успенка а.
593677200,NK RK 11-2025,settlement,2,с.Косколь,Қоскөл а.
593677400,NK RK 11-2025,settlement,2,с.Сулышок,Сулышоқ а.
593677500,NK RK 11-2025,settlement,2,с.Уваковское,Уваковское а.
593679000,NK RK 11-2025,sub_district,2,Узынкольский с.о.,Ұзынкөл а.о.
593679100,NK RK 11-2025,settlement,2,с.Узынколь,Ұзынкөл а.
593679200,NK RK 11-2025,settlement,2,с.Косколь,Қоскөл а.
593679300,NK RK 11-2025,settlement,2,с.Шандак,Шаңдақ а.
593683000,NK RK 11-2025,sub_district,2,с.о.Бәйтерек,Бәйтерек а.о.
593683100,NK RK 11-2025,settlement,2,с. Байтерек,Бәйтерек а.
593683200,NK RK 11-2025,settlement,2,с.Новотроицкое,Новотроицкое а.
593683300,NK RK 11-2025,settlement,2,с.Береке,Береке а.
593683400,NK RK 11-2025,settlement,2,с.Рявкино,Рявкино а.
593685000,NK RK 11-2025,sub_district,2,Чистовский с.о.,Чистов а.о.
593685100,NK RK 11-2025,settlement,2,с.Чистовское,Чистовское а.
593685200,NK RK 11-2025,settlement,2,с.Тищенко,Тищенко а.
593685300,NK RK 11-2025,settlement,2,с.Украинка,Украинка а.
593685400,NK RK 11-2025,settlement,2,с.Урожайное,Урожайное а.
593685500,NK RK 11-2025,settlement,2,с.Пролетарка,Пролетарка а.
594200000,NK RK 11-2025,district,2,Есильский район,Есіл ауданы
594230000,NK RK 11-2025,sub_district,2,Явленский с.о.,Явленка а.о.
594230100,NK RK 11-2025,settlement,2,с.Явленка,Явленка а.
594233000,NK RK 11-2025,sub_district,2,Алматинский с.о.,Алматы а.о.
594233100,NK RK 11-2025,settlement,2,с.Орнек,Өрнек а.
594233200,NK RK 11-2025,settlement,2,с.Жаркайын,Жарқайың а.
594233300,NK RK 11-2025,settlement,2,с.Мектеп,Мектеп а.
594235000,NK RK 11-2025,sub_district,2,Амангельдинский с.о.,Амангелді а.о.
594235100,NK RK 11-2025,settlement,2,с.Амангельдинское,Амангелді а.
594235300,NK RK 11-2025,settlement,2,с.Поляковка,Поляковка а.
594235400,NK RK 11-2025,settlement,2,с.Талапкер,Талапкер а.
594237000,NK RK 11-2025,sub_district,2,Бескудукский с.о.,Бесқұдық а.о.
594237100,NK RK 11-2025,settlement,2,с.Бескудук,Бесқұдық а.
594237200,NK RK 11-2025,settlement,2,с.Алабие,Алабие а.
594237400,NK RK 11-2025,settlement,2,с.Черуновка,Черуновка а.
594239000,NK RK 11-2025,sub_district,2,Булакский с.о.,Бұлақ а.о.
594239100,NK RK 11-2025,settlement,2,с.Булак,Бұлақ а.
594239200,NK RK 11-2025,settlement,2,с.Актас,Ақтас а.
594239300,NK RK 11-2025,settlement,2,с.Карагай,Қарағай а.
594241000,NK RK 11-2025,sub_district,2,Волошинский с.о.,Волошин а.о.
594241100,NK RK 11-2025,settlement,2,с.Волошинка,Волошинка а.
594241200,NK RK 11-2025,settlement,2,с.Ивано-Петровка,Ивано-Петровка а.
594241300,NK RK 11-2025,settlement,2,с.Лузинка,Лузинка а.
594243000,NK RK 11-2025,sub_district,2,Заградовский с.о.,Заградов а.о.
594243100,NK RK 11-2025,settlement,2,с.Заградовка,Заградовка а.
594243200,NK RK 11-2025,settlement,2,с.Горное,Горное а.
594243300,NK RK 11-2025,settlement,2,с.Жамбыл,Жамбыл а.
594243600,NK RK 11-2025,settlement,2,с.Тонкошуровка,Тонкошуровка а.
594245000,NK RK 11-2025,sub_district,2,Заречный с.о.,Заречный а.о.
594245100,NK RK 11-2025,settlement,2,с.Чириковка,Чириковка а.
594245500,NK RK 11-2025,settlement,2,с.Караагаш,Қараағаш а.
594245600,NK RK 11-2025,settlement,2,с.Луговое,Луговое а.
594247000,NK RK 11-2025,sub_district,2,Ильинский с.о.,Ильин а.о.
594247100,NK RK 11-2025,settlement,2,с.Ильинка,Ильинка а.
594247200,NK RK 11-2025,settlement,2,с.Амангельды,Амангелді а.
594247300,NK RK 11-2025,settlement,2,с.Александровка,Александровка а.
594249000,NK RK 11-2025,sub_district,2,Корнеевский с.о.,Корнеев а.о.
594249100,NK RK 11-2025,settlement,2,с.Корнеевка,Корнеевка а.
594249200,NK RK 11-2025,settlement,2,с.Леонидовка,Леонидовка а.
594249400,NK RK 11-2025,settlement,2,с.Советское,Советское а.
594251000,NK RK 11-2025,sub_district,2,Николаевский с.о.,Николаев а.о.
594251100,NK RK 11-2025,settlement,2,с.Николаевка,Николаевка а.
594251200,NK RK 11-2025,settlement,2,с.Каратал,Қаратал а.
594253000,NK RK 11-2025,sub_district,2,Петровский с.о.,Петров а.о.
594253100,NK RK 11-2025,settlement,2,с.Петровка,Петровка а.
594253200,NK RK 11-2025,settlement,2,с.Бирлик,Бірлік а.
594253400,NK RK 11-2025,settlement,2,с.Мадениет,Мәдениет а.
594255000,NK RK 11-2025,sub_district,2,Покровский с.о.,Покров а.о.
594255100,NK RK 11-2025,settlement,2,с.Покровка,Покровка а.
594255200,NK RK 11-2025,settlement,2,с.Енбек,Еңбек а.
594255300,NK RK 11-2025,settlement,2,с.Есильское,Есіл а.
594255400,NK RK 11-2025,settlement,2,с.Мальцево,Мальцево а.
594256000,NK RK 11-2025,sub_district,2,Спасовский с.о.,Спасовка  а.о.
594256100,NK RK 11-2025,settlement,2,с.Спасовка,Спасовка а.
594256300,NK RK 11-2025,settlement,2,с.Сарыман,Сарыман а.
594256500,NK RK 11-2025,settlement,2,с.Тауагаш,Тауағаш а.
594257000,NK RK 11-2025,sub_district,2,Тарангульский с.о.,Торанғұл а.о.
594257100,NK RK 11-2025,settlement,2,с.Тарангул,Торанғұл а.
594257200,NK RK 11-2025,settlement,2,с.Двинск,Двинск а.
594261000,NK RK 11-2025,sub_district,2,Ясновский с.о.,Яснов а.о.
594261100,NK RK 11-2025,settlement,2,с.Ясновка,Ясновка а.
594261300,NK RK 11-2025,settlement,2,с.Стрельниковка,Стрельниковка а.
594600000,NK RK 11-2025,district,2,Жамбылский район,Жамбыл ауданы
594630000,NK RK 11-2025,sub_district,2,Пресновский с.о.,Преснов а.о.
594630100,NK RK 11-2025,settlement,2,с.Пресновка,Пресновка а.
594630300,NK RK 11-2025,settlement,2,с.Железное,Железное а.
594633000,NK RK 11-2025,sub_district,2,Архангельский с.о.,Архангель а.о
594633100,NK RK 11-2025,settlement,2,с.Архангелка,Архангелка а.
594633200,NK RK 11-2025,settlement,2,с.Айтуар,Айтуар а.
594633400,NK RK 11-2025,settlement,2,с.Ульги,Үлгі а.
594633500,NK RK 11-2025,settlement,2,с.Баян,Баян а.
594633600,NK RK 11-2025,settlement,2,с.Баймаганбета Изтолина,Баймағанбет Ізтөлин а.
594637000,NK RK 11-2025,sub_district,2,Благовещенский с.о.,Благовещенка а.о
594637100,NK RK 11-2025,settlement,2,с.Благовещенка,Благовещенка а.
594637300,NK RK 11-2025,settlement,2,с.Майбалык,Майбалық а.
594639000,NK RK 11-2025,sub_district,2,Жамбылский с.о.,Жамбыл а.о.
594639100,NK RK 11-2025,settlement,2,с.Жамбыл,Жамбыл а.
594639300,NK RK 11-2025,settlement,2,с.Есперли,Есперлі а.
594639400,NK RK 11-2025,settlement,2,с.Караагаш,Қараағаш а.
594643000,NK RK 11-2025,sub_district,2,Кладбинский с.о.,Кладбин а.о.
594643100,NK RK 11-2025,settlement,2,с.Кладбинка,Кладбинка а.
594643200,NK RK 11-2025,settlement,2,с.Сенжарка,Сеңжар а.
594643300,NK RK 11-2025,settlement,2,с.Симаки,Симаки а.
594643500,NK RK 11-2025,settlement,2,с.Миролюбово,Миролюбово а.
594643600,NK RK 11-2025,settlement,2,с.Новорыбинка,Новорыбинка а.
594645000,NK RK 11-2025,sub_district,2,Казанский с.о.,Қазан а.о.
594645100,NK RK 11-2025,settlement,2,с.Казанка,Қазан а.
594645200,NK RK 11-2025,settlement,2,с.Екатериновка,Екатериновка а.
594645400,NK RK 11-2025,settlement,2,с.Светлое,Светлое а.
594647000,NK RK 11-2025,sub_district,2,Кайранкольский с.о.,Қайранкөл а.о.
594647100,NK RK 11-2025,settlement,2,с.Кайранколь,Қайранкөл а.
594647200,NK RK 11-2025,settlement,2,с.Новое,Новое а.
594647300,NK RK 11-2025,settlement,2,с.Украинское,Украинское а.
594649000,NK RK 11-2025,sub_district,2,Майбалыкский с.о.,Майбалық а.о.
594649100,NK RK 11-2025,settlement,2,с.Святодуховка,Святодуховка а.
594649200,NK RK 11-2025,settlement,2,с.Жанажол,Жаңажол а.
594649500,NK RK 11-2025,settlement,2,с.Ольговка,Ольговка а.
594649600,NK RK 11-2025,settlement,2,с.Сабит,Сәбит а.
594651000,NK RK 11-2025,sub_district,2,Мирный с.о.,Мирный а.о.
594651100,NK RK 11-2025,settlement,2,с.Мирное,Мирное а.
594651200,NK RK 11-2025,settlement,2,с.Айымжан,Айымжан а.
594651300,NK RK 11-2025,settlement,2,с.Узынколь,Ұзынкөл а.
594651400,NK RK 11-2025,settlement,2,с.Петровка,Петровка а.
594655000,NK RK 11-2025,sub_district,2,Озерный с.о.,Озерный а.о.
594655100,NK RK 11-2025,settlement,2,с.Озерное,Озерное а.
594655300,NK RK 11-2025,settlement,2,с.Бауманское,Бауман а.
594655400,NK RK 11-2025,settlement,2,с.Каракамыс,Қарақамыс а.
594657000,NK RK 11-2025,sub_district,2,Первомайский с.о.,Первомай а.о.
594657100,NK RK 11-2025,settlement,2,с.Буденное,Буденное а.
594657200,NK RK 11-2025,settlement,2,с.Калиновка,Калиновка а.
594657300,NK RK 11-2025,settlement,2,с.Кабань,Қабан а.
594657400,NK RK 11-2025,settlement,2,с.Чапаевка,Чапаевка а.
594661000,NK RK 11-2025,sub_district,2,Пресноредутский с.о.,Пресноредуть а.о.
594661100,NK RK 11-2025,settlement,2,с.Пресноредуть,Пресноредуть а.
594661200,NK RK 11-2025,settlement,2,с. Нурымбет,Нұрымбет а.
594661300,NK RK 11-2025,settlement,2,с.Макарьевка,Макарьевка а.
594663000,NK RK 11-2025,sub_district,2,Троицкий с.о.,Троицк а.о.
594663100,NK RK 11-2025,settlement,2,с.Троицкое,Троицкое а.
595000000,NK RK 11-2025,district,2,Кызылжарский район,Қызылжар ауданы
595030000,NK RK 11-2025,sub_district,2,Бескольский с.о.,Бескөл а.о.
595030100,NK RK 11-2025,settlement,2,с.Бесколь,Бескөл а.
595033000,NK RK 11-2025,sub_district,2,Архангельский с.о.,Архангель а.о.
595033100,NK RK 11-2025,settlement,2,с.Архангельское,Архангельское а.
595033200,NK RK 11-2025,settlement,2,с.Новокаменка,Новокаменка а.
595035000,NK RK 11-2025,sub_district,2,Асановский с.о.,Асанов а.о.
595035100,NK RK 11-2025,settlement,2,с.Асаново,Асанов а.
595035300,NK RK 11-2025,settlement,2,с.Михайловка,Михайловка а.
595035400,NK RK 11-2025,settlement,2,с.Малое Белое,Малое Белое а.
595035500,NK RK 11-2025,settlement,2,с.Плоское,Плоское а.
595035600,NK RK 11-2025,settlement,2,с.Толмачевка,Толмачевка а.
595037000,NK RK 11-2025,sub_district,2,Березовский с.о.,Березов а.о.
595037100,NK RK 11-2025,settlement,2,с.Большая Малышка,Большая Малышка а.
595037200,NK RK 11-2025,settlement,2,с.Барневка,Барневка а.
595037400,NK RK 11-2025,settlement,2,с.Гончаровка,Гончаровка а.
595037600,NK RK 11-2025,settlement,2,с.Ташкентка,Ташкент а.
595037700,NK RK 11-2025,settlement,2,с.Долматово,Долматово а.
595041000,NK RK 11-2025,sub_district,2,Бугровский с.о.,Бугров а.о.
595041100,NK RK 11-2025,settlement,2,с.Бугровое,Бугровое а.
595041500,NK RK 11-2025,settlement,2,с.Новогеоргиевка,Новогеоргиевка а.
595041600,NK RK 11-2025,settlement,2,с.Сосновка,Сосновка а.
595043000,NK RK 11-2025,sub_district,2,Вагулинский с.о.,Вагулин а.о.
595043100,NK RK 11-2025,settlement,2,с.Вагулино,Вагулино а.
595043300,NK RK 11-2025,settlement,2,с.Желяково,Желяково а.
595043400,NK RK 11-2025,settlement,2,с.Красноярка,Красноярка а.
595043500,NK RK 11-2025,settlement,2,с.Кустовое,Кустовое а.
595043600,NK RK 11-2025,settlement,2,с.Красный Яр,Красный Яр а.
595045000,NK RK 11-2025,sub_district,2,Виноградовский с.о.,Виноградов а.о.
595045100,NK RK 11-2025,settlement,2,с.Виноградовка,Виноградовка а.
595045400,NK RK 11-2025,settlement,2,с.Сумное,Сумное а.
595049000,NK RK 11-2025,sub_district,2,Куйбышевский с.о.,Куйбышев а.о.
595049100,NK RK 11-2025,settlement,2,с.Боголюбово,Боголюбово а.
595049200,NK RK 11-2025,settlement,2,с.Вознесенка,Вознесенка а.
595049300,NK RK 11-2025,settlement,2,с.Надежка,Надежка а.
595050000,NK RK 11-2025,sub_district,2,Кызылжарский с.о.,Қызылжар а.о.
595050100,NK RK 11-2025,settlement,2,с.Байтерек,Бәйтерек а.
595050300,NK RK 11-2025,settlement,2,с.Карлуга,Қарлыға а.
595050400,NK RK 11-2025,settlement,2,с.Приишимка,Приишимка а.
595050500,NK RK 11-2025,settlement,2,с.Подгорное,Подгорное а.
595050600,NK RK 11-2025,settlement,2,с.Трудовая Нива,Трудовая Нива а.
595050800,NK RK 11-2025,settlement,2,с.Чапаево,Чапаево а.
595051000,NK RK 11-2025,sub_district,2,Лесной с.о.,Лесной а.о.
595051100,NK RK 11-2025,settlement,2,с.Пресновка,Пресновка а.
595051200,NK RK 11-2025,settlement,2,с.Глубокое,Глубокое а.
595053000,NK RK 11-2025,sub_district,2,Налобинский с.о.,Налобин а.о.
595053100,NK RK 11-2025,settlement,2,с.Налобино,Налобино а.
595053200,NK RK 11-2025,settlement,2,с.Дубровное,Дубровное а.
595053400,NK RK 11-2025,settlement,2,с.Николаевка,Николаевка а.
595053500,NK RK 11-2025,settlement,2,с.Гайдуково,Гайдуково а.
595055000,NK RK 11-2025,sub_district,2,Новоникольский с.о.,Новоникольский а.о.
595055100,NK RK 11-2025,settlement,2,с.Новоникольское,Новоникольское а.
595055200,NK RK 11-2025,settlement,2,с.Новоалександровка,Новоалександровка а.
595055300,NK RK 11-2025,settlement,2,с.Трудовое,Трудовое а.
595057000,NK RK 11-2025,sub_district,2,Петерфельдский с.о.,Петерфельд а.о.
595057100,NK RK 11-2025,settlement,2,с.Петерфельд,Петерфельд а.
595057200,NK RK 11-2025,settlement,2,с.Боровское,Боровское а.
595057300,NK RK 11-2025,settlement,2,с.Затон,Затон а.
595057400,NK RK 11-2025,settlement,2,с.Измайловка,Измайловка а.
595057500,NK RK 11-2025,settlement,2,с.Кондратовка,Кондратовка а.
595057600,NK RK 11-2025,settlement,2,с.Кривоозерка,Кривоозерка а.
595057700,NK RK 11-2025,settlement,2,Ост.пункт 2603 км,Аялдау стансасы 2603 км
595059000,NK RK 11-2025,sub_district,2,Прибрежный с.о.,Прибрежный а.о.
595059100,NK RK 11-2025,settlement,2,с.Прибрежное,Прибрежное а.
595059200,NK RK 11-2025,settlement,2,с.Тепличное,Тепличное а.
595059300,NK RK 11-2025,settlement,2,с.Шаховское,Шаховское а.
595063000,NK RK 11-2025,sub_district,2,Рассветский с.о.,Рассвет а.о.
595063100,NK RK 11-2025,settlement,2,с.Рассвет,Рассвет а.
595063200,NK RK 11-2025,settlement,2,с.Водопроводное,Водопроводное а.
595063300,NK RK 11-2025,settlement,2,с.Красная Горка,Красная Горка а.
595063400,NK RK 11-2025,settlement,2,с.Семипалатное,Семипалатное а.
595064000,NK RK 11-2025,sub_district,2,Рощинский с.о.,Роща а.о.
595064100,NK RK 11-2025,settlement,2,с.Пеньково,Пеньково а.
595064300,NK RK 11-2025,settlement,2,с.Белое,Белое а.
595064400,NK RK 11-2025,settlement,2,с.Березовка,Березовка а.
595065000,NK RK 11-2025,sub_district,2,Светлопольский с.о.,Светлополь а.о.
595065100,NK RK 11-2025,settlement,2,с.Знаменское,Знаменское а.
595065200,NK RK 11-2025,settlement,2,с.Байсал,Байсал а.
595065400,NK RK 11-2025,settlement,2,с.Метлишино,Метлишино а.
595065500,NK RK 11-2025,settlement,2,с.Новоникольское,Новоникольское а.
595067000,NK RK 11-2025,sub_district,2,Соколовский с.о.,Соколов а.о.
595067100,NK RK 11-2025,settlement,2,с.Соколовка,Соколовка а.
595069000,NK RK 11-2025,sub_district,2,Якорский с.о.,Якорь а.о.
595069100,NK RK 11-2025,settlement,2,с.Якорь,Якорь а.
595069200,NK RK 11-2025,settlement,2,с.Вишневка,Вишневка а.
595069300,NK RK 11-2025,settlement,2,с.Вознесенка,Вознесенка а.
595069400,NK RK 11-2025,settlement,2,с.Ольшанка,Ольшанка а.
595200000,NK RK 11-2025,district,4,Мамлютский район,Мамлют ауданы
595220000,NK RK 11-2025,sub_district,1,Мамлютская г.а.,Мамлют қ.ә.
595220100,NK RK 11-2025,settlement,1,г.Мамлютка,Мамлют қ.
595231000,NK RK 11-2025,sub_district,2,Андреевский с.о.,Андреев а.о.
595231100,NK RK 11-2025,settlement,2,с.Андреевка,Андреевка а.
595231200,NK RK 11-2025,settlement,2,с.Бостандык,Бостандық а.
595231300,NK RK 11-2025,settlement,2,с.Владимировка,Владимировка а.
595233000,NK RK 11-2025,sub_district,2,Беловский с.о.,Белое а.о.
595233100,NK RK 11-2025,settlement,2,с.Белое,Белое а.
595233200,NK RK 11-2025,settlement,2,с.Коваль,Коваль а.
595233600,NK RK 11-2025,settlement,2,с.Чистое,Чистое а.
595233700,NK RK 11-2025,settlement,2,с.Щучье,Шучье а.
595235000,NK RK 11-2025,sub_district,2,Воскресеновский с.о.,Воскресеновка а.о.
595235100,NK RK 11-2025,settlement,2,с.Воскресеновка,Воскресеновка а.
595235200,NK RK 11-2025,settlement,2,с.Искра,Искра а.
595235400,NK RK 11-2025,settlement,2,с.Становое,Становое а.
595237000,NK RK 11-2025,sub_district,2,Дубровинский с.о.,Дубровка а.о.
595237100,NK RK 11-2025,settlement,2,с.Дубровное,Дубровное а.
595237200,NK RK 11-2025,settlement,2,с.Михайловка,Михайловка а.
595237300,NK RK 11-2025,settlement,2,с.Новодубровное,Новодубровное а.
595237400,NK RK 11-2025,settlement,2,с.Пчелино,Пчелино а.
595239000,NK RK 11-2025,sub_district,2,Краснозаменный с.о.,Краснознамен а.о.
595239100,NK RK 11-2025,settlement,2,с.Краснознаменное,Краснознаменное а.
595239200,NK RK 11-2025,settlement,2,с.Беловка,Беловка а.
595239300,NK RK 11-2025,settlement,2,с.Калугино,Калугино а.
595241000,NK RK 11-2025,sub_district,2,Кызыласкерский с.о.,Қызыләскер а.о.
595241100,NK RK 11-2025,settlement,2,с.Кызыласкер,Қызыләскер а.
595241300,NK RK 11-2025,settlement,2,с.Раздольное,Раздольное а.
595241400,NK RK 11-2025,settlement,2,с.Степное,Степное а.
595243000,NK RK 11-2025,sub_district,2,Леденевский с.о.,Леденев а.о.
595243100,NK RK 11-2025,settlement,2,с.Леденево,Леденево а.
595243200,NK RK 11-2025,settlement,2,с.Новоандреевка,Новоандреевка а.
595245000,NK RK 11-2025,sub_district,2,с.о.Бике,Бике а.о.
595245100,NK RK 11-2025,settlement,2,с.Бике,Бике а.
595245200,NK RK 11-2025,settlement,2,с.Дачное,Дачное а.
595245300,NK RK 11-2025,settlement,2,с.Октябрь,Октябрь а.
595247000,NK RK 11-2025,sub_district,2,Новомихайловский с.о.,Новомихайловка а.о.
595247100,NK RK 11-2025,settlement,2,с.Новомихайловка,Новомихайловка а.
595247200,NK RK 11-2025,settlement,2,с.Бексеит,Бексейіт а.
595247300,NK RK 11-2025,settlement,2,с.Минкесер,Меңкесер а.
595247500,NK RK 11-2025,settlement,2,с.Токаревка,Токаревка а.
595249000,NK RK 11-2025,sub_district,2,Пригородный с.о.,Пригородный а.о.
595249100,NK RK 11-2025,settlement,2,с.Покровка,Покровка а.
595251000,NK RK 11-2025,sub_district,2,Становский с.о.,Станов а.о.
595251100,NK RK 11-2025,settlement,2,с.Афонькино,Афонькино а.
595251500,NK RK 11-2025,settlement,2,с.Орел,Орел а.
595600000,NK RK 11-2025,district,4,Район Шал акына,Шал ақын ауданы
595620000,NK RK 11-2025,sub_district,1,Сергеевская г.а.,Сергеев қ.ә.
595620100,NK RK 11-2025,settlement,1,г.Сергеевка,Сергеев қ.
595633000,NK RK 11-2025,sub_district,2,Афанасьевский с.о.,Афанасьев а.о.
595633100,NK RK 11-2025,settlement,2,с.Афанасьевка,Афанасьевка а.
595633200,NK RK 11-2025,settlement,2,с.Двойники,Двойники а.
595633400,NK RK 11-2025,settlement,2,с.Рясинка,Рясинка а.
595633500,NK RK 11-2025,settlement,2,с.Садовка,Садовка а.
595635000,NK RK 11-2025,sub_district,2,Аютасский с.о.,Аютас а.о.
595635100,NK RK 11-2025,settlement,2,с.Каратал,Қаратал а.
595635200,NK RK 11-2025,settlement,2,с.Аканбарак,Ақанбарақ а.
595635300,NK RK 11-2025,settlement,2,с.Коктерек,Көктерек а.
595635500,NK RK 11-2025,settlement,2,с.Ыскака Ыбыраева,Ысқақ Ыбыраев а.
595637000,NK RK 11-2025,sub_district,2,Городецкий с.о.,Городецкий а.о.
595637100,NK RK 11-2025,settlement,2,с.Городецкое,Городецкое а.
595637200,NK RK 11-2025,settlement,2,с.Баганаты,Бағанаты а.
595637300,NK RK 11-2025,settlement,2,с.Коноваловка,Коноваловка а.
595637400,NK RK 11-2025,settlement,2,с.Жалтыр,Жалтыр а.
595637600,NK RK 11-2025,settlement,2,с. Мерген,Мерген а.
595638000,NK RK 11-2025,sub_district,2,Жанажолский с.о.,Жаңажол  а.о.
595638100,NK RK 11-2025,settlement,2,с.Жанажол,Жаңажол а.
595638300,NK RK 11-2025,settlement,2,с.Жанаталап,Жаңаталап а.
595638500,NK RK 11-2025,settlement,2,с.Кенес,Кеңес а.
595639000,NK RK 11-2025,sub_district,2,с.о.Арай,Арай а.о.
595639100,NK RK 11-2025,settlement,2,с.Арай,Арай а.
595639200,NK RK 11-2025,settlement,2,с.Алкаагаш,Алқаағаш а.
595639300,NK RK 11-2025,settlement,2,с.Ровное,Ровное а.
595639400,NK RK 11-2025,settlement,2,с.Социал,Социал а.
595643000,NK RK 11-2025,sub_district,2,Новопокровский с.о.,Новопокровка а.о.
595643100,NK RK 11-2025,settlement,2,с.Новопокровка,Новопокровка а.
595643200,NK RK 11-2025,settlement,2,с.Аксу,Ақсу а.
595643300,NK RK 11-2025,settlement,2,с.Белоглинка,Белоглинка а.
595643400,NK RK 11-2025,settlement,2,с.Енбек,Еңбек а.
595643500,NK RK 11-2025,settlement,2,с.Жанасу,Жаңасу а.
595647000,NK RK 11-2025,sub_district,2,Приишимский с.о.,Приишим а.о.
595647100,NK RK 11-2025,settlement,2,с.Повозочное,Повозочное а.
595647200,NK RK 11-2025,settlement,2,с.Бирлик,Бірлік а.
595647400,NK RK 11-2025,settlement,2,с.Меней,Меней а.
595647500,NK RK 11-2025,settlement,2,с.Ортаколь,Ортакөл а.
595649000,NK RK 11-2025,sub_district,2,Семипольский с.о.,Семиполь а.о.
595649100,NK RK 11-2025,settlement,2,с.Семиполка,Семиполка а.
595649200,NK RK 11-2025,settlement,2,с.Балуан,Балуан а.
595649300,NK RK 11-2025,settlement,2,с.Астаган,Астаған а.
595649500,NK RK 11-2025,settlement,2,с.Ступинка,Ступинка а.
595653000,NK RK 11-2025,sub_district,2,Сухорабовский с.о.,Сухорабов а.о.
595653100,NK RK 11-2025,settlement,2,с.Сухорабовка,Сухорабовка с
595653300,NK RK 11-2025,settlement,2,с.Ольгинка,Ольгинка с
595655000,NK RK 11-2025,sub_district,2,Юбилейный с.о.,Юбилейный а.о.
595655100,NK RK 11-2025,settlement,2,с.Крещенка,Крещенка а.
595655200,NK RK 11-2025,settlement,2,с.Белоградовка,Белоградовка а.
595655300,NK RK 11-2025,settlement,2,с.Куприяновка,Куприяновка а.
595655800,NK RK 11-2025,settlement,2,с. Узынжар,Ұзынжар а.
595800000,NK RK 11-2025,district,2,Аккайынский район,Аққайың ауданы
595830000,NK RK 11-2025,sub_district,2,Смирновский с.о.,Смирнов а.о.
595830100,NK RK 11-2025,settlement,2,с.Смирново,Смирново а.
595833000,NK RK 11-2025,sub_district,2,Аралагашский с.о.,Аралағаш а.о.
595833100,NK RK 11-2025,settlement,2,с.Аралагаш,Аралағаш а.
595833200,NK RK 11-2025,settlement,2,с.Амангельды,Амангелді а.
595833300,NK RK 11-2025,settlement,2,с.Рублевка,Рублевка а.
595835000,NK RK 11-2025,sub_district,2,Астраханский с.о.,Астрахан а.о.
595835100,NK RK 11-2025,settlement,2,с.Астраханка,Астраханка а.
595835200,NK RK 11-2025,settlement,2,с.Каратомар,Қаратомар а.
595837000,NK RK 11-2025,sub_district,2,Власовский с.о.,Власов а.о.
595837100,NK RK 11-2025,settlement,2,с.Власовка,Власовка а.
595837200,NK RK 11-2025,settlement,2,с.Безлесное,Безлесное а.
595839000,NK RK 11-2025,sub_district,2,Григорьевский с.о.,Григорьев а.о.
595839100,NK RK 11-2025,settlement,2,с.Трудовое,Трудовое а.
595839200,NK RK 11-2025,settlement,2,с.Григорьевка,Григорьевка а.
595839300,NK RK 11-2025,settlement,2,с.Коктерек,Көктерек а.
595839400,NK RK 11-2025,settlement,2,с.Кенжегалы,Қанжығалы а.
595843000,NK RK 11-2025,sub_district,2,Ивановский с.о.,Иванов а.о.
595843100,NK RK 11-2025,settlement,2,с.Ивановка,Ивановка а.
595845000,NK RK 11-2025,sub_district,2,Киялинский с.о.,Қиялы а.о.
595845100,NK RK 11-2025,settlement,2,с.Киялы,Қиялы а.
595845200,NK RK 11-2025,settlement,2,с.Барыколь,Барыкөл а.
595845500,NK RK 11-2025,settlement,2,с.Кучковка,Кучковка а.
595847000,NK RK 11-2025,sub_district,2,Лесной с.о.,Лесной а.о.
595847100,NK RK 11-2025,settlement,2,с.Ленинское,Ленинское а.
595847200,NK RK 11-2025,settlement,2,с.Дайындык,Дайындық а.
595849000,NK RK 11-2025,sub_district,2,Полтавский с.о.,Полтава а.о.
595849100,NK RK 11-2025,settlement,2,с.Полтавка,Полтавка а.
595849200,NK RK 11-2025,settlement,2,с.Борки,Бөркі а.
595857000,NK RK 11-2025,sub_district,2,Токушинский с.о.,Тоқушы а.о.
595857100,NK RK 11-2025,settlement,2,с.Токуши,Тоқушы а.
595857200,NK RK 11-2025,settlement,2,с.Камышлово,Камышлово а.
595857500,NK RK 11-2025,settlement,2,с.Тюменка,Тюменка а.
595858000,NK RK 11-2025,sub_district,2,с.о.Шагалалы,Шағалалы а.о.
595858100,NK RK 11-2025,settlement,2,с.Шагалалы,Шағалалы а.
595858400,NK RK 11-2025,settlement,2,с.Степное,Степное а.
595858600,NK RK 11-2025,settlement,2,с.Южное,Южное а.
595859000,NK RK 11-2025,sub_district,2,Черкасский с.о.,Черкасск а.о.
595859100,NK RK 11-2025,settlement,2,с.Черкасское,Черкасское а.
595859200,NK RK 11-2025,settlement,2,с.Добровольское,Добровольское а.
595859300,NK RK 11-2025,settlement,2,с.Новороссийское,Новороссийское а.
596000000,NK RK 11-2025,district,4,Тайыншинский район,Тайынша ауданы
596020000,NK RK 11-2025,sub_district,1,Тайыншинская г.а.,Тайынша қ.ә.
596020100,NK RK 11-2025,settlement,1,г.Тайынша,Тайынша қ.
596033000,NK RK 11-2025,sub_district,2,Абайский с.о.,Абай а.о.
596033100,NK RK 11-2025,settlement,2,с.Карагаш,Қарағаш а.
596033200,NK RK 11-2025,settlement,2,с.Калиновка,Калиновка а.
596033300,NK RK 11-2025,settlement,2,с.Константиновка,Константиновка а.
596033700,NK RK 11-2025,settlement,2,с.Тапшил,Тапшыл а.
596035000,NK RK 11-2025,sub_district,2,Алаботинский с.о.,Алабота а.о.
596035100,NK RK 11-2025,settlement,2,с.Аккудук,Аққұдық а.
596035400,NK RK 11-2025,settlement,2,с.Золоторунное,Золоторунное а.
596035600,NK RK 11-2025,settlement,2,с.Талдыколь,Талдыкөл а.
596035700,NK RK 11-2025,settlement,2,с.Целинное,Целинное а.
596036000,NK RK 11-2025,sub_district,2,Амандыкский с.о.,Амандық а.о.
596036100,NK RK 11-2025,settlement,2,с.Амандык,Амандық а.
596036400,NK RK 11-2025,settlement,2,с.Жанадаур,Жаңадәуір а.
596036500,NK RK 11-2025,settlement,2,с.Ильичевка,Ильичевка а.
596036600,NK RK 11-2025,settlement,2,с.Аймак,Аймақ а.
596037000,NK RK 11-2025,sub_district,2,Большеизюмовский с.о.,Большой Изюм а.о.
596037100,NK RK 11-2025,settlement,2,с.Большой Изюм,Большой Изюм а.
596037500,NK RK 11-2025,settlement,2,с.Новоприречное,Новоприречное а.
596037600,NK RK 11-2025,settlement,2,с.Октябрьское,Октябрьское а.
596037800,NK RK 11-2025,settlement,2,с.Северное,Северное а.
596039000,NK RK 11-2025,sub_district,2,Донецкий с.о.,Донецк а.о.
596039100,NK RK 11-2025,settlement,2,с.Донецкое,Донецкое а.
596039200,NK RK 11-2025,settlement,2,с.Белоярка,Белоярка а.
596039300,NK RK 11-2025,settlement,2,с.Краснокиевка,Краснокиевка а.
596039400,NK RK 11-2025,settlement,2,с.Озерное,Озерное а.
596039500,NK RK 11-2025,settlement,2,с.Подольское,Подольское а.
596041000,NK RK 11-2025,sub_district,2,Драгомировский с.о.,Драгомиров а.о.
596041100,NK RK 11-2025,settlement,2,с.Драгомировка,Драгомировка а.
596041200,NK RK 11-2025,settlement,2,с.Иван-город,Иван-город а.
596041300,NK RK 11-2025,settlement,2,с.Любимовка,Любимовка а.
596041400,NK RK 11-2025,settlement,2,с.Обуховка,Обуховка а.
596053000,NK RK 11-2025,sub_district,2,Зеленогайский с.о.,Зеленый Гай а.о.
596053100,NK RK 11-2025,settlement,2,с.Зеленый Гай,Зеленый Гай а.
596053300,NK RK 11-2025,settlement,2,с.Новогречановка,Новогречановка а.
596055000,NK RK 11-2025,sub_district,2,Келлеровский с.о.,Келлер а.о.
596055100,NK RK 11-2025,settlement,2,с.Келлеровка,Келлеровка а.
596055200,NK RK 11-2025,settlement,2,с.Богатыровка,Богатыровка а.
596055400,NK RK 11-2025,settlement,2,с.Кременчуг,Кременчуг а.
596056000,NK RK 11-2025,sub_district,2,Краснополянский с.о.,Красная Поляна а.о.
596056100,NK RK 11-2025,settlement,2,с.Красная Поляна,Красная Поляна а.
596056300,NK RK 11-2025,settlement,2,с.Доброжановка,Доброжановка а.
596056400,NK RK 11-2025,settlement,2,с.Краснодольск,Краснодольск а.
596056500,NK RK 11-2025,settlement,2,с.Озерное,Озерное а.
596056700,NK RK 11-2025,settlement,2,с.Степное,Степное а.
596056800,NK RK 11-2025,settlement,2,с.Черниговка,Черниговка а.
596056900,NK RK 11-2025,settlement,2,с.Южное,Южное а.
596059000,NK RK 11-2025,sub_district,2,Кировский с.о.,Киров а.о.
596059100,NK RK 11-2025,settlement,2,с.Кирово,Кирово а.
596059200,NK RK 11-2025,settlement,2,с.Агроном,Агроном а.
596059400,NK RK 11-2025,settlement,2,с.Ильич,Ильич а.
596063000,NK RK 11-2025,sub_district,2,Летовочный с.о.,Летовочный а.о.
596063100,NK RK 11-2025,settlement,2,с.Летовочное,Летовочное а.
596063400,NK RK 11-2025,settlement,2,с.Горькое,Горькое а.
596063500,NK RK 11-2025,settlement,2,с.Краснокаменка,Краснокаменка а.
596063600,NK RK 11-2025,settlement,2,с.Мадениет,Мәдениет а.
596063700,NK RK 11-2025,settlement,2,с.Подлесное,Подлесное а.
596063800,NK RK 11-2025,settlement,2,с.Талап,Талап а.
596064000,NK RK 11-2025,sub_district,2,Мироновский с.о.,Мироновка а.о.
596064100,NK RK 11-2025,settlement,2,с.Мироновка,Мироновка а.
596064300,NK RK 11-2025,settlement,2,с.Виноградовка,Виноградовка а.
596064400,NK RK 11-2025,settlement,2,с.Заречное,Заречное а.
596064600,NK RK 11-2025,settlement,2,с.Надеждинка,Надеждинка а.
596066000,NK RK 11-2025,sub_district,2,Рощинский с.о.,Рощинское а.о.
596066100,NK RK 11-2025,settlement,2,с.Рощинское,Рощинское а.
596066200,NK RK 11-2025,settlement,2,с.Димитровка,Димитровка а.
596066400,NK RK 11-2025,settlement,2,с.Краматоровка,Краматоровка а.
596066500,NK RK 11-2025,settlement,2,с.Макашевка,Макашевка а.
596066600,NK RK 11-2025,settlement,2,с.Октябрьское,Октябрьское а.
596066800,NK RK 11-2025,settlement,2,с.Сарыбай,Сарыбай а.
596067000,NK RK 11-2025,sub_district,2,Тендыкский с.о.,Теңдік а.о.
596067100,NK RK 11-2025,settlement,2,с.Тендык,Теңдік а.
596067600,NK RK 11-2025,settlement,2,с.Кантемировское,Кантемировское а.
596067700,NK RK 11-2025,settlement,2,с.Котовское,Котовское а.
596068000,NK RK 11-2025,sub_district,2,Тихоокеанский с.о.,Тихоокеанское а.о.
596068100,NK RK 11-2025,settlement,2,с.Тихоокеанское,Тихоокеанское а.
596068300,NK RK 11-2025,settlement,2,с.Алабота,Алабота а.
596068700,NK RK 11-2025,settlement,2,с.Шункырколь,Шұңқыркөл а.
596069000,NK RK 11-2025,sub_district,2,Чермошнянский с.о.,Чермошнян а.о.
596069100,NK RK 11-2025,settlement,2,с.Чермошнянка,Чермошнянка а.
596069200,NK RK 11-2025,settlement,2,с.Бахмут,Бахмут а.
596069400,NK RK 11-2025,settlement,2,с.Леонидовка,Леонидовка а.
596069480,NK RK 11-2025,settlement,2,с.Нагорное,Нагорное а.
596069580,NK RK 11-2025,settlement,2,с.Многоцветное,Многоцветное а.
596069680,NK RK 11-2025,settlement,2,с.Новоивановка,Новоивановка а.
596073000,NK RK 11-2025,sub_district,2,Чкаловский с.о.,Чкалов а.о.
596073100,NK RK 11-2025,settlement,2,с.Чкалово,Чкалово а.
596073600,NK RK 11-2025,settlement,2,с.Новоберезовка,Новоберезовка а.
596073700,NK RK 11-2025,settlement,2,с.Петровка,Петровка а.
596075000,NK RK 11-2025,sub_district,2,Яснополянский с.о.,Ясная Поляна а.о.
596075100,NK RK 11-2025,settlement,2,с.Ясная Поляна,Ясная Поляна а.
596075200,NK RK 11-2025,settlement,2,с.Вишневка,Вишневка а.
596075300,NK RK 11-2025,settlement,2,с.Дашко-Николаевка,Дашко-Николаевка а.
596075400,NK RK 11-2025,settlement,2,с.Новодворовка,Новодворовка а.
596200000,NK RK 11-2025,district,2,Тимирязевский район,Тимирязев ауданы
596230000,NK RK 11-2025,sub_district,2,Тимирязевский с.о.,Тимирязев а.о.
596230100,NK RK 11-2025,settlement,2,с.Тимирязево,Тимирязево а.
596230200,NK RK 11-2025,settlement,2,с.Рассвет,Рассвет а.
596233000,NK RK 11-2025,sub_district,2,Аксуатский с.о.,Ақсуат а.о.
596233100,NK RK 11-2025,settlement,2,с.Аксуат,Ақсуат а.
596233200,NK RK 11-2025,settlement,2,с.Есиль,Есіл а.
596234000,NK RK 11-2025,sub_district,2,Белоградовский с.о.,Белоградовка  а.о.
596234100,NK RK 11-2025,settlement,2,с.Белоградовка,Белоградовка а.
596235000,NK RK 11-2025,sub_district,2,Дзержинский с.о.,Дзержинский а.о.
596235100,NK RK 11-2025,settlement,2,с.Дзержинское,Дзержинское а.
596237000,NK RK 11-2025,sub_district,2,Дмитриевский с.о.,Дмитриев а.о.
596237100,NK RK 11-2025,settlement,2,с.Дмитриевка,Дмитриевка а.
596237200,NK RK 11-2025,settlement,2,с.Жаркен,Жаркен а.
596237300,NK RK 11-2025,settlement,2,с.Интымак,Ынтымақ а.
596239000,NK RK 11-2025,sub_district,2,Докучаевский с.о.,Докучаевка а.о.
596239100,NK RK 11-2025,settlement,2,с.Докучаево,Докучаево а.
596244000,NK RK 11-2025,sub_district,2,Интернациональный с.о.,Интернационал  а.о.
596244100,NK RK 11-2025,settlement,2,с.Дружба,Дружба а.
596245000,NK RK 11-2025,sub_district,2,Комсомольский с.о.,Комсомол а.о.
596245100,NK RK 11-2025,settlement,2,с.Комсомольское,Комсомольское а.
596249000,NK RK 11-2025,sub_district,2,Мичуринский с.о.,Мичурин а.о.
596249100,NK RK 11-2025,settlement,2,с.Мичурино,Мичурино а.
596249200,NK RK 11-2025,settlement,2,с.Ленинское,Ленинское а.
596251000,NK RK 11-2025,sub_district,2,Москворецкий с.о.,Москворецкий а.о.
596251100,NK RK 11-2025,settlement,2,с.Москворецкое,Москворецкое а.
596253000,NK RK 11-2025,sub_district,2,Акжанский с.о.,Ақжан а.о.
596253100,NK RK 11-2025,settlement,2,с.Акжан,Ақжан а.
596255000,NK RK 11-2025,sub_district,2,Куртайский с.о.,Құртай а.о.
596255100,NK RK 11-2025,settlement,2,с.Степное,Степное а.
596255300,NK RK 11-2025,settlement,2,с.Ракитное,Ракитное а.
596259000,NK RK 11-2025,sub_district,2,Хмельницкий с.о.,Хмельницкий а.о.
596259100,NK RK 11-2025,settlement,2,с.Хмельницкое,Хмельницкое а.
596259200,NK RK 11-2025,settlement,2,с.Целинное,Целинное а.
596400000,NK RK 11-2025,district,2,Уалихановский район,Уәлиханов ауданы
596430000,NK RK 11-2025,sub_district,2,Кишкенекольский с.о.,Кішкенекөл а.о.
596430100,NK RK 11-2025,settlement,2,с.Кишкенеколь,Кішкенекөл а.
596433000,NK RK 11-2025,sub_district,2,Актуесайский с.о.,Ақтүесай а.о.
596433100,NK RK 11-2025,settlement,2,с.Актуесай,Ақтүесай а.
596433200,NK RK 11-2025,settlement,2,с.Кузексай,Күзексай а.
596433300,NK RK 11-2025,settlement,2,с. Кондыбай,Қондыбай а.
596434000,NK RK 11-2025,sub_district,2,Амангельдинский с.о.,Амангелді а.о.
596434100,NK RK 11-2025,settlement,2,с.Амангельды,Амангелді а.
596434500,NK RK 11-2025,settlement,2,с.Тлеусай,Тілеусай а.
596435000,NK RK 11-2025,sub_district,2,Бидайыкский с.о.,Бидайық а.о.
596435100,NK RK 11-2025,settlement,2,с.Бидайык,Бидайық а.
596435200,NK RK 11-2025,settlement,2,с.Жамбыл,Жамбыл а.
596435400,NK RK 11-2025,settlement,2,с.Ондирис,Өндіріс а.
596437000,NK RK 11-2025,sub_district,2,Коктерекский с.о.,Көктерек а.о.
596437100,NK RK 11-2025,settlement,2,с.Мортык,Мортық а.
596437180,NK RK 11-2025,settlement,2,с.Коктерек,Көктерек а.
596441000,NK RK 11-2025,sub_district,2,Кайратский с.о.,Қайрат а.о.
596441100,NK RK 11-2025,settlement,2,с.Кайрат,Қайрат а.
596441500,NK RK 11-2025,settlement,2,с.Жаскайрат,Жасқайрат а.
596443000,NK RK 11-2025,sub_district,2,Карасуский с.о.,Қарасу а.о.
596443100,NK RK 11-2025,settlement,2,с.Аккудык,Аққұдық а.
596443580,NK RK 11-2025,settlement,2,с.Золотая Нива,Золотая Нива а.
596445000,NK RK 11-2025,sub_district,2,Каратерекский с.о.,Қаратерек а.о.
596445100,NK RK 11-2025,settlement,2,с.Каратерек,Қаратерек а.
596446000,NK RK 11-2025,sub_district,2,Кулыкольский с.о.,Құлыкөл а.о.
596446100,NK RK 11-2025,settlement,2,с.Кулыколь,Құлыкөл а.
596446200,NK RK 11-2025,settlement,2,с.Береке,Береке а.
596446300,NK RK 11-2025,settlement,2,с.Каратал,Қаратал а.
596447000,NK RK 11-2025,sub_district,2,Тельжанский с.о.,Телжан а.о.
596447100,NK RK 11-2025,settlement,2,с.Тельжан,Телжан а.
596447200,NK RK 11-2025,settlement,2,с.Кобенсай,Көбенсай а.
596449000,NK RK 11-2025,sub_district,2,Акбулакский с.о.,Ақбұлақ а.о.
596449100,NK RK 11-2025,settlement,2,с.Акбулак,Ақбұлақ а.
596449200,NK RK 11-2025,settlement,2,с.Карашилик,Қарашілік а.
596449300,NK RK 11-2025,settlement,2,с.Жас Улан,Жас Ұлан а.
596600000,NK RK 11-2025,district,2,Район им.Габита Мусрепова,Ғабит Мүсірепов атын.ауданы
596630000,NK RK 11-2025,sub_district,2,Новоишимский с.о.,Новоишим а.о.
596630100,NK RK 11-2025,settlement,2,с.Новоишимское,Новоишим а.
596633000,NK RK 11-2025,sub_district,2,Андреевский с.о.,Андреев а.о.
596633100,NK RK 11-2025,settlement,2,с.Андреевка,Андреевка а.
596633400,NK RK 11-2025,settlement,2,с.Жанасу,Жаңасу а.
596633600,NK RK 11-2025,settlement,2,с.Раисовка,Раисовка а.
596635000,NK RK 11-2025,sub_district,2,Бирликский с.о.,Бірлік а.о.
596635100,NK RK 11-2025,settlement,2,с.Бирлик,Бірлік а.
596635300,NK RK 11-2025,settlement,2,с.Старобелка,Старобелка а.
596637000,NK RK 11-2025,sub_district,2,Возвышенский с.о.,Возвышен а.о.
596637100,NK RK 11-2025,settlement,2,с.Возвышенка,Возвышенка а.
596637200,NK RK 11-2025,settlement,2,с.Брилевка,Брилевка а.
596637300,NK RK 11-2025,settlement,2,с.Григорьевка,Григорьевка а.
596637400,NK RK 11-2025,settlement,2,с.Стерлитамак,Стерлитамак а.
596637500,NK RK 11-2025,settlement,2,с.Чернозубовка,Чернозубовка а.
596643000,NK RK 11-2025,sub_district,2,Дружбинский с.о.,Дружба а.о.
596643100,NK RK 11-2025,settlement,2,с.Дружба,Дружба а.
596643200,NK RK 11-2025,settlement,2,с.Володарское,Володарское а.
596643400,NK RK 11-2025,settlement,2,с.Жарколь,Жаркөл а.
596643500,NK RK 11-2025,settlement,2,с.Целинное,Целинное а.
596644000,NK RK 11-2025,sub_district,2,Кокалажарский с.о.,Көкалажар а.о.
596644100,NK RK 11-2025,settlement,2,с. Кокалажар,Көкалажар а.
596644500,NK RK 11-2025,settlement,2,с.Мадениет,Мәдениет а.
596644700,NK RK 11-2025,settlement,2,с.Сарыбулак,Сарыбұлақ а.
596645000,NK RK 11-2025,sub_district,2,Кырымбетский с.о.,Қырымбет а.о.
596645100,NK RK 11-2025,settlement,2,с.Кырымбет,Қырымбет а.
596645400,NK RK 11-2025,settlement,2,с.Сокологоровка,Сокологоровка а.
596647000,NK RK 11-2025,sub_district,2,Ломоносовский с.о.,Ломоносов а.о.
596647100,NK RK 11-2025,settlement,2,с.Ломоносовка,Ломоносовка а.
596647300,NK RK 11-2025,settlement,2,с.Ставрополка,Ставрополка а.
596647400,NK RK 11-2025,settlement,2,с.Степное,Степное а.
596647500,NK RK 11-2025,settlement,2,с.Урожайное,Урожайное а.
596649000,NK RK 11-2025,sub_district,2,Нежинский с.о.,Нежин а.о.
596649100,NK RK 11-2025,settlement,2,с.Нежинка,Нежинка а.
596649200,NK RK 11-2025,settlement,2,с.Буденное,Буденное а.
596649280,NK RK 11-2025,settlement,2,с.Ефимовка,Ефимовка а.
596649400,NK RK 11-2025,settlement,2,с.Токсан би,Тоқсан би а.
596649500,NK RK 11-2025,settlement,2,с.Куприяновка,Куприяновка а.
596653000,NK RK 11-2025,sub_district,2,Новосельский с.о.,Новоселовка а.о.
596653100,NK RK 11-2025,settlement,2,с.Новоселовка,Новоселовка а.
596653400,NK RK 11-2025,settlement,2,с.Мукур,Мұқыр а.
596653500,NK RK 11-2025,settlement,2,с.Привольное,Привольное а.
596657000,NK RK 11-2025,sub_district,2,Рузаевский с.о.,Рузаев а.о.
596657100,NK RK 11-2025,settlement,2,с.Рузаевка,Рузаевка а.
596657200,NK RK 11-2025,settlement,2,с.Березовка,Березовка а.
596657300,NK RK 11-2025,settlement,2,с.Золотоноша,Золотоноша а.
596657500,NK RK 11-2025,settlement,2,с.Сарыадыр,Сарыадыр а.
596657600,NK RK 11-2025,settlement,2,с.Сивковка,Сивковка а.
596657700,NK RK 11-2025,settlement,2,с.Чернобаевка,Чернобаевка а.
596658000,NK RK 11-2025,sub_district,2,Салкынкольский с.о.,Салқынкөл а.о.
596658100,NK RK 11-2025,settlement,2,с.Салкынколь,Салқынкөл а.
596658500,NK RK 11-2025,settlement,2,с.Токты,Тоқты а.
596659000,NK RK 11-2025,sub_district,2,Тахтабродский с.о.,Тахтаброд а.о.
596659100,NK RK 11-2025,settlement,2,с.Тахтаброд,Тахтаброд а.
596659200,NK RK 11-2025,settlement,2,с.Ковыльное,Ковыльное а.
596659300,NK RK 11-2025,settlement,2,с.Литвиновка,Литвиновка а.
596659400,NK RK 11-2025,settlement,2,с.Привольное,Привольное а.
596659500,NK RK 11-2025,settlement,2,с.Рухловка,Рухловка а.
596663000,NK RK 11-2025,sub_district,2,Червонный с.о.,Червонный а.о.
596663100,NK RK 11-2025,settlement,2,с.Червонное,Червонное а.
596663300,NK RK 11-2025,settlement,2,с.Пески,Пески а.
596665000,NK RK 11-2025,sub_district,2,Чистопольский с.о.,Чистополье а.о.
596665100,NK RK 11-2025,settlement,2,с.Чистополье,Чистополье а.
596665200,NK RK 11-2025,settlement,2,с.Дубровка,Дубровка а.
596665300,NK RK 11-2025,settlement,2,с.Князевка,Князевка а.
596665400,NK RK 11-2025,settlement,2,с.Гаршино,Гаршино а.
596665500,NK RK 11-2025,settlement,2,с.Симоновка,Симоновка а.
596665600,NK RK 11-2025,settlement,2,с.Ялты,Ялты а.
596667000,NK RK 11-2025,sub_district,2,Шоптыкольский с.о.,Шөптікөл а.о.
596667100,NK RK 11-2025,settlement,2,с.Шоптыколь,Шөптікөл а.
596667200,NK RK 11-2025,settlement,2,с.Большой Талсай,Үлкенталсай а.
596667300,NK RK 11-2025,settlement,2,с.Жарколь,Жаркөл а.
596667400,NK RK 11-2025,settlement,2,с.Конырсу,Қоңырсу а.
596667500,NK RK 11-2025,settlement,2,с.Разгульное,Разгульное а.
596669000,NK RK 11-2025,sub_district,2,Шукыркольский с.о.,Шұқыркөл а.о.
596669100,NK RK 11-2025,settlement,2,с.Шукырколь,Шұқыркөл а.
596669300,NK RK 11-2025,settlement,2,с.Карагаш,Қараағаш а.
596669500,NK RK 11-2025,settlement,2,с.15 лет Казахстана,15 жылдық Қазақстан а.
610000000,NK RK 11-2025,oblast,0,Туркестанская область,Түркістан облысы
611000000,NK RK 11-2025,district,1,Туркестан Г.А.,Түркістан Қ.Ә.
611010000,NK RK 11-2025,sub_district,1,г.Туркестан,Түркістан қ.
611600000,NK RK 11-2025,district,3,Арысь Г.А.,Арыс Қ.Ә.
611610000,NK RK 11-2025,sub_district,1,г.Арысь,Арыс қ.
611633000,NK RK 11-2025,sub_district,2,Акдалинский с.о.,Ақдала  а.о.
611633100,NK RK 11-2025,settlement,2,с.Акдала,Ақдала а.
611633300,NK RK 11-2025,settlement,2,с.Пакентай Арапов,Пәкентай Арапов а.
611635000,NK RK 11-2025,sub_district,2,с.о.Байыркумский,Байырқұм а.о.
611635100,NK RK 11-2025,settlement,2,с.Байыркум,Байырқұм а.
611635300,NK RK 11-2025,settlement,2,с.Жосалы,Жосалы а.
611635500,NK RK 11-2025,settlement,2,с.Кокжиде,Көкжиде а.
611637000,NK RK 11-2025,sub_district,2,Дармениский с.о.,Диірмене а.о.
611637100,NK RK 11-2025,settlement,2,с.Дермене,Дермене а.
611637200,NK RK 11-2025,settlement,2,с.Саналы,Саналы а.
611637300,NK RK 11-2025,settlement,2,с.Каражантак,Қаражантақ а.
611637400,NK RK 11-2025,settlement,2,с.Орманды,Орманды а.
611637500,NK RK 11-2025,settlement,2,с.40-разъезд,40-разъезд а.
611637700,NK RK 11-2025,settlement,2,с.Темиржолшы,Теміржолшы а.
611637800,NK RK 11-2025,settlement,2,с.Кызылкопир,Қызылкөпір а.
611639000,NK RK 11-2025,sub_district,2,с.о.Жидели,Жиделі а.о.
611639100,NK RK 11-2025,settlement,2,с.Жидели,Жиделі а.
611639200,NK RK 11-2025,settlement,2,с.Аккала,Аққала а.
611645000,NK RK 11-2025,sub_district,2,Монтайтасский с.о.,Монтайтас а.о.
611645100,NK RK 11-2025,settlement,2,с.Монтайтас,Монтайтас а.
611645200,NK RK 11-2025,settlement,2,с.Актас,Ақтас а.
611645300,NK RK 11-2025,settlement,2,с.Бакырша,Бақырша а.
611645400,NK RK 11-2025,settlement,2,с.Кабылсай,Қабылсай а.
611645500,NK RK 11-2025,settlement,2,с.Атамекен,Атамекен а.
611645600,NK RK 11-2025,settlement,2,с.42-разъезд,42-разъезд а.
611645700,NK RK 11-2025,settlement,2,с.Тогансай,Тоғансай а.
611645800,NK RK 11-2025,settlement,2,с.Шагыр,Шағыр а.
611647000,NK RK 11-2025,sub_district,2,с.о.Кожатогай,Қожатоғай а.о.
611647100,NK RK 11-2025,settlement,2,с.Кожатогай,Қожатоғай а.
611647200,NK RK 11-2025,settlement,2,с.Байтогай,Байтоғай а.
611647300,NK RK 11-2025,settlement,2,с.Булак,Бұлақ а.
611647400,NK RK 11-2025,settlement,2,с.Дарбаза,Дарбаза а.
611647700,NK RK 11-2025,settlement,2,с.Шогирли,Шөгірлі а.
612000000,NK RK 11-2025,district,3,Кентау Г.А.,Кентау Қ.Ә.
612010000,NK RK 11-2025,sub_district,1,г.Кентау,Кентау қ.
612033000,NK RK 11-2025,sub_district,2,с.а.Ачисай,Ащысай а.ә.
612033100,NK RK 11-2025,settlement,2,с.Ачисай,Ащысай а.
612035000,NK RK 11-2025,sub_district,2,с.а.Баялдыр,Байылдыр а.ә.
612035100,NK RK 11-2025,settlement,2,с.Баялдыр,Байылдыр а.
612037000,NK RK 11-2025,sub_district,2,с.а.Кантаги,Хантағы а.ә.
612037100,NK RK 11-2025,settlement,2,с.Кантаги,Хантағы а.
612039000,NK RK 11-2025,sub_district,2,Карнакский с.о.,Қарнақ а.о.
612039100,NK RK 11-2025,settlement,2,с.Карнак,Қарнақ а.
612039200,NK RK 11-2025,settlement,2,с.Бургем,Бүргем а.
612039300,NK RK 11-2025,settlement,2,с.Кушата,Күшата а.
613600000,NK RK 11-2025,district,2,район Байдибека,Бәйдібек ауданы
613630000,NK RK 11-2025,sub_district,2,Шаянский с.о.,Шаян а.о.
613630100,NK RK 11-2025,settlement,2,с.Шаян,Шаян а.
613633000,NK RK 11-2025,sub_district,2,Агыбетский с.о.,Ағыбет а.о.
613633100,NK RK 11-2025,settlement,2,с.Агыбет,Ағыбет а.
613633200,NK RK 11-2025,settlement,2,с.Алгабас,Алғабас а.
613633300,NK RK 11-2025,settlement,2,с.Жанаталап,Жаңаталап а.
613633400,NK RK 11-2025,settlement,2,с.Жулдыз,Жұлдыз а.
613635000,NK RK 11-2025,sub_district,2,Акбастауский с.о.,Ақбастау а.о.
613635100,NK RK 11-2025,settlement,2,с.Акбастау,Ақбастау а.
613635200,NK RK 11-2025,settlement,2,с.Жолгабас,Жолғабас а.
613635400,NK RK 11-2025,settlement,2,с.Кенес,Кеңес а.
613635700,NK RK 11-2025,settlement,2,с.Туракты,Тұрақты а.
613637000,NK RK 11-2025,sub_district,2,Алгабасский с.о.,Алғабас а.о.
613637100,NK RK 11-2025,settlement,2,с.Шакпак,Шақпақ а.
613637103,NK RK 11-2025,settlement,2,Чабанский жил.дом,Шопан үйі
613637200,NK RK 11-2025,settlement,2,с.Казата,Қазата а.
613637300,NK RK 11-2025,settlement,2,с.Танатар,Таңатар а.
613637303,NK RK 11-2025,settlement,2,Чабанский жил.дом,Шопан үйі
613637400,NK RK 11-2025,settlement,2,с.Усиктас,Үсіктас а.
613639000,NK RK 11-2025,sub_district,2,Алмалинский с.о.,Алмалы а.о.
613639100,NK RK 11-2025,settlement,2,с.Алмалы,Алмалы а.
613639180,NK RK 11-2025,settlement,2,с.Байжансай,Байжансай а.
613639200,NK RK 11-2025,settlement,2,с.Жарыкбас,Жарықбас а.
613639300,NK RK 11-2025,settlement,2,с.Байдибек,Бәйдібек а.
613645000,NK RK 11-2025,sub_district,2,Боралдайский с.о.,Боралдай а.о.
613645100,NK RK 11-2025,settlement,2,с.Боралдай,Боралдай а.
613645200,NK RK 11-2025,settlement,2,с.Амансай,Амансай а.
613645300,NK RK 11-2025,settlement,2,с.Жогаргы Боралдай,Жоғарғы Боралдай а.
613645303,NK RK 11-2025,settlement,2,Чабанский жил.дом,Шопан үйі
613645400,NK RK 11-2025,settlement,2,с.Жыланды,Жыланды а.
613645500,NK RK 11-2025,settlement,2,с.Акжар,Ақжар а.
613645580,NK RK 11-2025,settlement,2,с.Каратас,Қаратас а.
613645600,NK RK 11-2025,settlement,2,с.Сарыбулак,Сарыбұлақ а.
613645700,NK RK 11-2025,settlement,2,с.О.Тайманова,О.Тайманов а.
613645800,NK RK 11-2025,settlement,2,с.Талап,Талап а.
613645880,NK RK 11-2025,settlement,2,с.Теректи,Теректі а.
613645900,NK RK 11-2025,settlement,2,с.Туйетас,Түйетас а.
613647000,NK RK 11-2025,sub_district,2,Борлысайский с.о.,Борлысай а.о.
613647100,NK RK 11-2025,settlement,2,с.Актас,Ақтас а.
613647300,NK RK 11-2025,settlement,2,с.Кенсай,Кеңсай а.
613647400,NK RK 11-2025,settlement,2,с.Кошкарата,Қошқарата а.
613647600,NK RK 11-2025,settlement,2,с.Шукыршак,Шұқыршақ а.
613649000,NK RK 11-2025,sub_district,2,Бугунский с.о.,Бөген а.о.
613649100,NK RK 11-2025,settlement,2,с.Шалдар,Шалдар а.
613649103,NK RK 11-2025,settlement,2,Чабанский жил.дом,Шопан үйі
613649300,NK RK 11-2025,settlement,2,с.Екпинди,Екпінді а.
613649400,NK RK 11-2025,settlement,2,с.Жиенкум,Жиенқұм а.
613649500,NK RK 11-2025,settlement,2,с.Саркырама,Сарқырама а.
613649503,NK RK 11-2025,settlement,2,Чабанский жил.дом,Шопан үйі
613653000,NK RK 11-2025,sub_district,2,Жамбылский с.о.,Жамбыл а.о.
613653100,NK RK 11-2025,settlement,2,с.Жамбыл,Жамбыл а.
613653103,NK RK 11-2025,settlement,2,Чабанский жил.дом,Шопан үйі
613653200,NK RK 11-2025,settlement,2,с.Жузимдик,Жүзімдік а.
613653203,NK RK 11-2025,settlement,2,Чабанский жил.дом,Шопан үйі
613653300,NK RK 11-2025,settlement,2,с.Кызылжар,Қызылжар а.
613653303,NK RK 11-2025,settlement,2,Чабанский жил.дом,Шопан үйі
613653500,NK RK 11-2025,settlement,2,с.Таскудык,Тасқұдық а.
613653503,NK RK 11-2025,settlement,2,Чабанский жил.дом,Шопан үйі
613653600,NK RK 11-2025,settlement,2,с.Шыбыт,Шыбыт а.
613653603,NK RK 11-2025,settlement,2,Чабанский жил.дом,Шопан үйі
613655000,NK RK 11-2025,sub_district,2,Коктерекский с.о.,Көктерек а.о.
613655100,NK RK 11-2025,settlement,2,с.Бирлик,Бірлік а.
613655103,NK RK 11-2025,settlement,2,Чабанский жил.дом,Шопан үйі
613655200,NK RK 11-2025,settlement,2,с. Ынтымак,Ынтымақ а.
613655203,NK RK 11-2025,settlement,2,Чабанский жил.дом,Шопан үйі
613655300,NK RK 11-2025,settlement,2,с.Кенестобе,Кеңестөбе а.
613659000,NK RK 11-2025,sub_district,2,Мынбулакский с.о.,Мыңбұлақ а.о.
613659100,NK RK 11-2025,settlement,2,с.Мынбулак,Мыңбұлақ а.
613659200,NK RK 11-2025,settlement,2,с.Акбулак,Ақбұлақ а.
613659300,NK RK 11-2025,settlement,2,с.Бестогай,Бестоғай а.
613659400,NK RK 11-2025,settlement,2,с.Кайнарбулак,Қайнарбұлақ а.
613659500,NK RK 11-2025,settlement,2,с.Косбулак,Қосбұлақ а.
613659600,NK RK 11-2025,settlement,2,с.Мадениет,Мәдениет а.
613800000,NK RK 11-2025,district,4,Жетысайский район,Жетісай ауданы
613820100,NK RK 11-2025,settlement,1,г.Жетысай,Жетісай қ.
613833000,NK RK 11-2025,sub_district,2,Абайский с.о.,Абай а.о.
613833100,NK RK 11-2025,settlement,2,с.Халыктар достыгы,Халықтар достығы а.
613833200,NK RK 11-2025,settlement,2,с.Жузимдик,Жүзімдік а.
613833300,NK RK 11-2025,settlement,2,с.Алтын кемер,Алтын кемер а.
613833400,NK RK 11-2025,settlement,2,с.Отан,Отан а.
613833500,NK RK 11-2025,settlement,2,с.Бейбитшилик,Бейбітшілік а.
613833600,NK RK 11-2025,settlement,2,с. Атажурт,Атажұрт а.
613839000,NK RK 11-2025,sub_district,2,с.о.Жолдасбая Ералиева,Жолдасбай Ералиев а.о.
613839100,NK RK 11-2025,settlement,2,с.Абай,Абай а.
613839200,NK RK 11-2025,settlement,2,с.Дихан,Дихан а.
613839280,NK RK 11-2025,settlement,2,с.Жазыксай,Жазықсай а.
613839300,NK RK 11-2025,settlement,2,с.Ауезова,Әуезов а.
613839400,NK RK 11-2025,settlement,2,с.Жагажай,Жағажай а.
613839500,NK RK 11-2025,settlement,2,с.Жетикубыр,Жетіқұбыр а.
613839580,NK RK 11-2025,settlement,2,с.Байтерек,Бәйтерек а.
613839600,NK RK 11-2025,settlement,2,с.Коктобе,Көктөбе а.
613839680,NK RK 11-2025,settlement,2,с.Жетиказына,Жетіқазына а.
613839700,NK RK 11-2025,settlement,2,с.Муратбаево,Мұратбаев а.
613839800,NK RK 11-2025,settlement,2,с.Арай,Арай а.
613839880,NK RK 11-2025,settlement,2,с.Жанадауир,Жаңадәуір а.
613839900,NK RK 11-2025,settlement,2,с.Сейфуллина,Сейфуллин а.
613839980,NK RK 11-2025,settlement,2,с.Утиртобе,Үтіртөбе а.
613843000,NK RK 11-2025,sub_district,2,Асыкатинская п.а.,Асықата к.ә.
613843100,NK RK 11-2025,settlement,2,п. Асыката,Асықата к.
613849000,NK RK 11-2025,sub_district,2,с.о.Шаблана Дильдабекова,Шаблан Ділдәбеков а.о.
613849100,NK RK 11-2025,settlement,2,с.Джамбул,Жамбыл а.
613849200,NK RK 11-2025,settlement,2,с.Зердели,Зерделі а.
613849280,NK RK 11-2025,settlement,2,с.Бирлик,Бірлік а.
613849300,NK RK 11-2025,settlement,2,с.Достык,Достық а.
613849400,NK RK 11-2025,settlement,2,с.Жанадала,Жаңадала а.
613849480,NK RK 11-2025,settlement,2,с.Байдала,Байдала а.
613849500,NK RK 11-2025,settlement,2,с.Алпамыс,Алпамыс а.
613849580,NK RK 11-2025,settlement,2,с.Кемер,Кемер а.
613849600,NK RK 11-2025,settlement,2,с.Куришти,Күрішті а.
613849680,NK RK 11-2025,settlement,2,с.Кызылтан,Қызылтаң а.
613849700,NK RK 11-2025,settlement,2,с.Сырабат,Сырабат а.
613849800,NK RK 11-2025,settlement,2,с.Сайлау,Сайлау а.
613849900,NK RK 11-2025,settlement,2,с.Сулубулак,Сұлубұлақ а.
613853000,NK RK 11-2025,sub_district,2,Жанааульский с.о.,Жаңаауыл а.о.
613853100,NK RK 11-2025,settlement,2,с.Атаконыс,Атақоныс а.
613853200,NK RK 11-2025,settlement,2,с.Мырзашол,Мырзашөл а.
613853300,NK RK 11-2025,settlement,2,с.Абдихалык,Әбдіхалық а.
613853400,NK RK 11-2025,settlement,2,с.Карой,Қарой а.
613853500,NK RK 11-2025,settlement,2,с.Жанаауыл,Жаңаауыл а.
613853600,NK RK 11-2025,settlement,2,с.Ынтымак,Ынтымақ а.
613857000,NK RK 11-2025,sub_district,2,Жылысуский с.о.,Жылысу а.о.
613857100,NK RK 11-2025,settlement,2,с.Аль-Фараби,Әл Фараби а.
613857200,NK RK 11-2025,settlement,2,с.Байконыс,Байқоныс а.
613857400,NK RK 11-2025,settlement,2,с.Жылысу,Жылысу а.
613857500,NK RK 11-2025,settlement,2,с.Мырзашокы,Мырзашоқы а.
613857600,NK RK 11-2025,settlement,2,с.Сейфуллина,Сейфуллин а.
613857700,NK RK 11-2025,settlement,2,с.Бакконыс,Баққоныс а.
613865000,NK RK 11-2025,sub_district,2,Атамекенский с.о.,Атамекен а.о.
613865100,NK RK 11-2025,settlement,2,с.Атамекен,Атамекен а.
613865200,NK RK 11-2025,settlement,2,с.Алимбетово,Әлімбетов а.
613865300,NK RK 11-2025,settlement,2,с.Гарышкер,Ғарышкер а.
613865400,NK RK 11-2025,settlement,2,с.Габдуллино,Ғабдуллин а.
613865500,NK RK 11-2025,settlement,2,с.Жемисти,Жемісті а.
613865600,NK RK 11-2025,settlement,2,с.Баянды,Баянды а.
613865700,NK RK 11-2025,settlement,2,с.Когалы,Қоғалы а.
613865780,NK RK 11-2025,settlement,2,с.Макташы,Мақташы а.
613865880,NK RK 11-2025,settlement,2,с.Талапты,Талапты а.
613865980,NK RK 11-2025,settlement,2,с.Тындала,Тыңдала а.
613867000,NK RK 11-2025,sub_district,2,Каракайский с.о.,Қарақай а.о.
613867100,NK RK 11-2025,settlement,2,с.Каракайское,Қарақай а.
613867300,NK RK 11-2025,settlement,2,с.Енбек,Еңбек а.
613867500,NK RK 11-2025,settlement,2,с.Сатпаева,Сәтбаев а.
613867600,NK RK 11-2025,settlement,2,с.Караозек,Қараөзек а.
613867900,NK RK 11-2025,settlement,2,с.Кетебай,Кетебай а.
613871000,NK RK 11-2025,sub_district,2,Кызылкумский с.о.,Қызылқұм а.о.
613871100,NK RK 11-2025,settlement,2,с.Датка,Датқа а.
613871200,NK RK 11-2025,settlement,2,с.Актобе,Ақтөбе а.
613871280,NK RK 11-2025,settlement,2,с.Алгабас,Алғабас а.
613871300,NK RK 11-2025,settlement,2,с.Коскудык,Қосқұдық а.
613871380,NK RK 11-2025,settlement,2,с.Акжайлау,Ақжайлау а.
613871400,NK RK 11-2025,settlement,2,с.Кызылкум,Қызылқұм а.
613871480,NK RK 11-2025,settlement,2,с.Ақбұлақ,Ақбұлақ а.
613871500,NK RK 11-2025,settlement,2,с.Карасакал,Қарасақал а.
613871580,NK RK 11-2025,settlement,2,с.Жалпаккум,Жалпаққұм а.
613871600,NK RK 11-2025,settlement,2,с.Туркебай,Түркебай а.
613871680,NK RK 11-2025,settlement,2,с.Кызылту,Қызылту а.
613871700,NK RK 11-2025,settlement,2,с.Молшылык,Молшылық а.
613871780,NK RK 11-2025,settlement,2,с.Макталы,Мақталы а.
613871800,NK RK 11-2025,settlement,2,с.Алтынкөл,Алтынкөл а.
613871880,NK RK 11-2025,settlement,2,с.Кобек,Көбек а.
613871900,NK RK 11-2025,settlement,2,с.Енбекши,Еңбекші а.
613871980,NK RK 11-2025,settlement,2,с.Костакыр,Қостақыр а.
613879000,NK RK 11-2025,sub_district,2,Макталинский с.о.,Мақталы а.о.
613879100,NK RK 11-2025,settlement,2,с.Макталы,Мақталы а.
613879200,NK RK 11-2025,settlement,2,с.Алтынсарина,Алтынсарин а.
613879300,NK RK 11-2025,settlement,2,с.Жайлауколь,Жайлаукөл а.
613879400,NK RK 11-2025,settlement,2,с.Шолпанкудук,Шолпанқұдық а.
613879480,NK RK 11-2025,settlement,2,с.Темиржол,Теміржол а.
613879500,NK RK 11-2025,settlement,2,с.Жибек жолы,Жібек жолы а.
613879580,NK RK 11-2025,settlement,2,с.Алмалы,Алмалы а.
613879600,NK RK 11-2025,settlement,2,с.Дархан,Дархан а.
613879700,NK RK 11-2025,settlement,2,с.Саркырама,Сарқырама а.
613879800,NK RK 11-2025,settlement,2,с.Тын,Тың а.
613879900,NK RK 11-2025,settlement,2,с.Жетісу,Жетісу а.
613887000,NK RK 11-2025,sub_district,2,Ынтымакский с.о.,Ынтымақ  а.о.
613887100,NK RK 11-2025,settlement,2,с.Корикти,Көрікті а.
613887200,NK RK 11-2025,settlement,2,с.Агынсай,Ағынсай а.
613887300,NK RK 11-2025,settlement,2,с.Ушкопир,Үшкөпір а.
613887500,NK RK 11-2025,settlement,2,с.Оркенды,Өркенді а.
613887502,NK RK 11-2025,settlement,2,с.Победа,Победа а.
613887600,NK RK 11-2025,settlement,2,с.Аден ата,Әден ата а.
613887700,NK RK 11-2025,settlement,2,с.Талапты,Талапты а.
613887800,NK RK 11-2025,settlement,2,с.Акниет,Ақниет а.
613887900,NK RK 11-2025,settlement,2,с.Нураул,Нұрауыл а.
613889000,NK RK 11-2025,sub_district,2,с.о. Казыбек би,Қазыбек би а.о.
613889100,NK RK 11-2025,settlement,2,с.Казыбек би,Қазыбек би а.
613889200,NK RK 11-2025,settlement,2,с.Алгабас,Алғабас а.
613889300,NK RK 11-2025,settlement,2,с.Алькен Оспанова,Әлкен Оспанов а.
613889400,NK RK 11-2025,settlement,2,с.Джамбул,Жамбыл а.
613889500,NK RK 11-2025,settlement,2,с.Таубай ата,Таубай ата а.
613889600,NK RK 11-2025,settlement,2,с.Курбан-Ата,Құрбан ата а.
613889700,NK RK 11-2025,settlement,2,с.Абибола,Абибола а.
613900000,NK RK 11-2025,district,2,Келесский район,Келес ауданы
613930000,NK RK 11-2025,sub_district,2,Абайский с.о.,Абай а.о.
613930100,NK RK 11-2025,settlement,2,с.Абай,Абай а.
613937000,NK RK 11-2025,sub_district,2,Актобинский с.о.,Ақтөбе а.о.
613937100,NK RK 11-2025,settlement,2,с.Жуантобе,Жуантөбе а.
613937200,NK RK 11-2025,settlement,2,с.Акжар,Ақжар а.
613937300,NK RK 11-2025,settlement,2,с.Жанадауир,Жаңадәуір а.
613937380,NK RK 11-2025,settlement,2,с.Кеңдала,Кеңдала а.
613937400,NK RK 11-2025,settlement,2,с.Ескикорган,Ескіқорған а.
613937480,NK RK 11-2025,settlement,2,с.Когерту,Көгерту а.
613937500,NK RK 11-2025,settlement,2,с.Каратобе,Қаратөбе а.
613937580,NK RK 11-2025,settlement,2,с.Кияжол,Қияжол а.
613937600,NK RK 11-2025,settlement,2,с.Лесбек батыр,Лесбек батыр а.
613937680,NK RK 11-2025,settlement,2,с.Бозсу,Бозсу а.
613937700,NK RK 11-2025,settlement,2,с.Муратбаево,Мұратбаев а.
613937780,NK RK 11-2025,settlement,2,с.Куйган,Құйған а.
613937800,NK RK 11-2025,settlement,2,с.Кокбулак,Көкбұлақ а.
613937900,NK RK 11-2025,settlement,2,с.Ынтымак,Ынтымақ а.
613941000,NK RK 11-2025,sub_district,2,Бозайский с.о.,Бозай а.о.
613941100,NK RK 11-2025,settlement,2,с.Бозай,Бозай а.
613941200,NK RK 11-2025,settlement,2,с.Тартогай,Тартоғай а.
613941300,NK RK 11-2025,settlement,2,с.Тентексай,Тентексай а.
613941400,NK RK 11-2025,settlement,2,с.Шолантобе,Шолаңтөбе а.
613943000,NK RK 11-2025,sub_district,2,Бирлесуский с.о.,Бірлесу а.о.
613943100,NK RK 11-2025,settlement,2,с.28 гвардейцев,28 гвардияшылар а.
613943200,NK RK 11-2025,settlement,2,с.Казахстан,Қазақстан а.
613943300,NK RK 11-2025,settlement,2,с.Дихан,Диқан а.
613943400,NK RK 11-2025,settlement,2,с.Берекели,Берекелі а.
613945000,NK RK 11-2025,sub_district,2,Бирликский с.о.,Бірлік а.о.
613945100,NK RK 11-2025,settlement,2,с.Бирлик,Бірлік а.
613945200,NK RK 11-2025,settlement,2,с.Жанатиршилик,Жаңатіршілік а.
613945300,NK RK 11-2025,settlement,2,с.Ащысай,Ащысай а.
613945400,NK RK 11-2025,settlement,2,с.Курыозек,Кұрыөзек а.
613945500,NK RK 11-2025,settlement,2,с.Мадениет,Мәдениет а.
613945600,NK RK 11-2025,settlement,2,с. Косоткел,Қосөткел а.
613945700,NK RK 11-2025,settlement,2,с.Ушагаш,Үшағаш а.
613947000,NK RK 11-2025,sub_district,2,Биртилекский с.о.,Біртілек а.о.
613947100,NK RK 11-2025,settlement,2,с.Шырылдак,Шырылдақ а.
613947200,NK RK 11-2025,settlement,2,с.Аккурган,Аққорған а.
613947280,NK RK 11-2025,settlement,2,с.Амангельды,Амангелді а.
613947300,NK RK 11-2025,settlement,2,с.Көлтоған,Көлтоған а.
613947380,NK RK 11-2025,settlement,2,с.Жабайытобе,Жабайытөбе а.
613947400,NK RK 11-2025,settlement,2,с.Ораз ата,Ораз ата а.
613947600,NK RK 11-2025,settlement,2,с.Жолбасшы,Жолбасшы а.
613947680,NK RK 11-2025,settlement,2,с.Игилик,Игілік а.
613947700,NK RK 11-2025,settlement,2,с.Курылыс,Құрылыс а.
613947780,NK RK 11-2025,settlement,2,с.Керегетас,Керегетас а.
613947880,NK RK 11-2025,settlement,2,с.Биртилек,Біртілек а.
613947900,NK RK 11-2025,settlement,2,с.Шукырсай,Шұқырсай а.
613947980,NK RK 11-2025,settlement,2,с.Енбекши,Еңбекші а.
613953000,NK RK 11-2025,sub_district,2,Жамбылский с.о.,Жамбыл а.о.
613953100,NK RK 11-2025,settlement,2,с.Бекбота,Бекбота а.
613953200,NK RK 11-2025,settlement,2,с.Ашикуль,Ащыкөл а.
613953300,NK RK 11-2025,settlement,2,с.Байгабыл,Байғабыл а.
613953400,NK RK 11-2025,settlement,2,с.Калгансыр,Қалғансыр а.
613953500,NK RK 11-2025,settlement,2,с.Майдабозай,Майдабозай а.
613959000,NK RK 11-2025,sub_district,2,Жузумдикский с.о.,Жүзімдік а.о.
613959100,NK RK 11-2025,settlement,2,с.Бирлесу,Бірлесу а.
613959200,NK RK 11-2025,settlement,2,с. Аксу,Ақсу а.
613959300,NK RK 11-2025,settlement,2,с.Жузумдик,Жүзімдік а.
613959400,NK RK 11-2025,settlement,2,с.Онтустик,Оңтүстік а.
613971000,NK RK 11-2025,sub_district,2,Кошкаратинский с.о.,Қошқарата а.о.
613971100,NK RK 11-2025,settlement,2,с.Алгабас,Алғабас а.
613971200,NK RK 11-2025,settlement,2,с.Бескубыр,Бесқұбыр а.
613971300,NK RK 11-2025,settlement,2,с.Аманжар,Аманжар а.
613971400,NK RK 11-2025,settlement,2,с.Жамбыл,Жамбыл а.
613971480,NK RK 11-2025,settlement,2,с.Жанаконыс,Жаңақоныс а.
613971500,NK RK 11-2025,settlement,2,с. Бесауыл,Бесауыл а.
613971580,NK RK 11-2025,settlement,2,с.Карабура аулие,Қарабура әулие а.
613971600,NK RK 11-2025,settlement,2,с.Кошкарата,Қошқарата а.
613971680,NK RK 11-2025,settlement,2,с. Байтерек,Бәйтерек а.
613971700,NK RK 11-2025,settlement,2,с.Макташы,Мақташы а.
613971780,NK RK 11-2025,settlement,2,с.1 Мамыр,1 Мамыр а.
613971800,NK RK 11-2025,settlement,2,с.Ушкын,Ұшқын а.
613971900,NK RK 11-2025,settlement,2,с.Шыныр,Шыныр а.
613975000,NK RK 11-2025,sub_district,2,Алпамыс батыра с.о.,Алпамыс батыр а.о.
613975100,NK RK 11-2025,settlement,2,с.Ақжол,Ақжол а.
613975200,NK RK 11-2025,settlement,2,с.Кауыншы,Қауыншы а.
613977000,NK RK 11-2025,sub_district,2,Ошактинский с.о.,Ошақты а.о.
613977100,NK RK 11-2025,settlement,2,с.Ошакты,Ошақты а.
613977200,NK RK 11-2025,settlement,2,с.Атаконыс,Атақоныс а.
613977300,NK RK 11-2025,settlement,2,с.Енбек,Еңбек а.
613977400,NK RK 11-2025,settlement,2,с.Жетитобе,Жетітөбе а.
613977500,NK RK 11-2025,settlement,2,с.Береке,Береке а.
613977580,NK RK 11-2025,settlement,2,с.Каратал,Қаратал а.
613977600,NK RK 11-2025,settlement,2,с.Коныртобе,Қоңыртөбе а.
613977680,NK RK 11-2025,settlement,2,с.Бакышсай,Бақышсай а.
613977700,NK RK 11-2025,settlement,2,с.Сәмбет Саттаров,Сәмбет Саттаров а.
613977800,NK RK 11-2025,settlement,2,с.Санырау,Саңырау а.
613977880,NK RK 11-2025,settlement,2,с.Сарыжылга,Сарыжылға а.
613977900,NK RK 11-2025,settlement,2,с.Ынталы,Ынталы а.
613977980,NK RK 11-2025,settlement,2,с.Жидели,Жиделі а.
613983000,NK RK 11-2025,sub_district,2,Ушкынский с.о.,Ұшқын а.о.
613983100,NK RK 11-2025,settlement,2,с.Достык,Достық а.
613983200,NK RK 11-2025,settlement,2,с.Ушкын,Ұшқын а.
613983300,NK RK 11-2025,settlement,2,с.Коралас,Қоралас а.
614000000,NK RK 11-2025,district,2,Казыгуртский район,Қазығұрт ауданы
614030000,NK RK 11-2025,sub_district,2,Казыгуртский с.о.,Қазығұрт  а.о.
614030100,NK RK 11-2025,settlement,2,с.Казыгурт,Қазығұрт  а.
614033000,NK RK 11-2025,sub_district,2,Алтынтобинский с.о.,Алтынтөбе а.о.
614033100,NK RK 11-2025,settlement,2,с.Алтынтобе,Алтынтөбе а.
614033200,NK RK 11-2025,settlement,2,с.Аккум,Аққұм а.
614033400,NK RK 11-2025,settlement,2,с.Карабау,Қарабау а.
614033500,NK RK 11-2025,settlement,2,с.Каржан,Қаржан а.
614033600,NK RK 11-2025,settlement,2,с.Косагаш,Қосағаш а.
614035000,NK RK 11-2025,sub_district,2,Жанабазарский с.о.,Жаңабазар а.о.
614035100,NK RK 11-2025,settlement,2,с.Жанабазар,Жаңабазар а.
614035200,NK RK 11-2025,settlement,2,с.Жылыбулак,Жылыбұлақ а.
614035300,NK RK 11-2025,settlement,2,с.Жанажол,Жаңажол а.
614035400,NK RK 11-2025,settlement,2,с.Жанаталап,Жаңаталап а.
614035500,NK RK 11-2025,settlement,2,с.Женис,Жеңіс а.
614035600,NK RK 11-2025,settlement,2,с.Ушбастау,Үшбастау а.
614035700,NK RK 11-2025,settlement,2,с.Карабастау,Қарабастау а.
614035800,NK RK 11-2025,settlement,2,с.Тилектес,Тілектес а.
614035900,NK RK 11-2025,settlement,2,с.Улгили,Үлгілі а.
614036000,NK RK 11-2025,sub_district,2,Жигергенский с.о.,Жігерген а.о.
614036100,NK RK 11-2025,settlement,2,с.Жигерген,Жігерген а.
614036200,NK RK 11-2025,settlement,2,с.Айнатас,Айнатас а.
614036400,NK RK 11-2025,settlement,2,с.Дикан,Диқан а.
614036500,NK RK 11-2025,settlement,2,с.Кызылбулак,Қызылбұлақ а.
614036700,NK RK 11-2025,settlement,2,с.Тесиктобе,Тесіктөбе а.
614036707,NK RK 11-2025,settlement,2,Жакайкора,Жақайқора
614036727,NK RK 11-2025,settlement,2,Шалкаркора,Шалқарқора
614036800,NK RK 11-2025,settlement,2,с.Огем,Өгем а.
614037000,NK RK 11-2025,sub_district,2,с.о. Сабыра Рахимова,Сабыр Рақымов а.о.
614037100,NK RK 11-2025,settlement,2,с.Кокибел,Көкібел а.
614037400,NK RK 11-2025,settlement,2,с.Кызылата,Қызылата а.
614037600,NK RK 11-2025,settlement,2,с.Майбулак,Майбұлақ а.
614043000,NK RK 11-2025,sub_district,2,Какпакский с.о.,Қақпақ а.о.
614043100,NK RK 11-2025,settlement,2,с.Какпак,Қақпақ а.
614043200,NK RK 11-2025,settlement,2,с.Зангар,Заңғар а.
614043300,NK RK 11-2025,settlement,2,с.Сырлысай,Сырлысай а.
614045000,NK RK 11-2025,sub_district,2,Карабауский с.о.,Қарабау а.о.
614045100,NK RK 11-2025,settlement,2,с.Карабау,Қарабау а.
614045200,NK RK 11-2025,settlement,2,с.Сынтас,Сынтас а.
614045300,NK RK 11-2025,settlement,2,с.Жумысшы,Жұмысшы а.
614045400,NK RK 11-2025,settlement,2,с.Ушбулак,Үшбұлақ а.
614047000,NK RK 11-2025,sub_district,2,Кызылкиянский с.о.,Қызылқия а.о.
614047100,NK RK 11-2025,settlement,2,с.Тугыртас,Тұғыртас а.
614047107,NK RK 11-2025,settlement,2,Жанакора,Жаңақора
614047200,NK RK 11-2025,settlement,2,с.Айнатас,Айнатас а.
614047300,NK RK 11-2025,settlement,2,с.Кызылкия,Қызылқия а.
614047400,NK RK 11-2025,settlement,2,с.Ынталы,Ынталы а.
614047500,NK RK 11-2025,settlement,2,с.Кызылсенгир,Қызылсенгір а.
614047600,NK RK 11-2025,settlement,2,с.Атажұрт,Атажұрт а.
614049000,NK RK 11-2025,sub_district,2,с.о.Каракозы Абдалиева,Қарақозы Әбдәлиева а.о.
614049100,NK RK 11-2025,settlement,2,с.Рабат,Рабат а.
614049200,NK RK 11-2025,settlement,2,с.Амангельды,Амангелді а.
614049300,NK RK 11-2025,settlement,2,с.Атбулак,Атбұлақ а.
614049400,NK RK 11-2025,settlement,2,с.Енбекши,Еңбекші а.
614049413,NK RK 11-2025,settlement,2,Тауыккора,Тауыққора
614049500,NK RK 11-2025,settlement,2,с.Жанаталап,Жаңаталап а.
614049600,NK RK 11-2025,settlement,2,с. Кыдыр Мамбетулы,Қыдыр  Мәмбетұлы а.
614049700,NK RK 11-2025,settlement,2,с.Кызылдала,Қызылдала а.
614053000,NK RK 11-2025,sub_district,2,Турбатский с.о.,Тұрбат а.о.
614053100,NK RK 11-2025,settlement,2,с.Турбат,Тұрбат а.
614053113,NK RK 11-2025,settlement,2,Сергазыкора,Серғазықора
614053200,NK RK 11-2025,settlement,2,с.Енбек,Еңбек а.
614053300,NK RK 11-2025,settlement,2,с.Кызылдихан,Қызылдихан а.
614053400,NK RK 11-2025,settlement,2,с.Ондирис,Өндіріс а.
614055000,NK RK 11-2025,sub_district,2,Шанакский с.о.,Шанақ а.о.
614055100,NK RK 11-2025,settlement,2,с.Шанак,Шанақ а.
614055200,NK RK 11-2025,settlement,2,с.Акжар,Ақжар а.
614055300,NK RK 11-2025,settlement,2,с.Старый Шанак,Ескі Шанақ а.
614055400,NK RK 11-2025,settlement,2,ст.Чанак,Шанақ ст.
614055500,NK RK 11-2025,settlement,2,с.Ызабулак,Ызабұлақ а.
614057000,NK RK 11-2025,sub_district,2,с.о.Сарапхана,Сарапхана а.о.
614057100,NK RK 11-2025,settlement,2,с.Сарапхана,Сарапхана а.
614057200,NK RK 11-2025,settlement,2,с.Бакабулак,Бақабұлақ а.
614057300,NK RK 11-2025,settlement,2,с.Жинишке,Жіңішке а.
614057400,NK RK 11-2025,settlement,2,с.Майлыошак,Майлыошақ а.
614057500,NK RK 11-2025,settlement,2,с.им.Махамбет Утемисова,Махамбет Өтемісұлы атын.а.
614057600,NK RK 11-2025,settlement,2,с.Талдыбулак,Талдыбұлақ а.
614063000,NK RK 11-2025,sub_district,2,Шарбулакский с.о.,Шарбұлақ а.о.
614063100,NK RK 11-2025,settlement,2,с.Шарбулак,Шарбұлақ а.
614063500,NK RK 11-2025,settlement,2,с.Акбастау,Ақбастау а.
614400000,NK RK 11-2025,district,2,Мактааральский район,Мақтаарал ауданы
614430000,NK RK 11-2025,sub_district,2,Мырзакентская п.а.,Мырзакент к.ә.
614430100,NK RK 11-2025,settlement,2,п. Мырзакент,Мырзакент к.
614435000,NK RK 11-2025,sub_district,2,Достыкский с.о.,Достық а.о.
614435100,NK RK 11-2025,settlement,2,с.Бескетик,Бескетік а.
614435200,NK RK 11-2025,settlement,2,с.Коксу,Көксу а.
614435300,NK RK 11-2025,settlement,2,с.Достык,Достық а.
614435400,NK RK 11-2025,settlement,2,с.Жолбарыса Калшораева,Жолбарыс Қалшораев а.
614435500,NK RK 11-2025,settlement,2,с.Хайдар,Хайдар а.
614435600,NK RK 11-2025,settlement,2,с.Гулистан,Гүлістан а.
614438000,NK RK 11-2025,sub_district,2,Бирликский с.о.,Бірлік а.о.
614438100,NK RK 11-2025,settlement,2,с.Кудайберген Пернебаева,Құдайберген Пернебаев а.
614438200,NK RK 11-2025,settlement,2,с.Алгабас,Алғабас а.
614438300,NK RK 11-2025,settlement,2,с.Еркинабад,Еркінабад а.
614438400,NK RK 11-2025,settlement,2,с.Оркениет,Өркениет а.
614438500,NK RK 11-2025,settlement,2,с.Конырат,Қоңырат а.
614438600,NK RK 11-2025,settlement,2,с.Табысты,Табысты а.
614445000,NK RK 11-2025,sub_district,2,Енбекшинский с.о.,Еңбекші а.о.
614445100,NK RK 11-2025,settlement,2,с.Жантаксай,Жантақсай а.
614445200,NK RK 11-2025,settlement,2,с.Жанатурмыс,Жаңатұрмыс а.
614445300,NK RK 11-2025,settlement,2,с.Шугыла,Шұғыла а.
614445400,NK RK 11-2025,settlement,2,с.Танирбергена Жайлыбаева,Тәңірберген Жайлыбаев а.
614445500,NK RK 11-2025,settlement,2,с.Нурлытан,Нұрлытаң а.
614447000,NK RK 11-2025,sub_district,2,Жамбылский с.о.,Жамбыл а.о.
614447100,NK RK 11-2025,settlement,2,с.Жамбыл,Жамбыл а.
614447200,NK RK 11-2025,settlement,2,с.Абай,Абай а.
614447300,NK RK 11-2025,settlement,2,с.Кенесшил,Кеңесшіл а.
614447400,NK RK 11-2025,settlement,2,с.Кокпарсай,Көкпарсай а.
614455000,NK RK 11-2025,sub_district,2,Жанажолский с.о.,Жаңажол а.о.
614455100,NK RK 11-2025,settlement,2,с.Арайлы,Арайлы а.
614455200,NK RK 11-2025,settlement,2,с.Достык,Достық а.
614455300,NK RK 11-2025,settlement,2,с.Женис,Жеңіс а.
614455400,NK RK 11-2025,settlement,2,с.Оргебас,Өргебас а.
614455700,NK RK 11-2025,settlement,2,с.Акжол,Ақжол а.
614455800,NK RK 11-2025,settlement,2,с.Фирдоуси,Фирдоуси а.
614455900,NK RK 11-2025,settlement,2,с.Нурлыжол,Нұрлыжол а.
614459000,NK RK 11-2025,sub_district,2,п.а.Атакент,Атакент к.ә.
614459100,NK RK 11-2025,settlement,2,п.Атакент,Атакент к.
614463000,NK RK 11-2025,sub_district,2,Иржарский с.о.,Иіржар а.о.
614463100,NK RK 11-2025,settlement,2,с.Шапагат,Шапағат а.
614463200,NK RK 11-2025,settlement,2,с.Азат,Азат а.
614463300,NK RK 11-2025,settlement,2,с.Ииржар,Иіржар а.
614463400,NK RK 11-2025,settlement,2,с.Азамат,Азамат а.
614463500,NK RK 11-2025,settlement,2,с.Мактажан,Мақтажан а.
614463600,NK RK 11-2025,settlement,2,с.Дихан,Дихан а.
614463700,NK RK 11-2025,settlement,2,с.Наурыз,Наурыз а.
614463800,NK RK 11-2025,settlement,2,с.Алаш,Алаш а.
614463900,NK RK 11-2025,settlement,2,с.Рахимово,Рахимов а.
614473000,NK RK 11-2025,sub_district,2,с.о. Жолдабая Нурлыбаева,Жолдабай Нұрлыбаев а.о.
614473100,NK RK 11-2025,settlement,2,с. Ынталы,Ынталы а.
614473200,NK RK 11-2025,settlement,2,с.Онимкер,Өнімкер а.
614473300,NK RK 11-2025,settlement,2,с.Каракыр,Қарақыр а.
614473400,NK RK 11-2025,settlement,2,с.Ырысты,Ырысты а.
614473500,NK RK 11-2025,settlement,2,с. Мырзатобе,Мырзатөбе а.
614473700,NK RK 11-2025,settlement,2,с. Оркен,Өркен а.
614477000,NK RK 11-2025,sub_district,2,Мактааральский с.о.,Мақтаарал а.о.
614477100,NK RK 11-2025,settlement,2,с.Мадениет,Мәдениет а.
614477200,NK RK 11-2025,settlement,2,с.Акалтын,Ақалтын а.
614477280,NK RK 11-2025,settlement,2,с.Амангельды,Амангелді а.
614477300,NK RK 11-2025,settlement,2,с.Елконыс,Елқоныс а.
614477380,NK RK 11-2025,settlement,2,с.Нурмухамеда Есентаева,Нұрмұхамед Есентаев а.
614477400,NK RK 11-2025,settlement,2,с.Шаттык,Шаттық а.
614477480,NK RK 11-2025,settlement,2,с.Енбекши,Еңбекші а.
614477500,NK RK 11-2025,settlement,2,с.Жулдыз,Жұлдыз а.
614477580,NK RK 11-2025,settlement,2,с.Оркениет,Өркениет а.
614477600,NK RK 11-2025,settlement,2,с.Тулпар,Тұлпар а.
614477680,NK RK 11-2025,settlement,2,с.Игилик,Игілік а.
614477700,NK RK 11-2025,settlement,2,с.Әл-Фараби,Әл-Фараби а.
614477780,NK RK 11-2025,settlement,2,с.Береке,Береке а.
614477800,NK RK 11-2025,settlement,2,с.Кокарал,Көкарал а.
614477880,NK RK 11-2025,settlement,2,с.Азаттык,Азаттық а.
614477900,NK RK 11-2025,settlement,2,с.Бахыт,Бақыт а.
614483000,NK RK 11-2025,sub_district,2,с.о. Аязхана Калыбекова,Аязхан Қалыбеков а.о.
614483100,NK RK 11-2025,settlement,2,с.Жанажол,Жаңажол а.
614483200,NK RK 11-2025,settlement,2,с.Жамбыл,Жамбыл а.
614483300,NK RK 11-2025,settlement,2,с.Абат,Абат а.
614483400,NK RK 11-2025,settlement,2,с. Торткуль,Төрткүл а.
614483500,NK RK 11-2025,settlement,2,с. Атамура,Атамұра а.
614483600,NK RK 11-2025,settlement,2,с. Туран,Тұран а.
614483700,NK RK 11-2025,settlement,2,с.Улгили,Үлгілі а.
614600000,NK RK 11-2025,district,2,Ордабасынский район,Ордабасы ауданы
614630000,NK RK 11-2025,sub_district,2,Кажымуканский с.о.,Қажымұқан а.о.
614630100,NK RK 11-2025,settlement,2,с.Темирлановка,Темірлан а.
614630200,NK RK 11-2025,settlement,2,с.Амангельды,Амангелді а.
614630300,NK RK 11-2025,settlement,2,с.Боралдай,Боралдай а.
614630400,NK RK 11-2025,settlement,2,с.Ынталы,Ынталы а.
614630500,NK RK 11-2025,settlement,2,с.Коктобе,Көктөбе а.
614630600,NK RK 11-2025,settlement,2,с.Кажымухан,Қажымұқан а.
614630700,NK RK 11-2025,settlement,2,с.Кызылсенгир,Қызылсеңгір а.
614633000,NK RK 11-2025,sub_district,2,Бадамский с.о.,Бадам а.о.
614633100,NK RK 11-2025,settlement,2,с.Бадам,Бадам а.
614633580,NK RK 11-2025,settlement,2,с.Карабастау,Қарабастау а.
614633600,NK RK 11-2025,settlement,2,с.Дербес,Дербес а.
614633700,NK RK 11-2025,settlement,2,с.Ордабасы,Ордабасы а.
614633800,NK RK 11-2025,settlement,2,с.Акбулак,Ақбұлақ а.
614633900,NK RK 11-2025,settlement,2,с.Мамыр,Мамыр а.
614635000,NK RK 11-2025,sub_district,2,Бугунский с.о.,Бөген а.о.
614635100,NK RK 11-2025,settlement,2,с.Бугунь,Бөген а.
614635200,NK RK 11-2025,settlement,2,с.Кемер,Кемер а.
614637000,NK RK 11-2025,sub_district,2,Буржарский с.о.,Бөржар а.о.
614637100,NK RK 11-2025,settlement,2,с.Бирлик,Бірлік а.
614637200,NK RK 11-2025,settlement,2,с.Жамбыл,Жамбыл а.
614637300,NK RK 11-2025,settlement,2,с.Кайнар,Қайнар а.
614637400,NK RK 11-2025,settlement,2,с.Калаш,Қалаш а.
614637500,NK RK 11-2025,settlement,2,с.Теспе,Теспе а.
614637600,NK RK 11-2025,settlement,2,с.Уялыжар,Ұялыжар а.
614637700,NK RK 11-2025,settlement,2,с.Ыкыластемир,Ықыластемір а.
614637800,NK RK 11-2025,settlement,2,с.Ынтымак,Ынтымақ а.
614639000,NK RK 11-2025,sub_district,2,Женисский с.о.,Жеңіс а.о.
614639100,NK RK 11-2025,settlement,2,с.Женис,Жеңіс а.
614639200,NK RK 11-2025,settlement,2,с.Дихан,Диқан а.
614643000,NK RK 11-2025,sub_district,2,Караспанский с.о.,Қараспан а.о.
614643100,NK RK 11-2025,settlement,2,с.Караспан,Қараспан а.
614643280,NK RK 11-2025,settlement,2,с.Бейсен Онтаева,Бейсен Оңтаев а.
614643300,NK RK 11-2025,settlement,2,с.Акжол,Ақжол а.
614643380,NK RK 11-2025,settlement,2,с.Берген Исаханова,Берген Исаханов а.
614643400,NK RK 11-2025,settlement,2,с.Жулдыз,Жұлдыз а.
614643480,NK RK 11-2025,settlement,2,с.Ынтымак,Ынтымақ а.
614643500,NK RK 11-2025,settlement,2,с.Тореарык,Төреарық а.
614643580,NK RK 11-2025,settlement,2,с.Кольтоган,Көлтоған а.
614643600,NK RK 11-2025,settlement,2,с.Батыр ата,Батыр ата а.
614643680,NK RK 11-2025,settlement,2,с.Акпан,Ақпан а.
614643700,NK RK 11-2025,settlement,2,с.Жанатурмыс,Жаңатұрмыс а.
614643780,NK RK 11-2025,settlement,2,с.Мадениет,Мәдениет а.
614643800,NK RK 11-2025,settlement,2,с.Макташы,Мақташы а.
614643900,NK RK 11-2025,settlement,2,с.Сарыарык,Сарыарық а.
614645000,NK RK 11-2025,sub_district,2,Каракумский с.о.,Қарақұм а.о.
614645100,NK RK 11-2025,settlement,2,с.Каракум,Қарақұм а.
614653000,NK RK 11-2025,sub_district,2,с.о.Торткуль,Төрткүл а.о.
614653100,NK RK 11-2025,settlement,2,с.Торткуль,Төрткүл а.
614653200,NK RK 11-2025,settlement,2,с.Аксары,Ақсары а.
614653280,NK RK 11-2025,settlement,2,с.Арыстанды,Арыстанды а.
614653300,NK RK 11-2025,settlement,2,с.Енбекши,Еңбекші а.
614653400,NK RK 11-2025,settlement,2,с.Жайылма,Жайылма а.
614653500,NK RK 11-2025,settlement,2,с.Кызылжар,Қызылжар а.
614653600,NK RK 11-2025,settlement,2,с.Елшибек батыр,Елшібек батыр а.
614653700,NK RK 11-2025,settlement,2,с.Кокарал,Көкарал а.
614653800,NK RK 11-2025,settlement,2,с.Нура,Нұра а.
614653900,NK RK 11-2025,settlement,2,с.Спатаево,Спатаев а.
614655000,NK RK 11-2025,sub_district,2,Шубарский с.о.,Шұбар а.о.
614655100,NK RK 11-2025,settlement,2,с.Шубар,Шұбар а.
614655200,NK RK 11-2025,settlement,2,с.Аккойлы,Аққойлы а.
614655300,NK RK 11-2025,settlement,2,с.Береке,Береке а.
614655400,NK RK 11-2025,settlement,2,с.Жусансай,Жусансай а.
614655500,NK RK 11-2025,settlement,2,с.Сарытогай,Сарытоғай а.
614655600,NK RK 11-2025,settlement,2,с.Токсансай,Тоқсансай а.
614657000,NK RK 11-2025,sub_district,2,с.о.Шубарсу,Шұбарсу а.о.
614657100,NK RK 11-2025,settlement,2,с.Шубарсу,Шұбарсу а.
614800000,NK RK 11-2025,district,2,Отрарский район,Отырар ауданы
614830000,NK RK 11-2025,sub_district,2,Шаульдерский с.о.,Шәуілдір а.о.
614830100,NK RK 11-2025,settlement,2,с.Шаульдер,Шәуілдір а.
614833000,NK RK 11-2025,sub_district,2,с.о.Аккум,Аққұм а.о.
614833100,NK RK 11-2025,settlement,2,с.Аккум,Аққұм а.
614834000,NK RK 11-2025,sub_district,2,с.о.Актобе,Ақтөбе а.о.
614834100,NK RK 11-2025,settlement,2,с.Актобе,Ақтөбе а.
614835000,NK RK 11-2025,sub_district,2,Балтакольский с.о.,Балтакөл а.о.
614835100,NK RK 11-2025,settlement,2,с.Балтаколь,Балтакөл а.
614835103,NK RK 11-2025,settlement,2,с.Самырат,Самырат а.
614835200,NK RK 11-2025,settlement,2,с.Акколь,Ақкөл а.
614835500,NK RK 11-2025,settlement,2,с.Колкудык,Қолқұдық а.
614836000,NK RK 11-2025,sub_district,2,с.о.Каргалы,Қарғалы а.о.
614836100,NK RK 11-2025,settlement,2,с.Каргалы,Қарғалы а.
614836400,NK RK 11-2025,settlement,2,с.Отырар,Отырар а.
614837000,NK RK 11-2025,sub_district,2,Коксарайский с.о.,Көксарай а.о.
614837100,NK RK 11-2025,settlement,2,с.Коксарай,Көксарай а.
614837105,NK RK 11-2025,settlement,2,Дом отдыха,Демалыс үйі
614837200,NK RK 11-2025,settlement,2,с.Жанкел,Жанкел а.
614837300,NK RK 11-2025,settlement,2,с.Шенгельды,Шеңгелді а.
614837400,NK RK 11-2025,settlement,2,с.Ызаколь,Ызакөл а.
614839000,NK RK 11-2025,sub_district,2,Караконырский с.о.,Қарақоңыр а.о.
614839100,NK RK 11-2025,settlement,2,с. Шамши Калдаякова,Шәмші Қалдаяқов а.
614839300,NK RK 11-2025,settlement,2,с.Арысь,Арыс а.
614839500,NK RK 11-2025,settlement,2,с. Бесторангыл,Бесторанғыл а.
614839600,NK RK 11-2025,settlement,2,с.Караконыр,Қарақоңыр а.
614839700,NK RK 11-2025,settlement,2,с.Костуин,Қостүйін а.
614839800,NK RK 11-2025,settlement,2,с.Сырдарья,Сырдария а.
614841000,NK RK 11-2025,sub_district,2,Когамский с.о.,Қоғам а.о.
614841100,NK RK 11-2025,settlement,2,с.Когам,Қоғам а.
614841300,NK RK 11-2025,settlement,2,с.Мыншункыр,Мыңшұңқыр а.
614841500,NK RK 11-2025,settlement,2,с.Талапты,Талапты а.
614845000,NK RK 11-2025,sub_district,2,Маякумский с.о.,Маяқұм а.о.
614845100,NK RK 11-2025,settlement,2,с.Маякум,Маяқұм а.
614845300,NK RK 11-2025,settlement,2,с.Бестам,Бестам а.
614845600,NK RK 11-2025,settlement,2,с.Костерек,Қостерек а.
614847000,NK RK 11-2025,sub_district,2,Отрарский с.о.,Отырар а.о.
614847100,NK RK 11-2025,settlement,2,с.Арыс,Арыс а.
614847300,NK RK 11-2025,settlement,2,с. Молыке Шойманов,Молыке Шойманов а.
614849000,NK RK 11-2025,sub_district,2,Талаптинский с.о.,Талапты а.о.
614849100,NK RK 11-2025,settlement,2,с.Кокмардан,Көкмардан а.
614849500,NK RK 11-2025,settlement,2,с.Шытты,Шытты а.
614849600,NK RK 11-2025,settlement,2,с.Сарыколь,Сарыкөл а.
614849700,NK RK 11-2025,settlement,2,с.Ынталы,Ынталы а.
614853000,NK RK 11-2025,sub_district,2,Тимурский с.о.,Темір а.о.
614853100,NK RK 11-2025,settlement,2,с.Тимур,Темір а.
614853200,NK RK 11-2025,settlement,2,с.Акшокат,Ақшоқат а.
614853400,NK RK 11-2025,settlement,2,с.Отырабат,Отырабат а.
614853500,NK RK 11-2025,settlement,2,с.37-разъезд,37-разъезд а.
614853600,NK RK 11-2025,settlement,2,с.Узынкудык,Ұзынқұдық а.
614857000,NK RK 11-2025,sub_district,2,Шиликский с.о.,Шілік а.о.
614857100,NK RK 11-2025,settlement,2,с.Жана шилик,Жаңа шілік а.
614857300,NK RK 11-2025,settlement,2,с.Старый Шилик,Ескі Шілік а.
615200000,NK RK 11-2025,district,2,Сайрамский район,Сайрам ауданы
615230000,NK RK 11-2025,sub_district,2,Аксукентский с.о.,Ақсукент а.о.
615230100,NK RK 11-2025,settlement,2,с.Аксу,Ақсу а.
615230200,NK RK 11-2025,settlement,2,с.Байтерек,Бәйтерек а.
615230300,NK RK 11-2025,settlement,2,с.Алаш,Алаш а.
615233000,NK RK 11-2025,sub_district,2,Акбулакский с.о.,Ақбұлақ а.о.
615233100,NK RK 11-2025,settlement,2,с.Акбулак,Ақбұлақ а.
615237000,NK RK 11-2025,sub_district,2,Арысский с.о.,Арыс а.о.
615237100,NK RK 11-2025,settlement,2,с.Кожакорган,Қожақорған а.
615237200,NK RK 11-2025,settlement,2,с.Нуржанкорган,Нұржанқорған а.
615247000,NK RK 11-2025,sub_district,2,Жибекжолинский с.о.,Жібек жолы а.о.
615247100,NK RK 11-2025,settlement,2,с.Машат,Машат а.
615247200,NK RK 11-2025,settlement,2,с.Жибек жолы,Жібек жолы а.
615247300,NK RK 11-2025,settlement,2,с.Сихым,Сиқым а.
615249000,NK RK 11-2025,sub_district,2,Кайнарбулакский с.о.,Қайнарбұлақ а.о.
615249100,NK RK 11-2025,settlement,2,с.Касымбек датка,Қасымбек датқа а.
615249200,NK RK 11-2025,settlement,2,с.Таскешу,Таскешу а.
615249400,NK RK 11-2025,settlement,2,с.Асиларык,Әсіларық а.
615249500,NK RK 11-2025,settlement,2,с.Сарыарык,Сарыарық а.
615249600,NK RK 11-2025,settlement,2,с.Курлык,Құрлық а.
615249700,NK RK 11-2025,settlement,2,с.Ошакты,Ошақты а.
615249800,NK RK 11-2025,settlement,2,с.Тоган,Тоған а.
615249900,NK RK 11-2025,settlement,2,с.Ширкин,Шіркін а.
615253000,NK RK 11-2025,sub_district,2,Карабулакский с.о.,Қарабұлақ а.о.
615253100,NK RK 11-2025,settlement,2,с.Карабулак,Қарабұлақ а.
615253103,NK RK 11-2025,settlement,2,Озеро Кулькент,Күлкент көлі
615255000,NK RK 11-2025,sub_district,2,Карамуртский с.о.,Қарамұрт а.о.
615255100,NK RK 11-2025,settlement,2,с.Карамурт,Қарамұрт а.
615255200,NK RK 11-2025,settlement,2,с.Низамабад,Низамабад а.
615257000,NK RK 11-2025,sub_district,2,Карасуский с.о.,Қарасу а.о.
615257100,NK RK 11-2025,settlement,2,с.Карасу,Қарасу а.
615257200,NK RK 11-2025,settlement,2,с.Акбай,Ақбай а.
615257300,NK RK 11-2025,settlement,2,с.Бескепе,Бескепе а.
615257400,NK RK 11-2025,settlement,2,с.Айтеке би,Әйтеке би а.
615257500,NK RK 11-2025,settlement,2,с.Акбастау,Ақбастау а.
615257700,NK RK 11-2025,settlement,2,с.Ынтымак,Ынтымақ а.
615257800,NK RK 11-2025,settlement,2,с.Жанатурмыс,Жаңатұрмыс а.
615257900,NK RK 11-2025,settlement,2,с.Береке,Береке а.
615263000,NK RK 11-2025,sub_district,2,Кутарысский с.о.,Құтарыс а.о.
615263100,NK RK 11-2025,settlement,2,с.Кутарыс,Құтарыс а.
615263200,NK RK 11-2025,settlement,2,с.Кызылжар,Қызылжар а.
615263300,NK RK 11-2025,settlement,2,с.Акарыс,Ақарыс а.
615263400,NK RK 11-2025,settlement,2,с.Оймауыт,Оймауыт а.
615265000,NK RK 11-2025,sub_district,2,Колкентский с.о.,Көлкент а.о.
615265100,NK RK 11-2025,settlement,2,с.Колкент,Көлкент а.
615265200,NK RK 11-2025,settlement,2,с.Жанатурмыс,Жаңатұрмыс а.
615265300,NK RK 11-2025,settlement,2,с.Аксуабат,Ақсуабат а.
615265400,NK RK 11-2025,settlement,2,с.Молыбая Оразалиева,Молыбай Оразалиев а.
615265500,NK RK 11-2025,settlement,2,с.Ханкорган,Ханқорған а.
615265600,NK RK 11-2025,settlement,2,с.Косбулак,Қосбұлақ а.
615265700,NK RK 11-2025,settlement,2,с.Теспе,Теспе а.
615265800,NK RK 11-2025,settlement,2,с.Шапрашты,Шапрашты а.
615267000,NK RK 11-2025,sub_district,2,Манкентский с.о.,Манкент а.о.
615267100,NK RK 11-2025,settlement,2,с.Манкент,Манкент а.
615267200,NK RK 11-2025,settlement,2,с.Аккала,Аққала а.
615400000,NK RK 11-2025,district,4,Сарыагашский район,Сарыағаш ауданы
615420100,NK RK 11-2025,settlement,1,г.Сарыагаш,Сарыағаш қ.
615435000,NK RK 11-2025,sub_district,2,Акжарский с.о.,Ақжар а.о.
615435100,NK RK 11-2025,settlement,2,с.Акжар,Ақжар а.
615435200,NK RK 11-2025,settlement,2,с.Багыс,Бағыс а.
615439000,NK RK 11-2025,sub_district,2,Алимтауский с.о.,Әлімтау а.о.
615439100,NK RK 11-2025,settlement,2,с.Алимтау,Әлімтау а.
615439200,NK RK 11-2025,settlement,2,с.Жайдаккудук,Жайдаққұдық а.
615439300,NK RK 11-2025,settlement,2,с.Коктал,Көктал а.
615439400,NK RK 11-2025,settlement,2,с.Таскудук,Тасқұдық а.
615449000,NK RK 11-2025,sub_district,2,Дарбазинский с.о.,Дарбаза а.о.
615449100,NK RK 11-2025,settlement,2,с.Дарбаза,Дарбаза а.
615449300,NK RK 11-2025,settlement,2,с.Курысай,Құрысай а.
615449500,NK RK 11-2025,settlement,2,рзд.51,рзд.51
615449600,NK RK 11-2025,settlement,2,с.Ердаут,Ердәуіт а.
615449700,NK RK 11-2025,settlement,2,с.Сарысу,Сарысу а.
615449800,NK RK 11-2025,settlement,2,с.Таскудук,Тасқұдық а.
615451000,NK RK 11-2025,sub_district,2,Дербисекский с.о.,Дербісек а.о.
615451100,NK RK 11-2025,settlement,2,с.Дербисек,Дербісек а.
615451200,NK RK 11-2025,settlement,2,с.Атамекен,Атамекен а.
615455000,NK RK 11-2025,sub_district,2,Жартытобинский с.о.,Жартытөбе а.о.
615455100,NK RK 11-2025,settlement,2,с.Бостандык,Бостандық а.
615455200,NK RK 11-2025,settlement,2,с.Курама,Құрама а.
615455300,NK RK 11-2025,settlement,2,с.Достык,Достық а.
615455400,NK RK 11-2025,settlement,2,с.Тонкерис,Төңкеріс а.
615455500,NK RK 11-2025,settlement,2,с.Ынтымак,Ынтымақ а.
615457000,NK RK 11-2025,sub_district,2,Жемистинский с.о.,Жемісті а.о.
615457100,NK RK 11-2025,settlement,2,с.Жемисти,Жемісті а.
615457200,NK RK 11-2025,settlement,2,с.Тын,Тың а.
615461000,NK RK 11-2025,sub_district,2,Жибекжолинский с.о.,Жібек жолы а.о.
615461100,NK RK 11-2025,settlement,2,с.Жибек жолы,Жібек жолы а.
615461200,NK RK 11-2025,settlement,2,с. Зортобе,Зортөбе а.
615461280,NK RK 11-2025,settlement,2,с.Дихан баба,Дихан баба а.
615461300,NK RK 11-2025,settlement,2,с.Жанакурылыс,Жаңақұрылыс а.
615461400,NK RK 11-2025,settlement,2,с.Жанатурмыс,Жаңатұрмыс а.
615461600,NK RK 11-2025,settlement,2,с. Саркырама,Сарқырама а.
615461700,NK RK 11-2025,settlement,2,с. Карабау,Қарабау а.
615463000,NK RK 11-2025,sub_district,2,Жылгинский с.о.,Жылға а.о.
615463100,NK RK 11-2025,settlement,2,с.Жылга,Жылға а.
615463300,NK RK 11-2025,settlement,2,с.Каракалпак,Қарақалпақ а.
615463400,NK RK 11-2025,settlement,2,с.Кызыласу,Қызыласу а.
615463700,NK RK 11-2025,settlement,2,с.Чайхана,Шәйхана а.
615463800,NK RK 11-2025,settlement,2,с.Ченгельды,Шеңгелді а.
615463900,NK RK 11-2025,settlement,2,с.Шымырбай,Шымырбай а.
615465000,NK RK 11-2025,sub_district,2,Куркелесский с.о.,Күркелес а.о.
615465100,NK RK 11-2025,settlement,2,с. Акниет,Ақниет а.
615465200,NK RK 11-2025,settlement,2,с.Алгабас,Алғабас а.
615465280,NK RK 11-2025,settlement,2,с.Ак уй,Ақ үй а.
615465400,NK RK 11-2025,settlement,2,с.Жанаарык,Жаңаарық а.
615465480,NK RK 11-2025,settlement,2,с.Жанаталап,Жаңаталап а.
615465500,NK RK 11-2025,settlement,2,с. Енкес,Енкес а.
615465580,NK RK 11-2025,settlement,2,с.Келес,Келес а.
615465600,NK RK 11-2025,settlement,2,с.Култума,Құлтума а.
615465680,NK RK 11-2025,settlement,2,с. Жылысу,Жылысу а.
615465700,NK RK 11-2025,settlement,2,с. Нурлыжол,Нұрлыжол а.
615465780,NK RK 11-2025,settlement,2,с.Береке,Береке а.
615465800,NK RK 11-2025,settlement,2,с. Куркелес,Күркелес а.
615465880,NK RK 11-2025,settlement,2,с. Дастан,Дастан а.
615467000,NK RK 11-2025,sub_district,2,Коктерекский с.о.,Көктерек а.о.
615467100,NK RK 11-2025,settlement,2,п.Коктерек,Көктерек к.
615467200,NK RK 11-2025,settlement,2,с.Дархан,Дархан а.
615469000,NK RK 11-2025,sub_district,2,Кабланбекский с.о.,Қабланбек а.о.
615469100,NK RK 11-2025,settlement,2,с.Кабыланбек,Қабыланбек а.
615469200,NK RK 11-2025,settlement,2,с.Жанаарык,Жаңаарық а.
615469300,NK RK 11-2025,settlement,2,с.Зах,Зах а.
615469400,NK RK 11-2025,settlement,2,с.Акниет,Ақниет а.
615469500,NK RK 11-2025,settlement,2,с.Канагат,Қанағат а.
615469600,NK RK 11-2025,settlement,2,с.Таскулак,Тасқұлақ а.
615469700,NK RK 11-2025,settlement,2,с. Тынтобе,Тыңтөбе а.
615469800,NK RK 11-2025,settlement,2,с.Сіргелі,Сіргелі а.
615473000,NK RK 11-2025,sub_district,2,Кызылжарский с.о.,Қызылжар а.о.
615473100,NK RK 11-2025,settlement,2,с.Кызылжар,Қызылжар а.
615473300,NK RK 11-2025,settlement,2,с.Жаскешу,Жаскешу а.
615479000,NK RK 11-2025,sub_district,2,Тегисшильский с.о.,Тегісшіл а.о.
615479100,NK RK 11-2025,settlement,2,с.Тегисшиль,Тегісшіл а.
615479200,NK RK 11-2025,settlement,2,с.Таскескен,Таскескен а.
615479400,NK RK 11-2025,settlement,2,с.Мадениет,Мәдениет а.
615500000,NK RK 11-2025,district,2,район Сауран,Сауран ауданы
615530000,NK RK 11-2025,sub_district,2,с.о.Шорнак,Шорнақ а.о.
615530100,NK RK 11-2025,settlement,2,с.Чернак,Шорнақ а.
615530103,NK RK 11-2025,settlement,2,Подстанция РЭС,РЭС қосалқыстансасы
615530200,NK RK 11-2025,settlement,2,с. Космезгил,Қосмезгіл а.
615530203,NK RK 11-2025,settlement,2,АТК,АТК
615530204,NK RK 11-2025,settlement,2,Дом Акешаева Б.,Б.Акешаев үйі
615530205,NK RK 11-2025,settlement,2,МТФ,МТФ
615530206,NK RK 11-2025,settlement,2,Дом Оспанова-Кудайбергенова,Оспанов-Құдайбергенов үйі
615530207,NK RK 11-2025,settlement,2,Откорм база,Бордақылау базасы
615530300,NK RK 11-2025,settlement,2,с. Аша,Аша а.
615530303,NK RK 11-2025,settlement,2,Дом Жоламанова Е.,Е.Жоламанов үйі
615534000,NK RK 11-2025,sub_district,2,с.о.Бабайкорган,Бабайқорған а.о.
615534100,NK RK 11-2025,settlement,2,с.Бабайкурган,Бабайқорған а.
615534200,NK RK 11-2025,settlement,2,с.Абай,Абай а.
615534206,NK RK 11-2025,settlement,2,Дом чабана 1,Шопан үйі 1
615534207,NK RK 11-2025,settlement,2,Дом чабана 2,Шопан үйі 2
615534300,NK RK 11-2025,settlement,2,с.Кумайлыкас,Құмайлықас а.
615534400,NK RK 11-2025,settlement,2,с.Улгили,Үлгілі а.
615536000,NK RK 11-2025,sub_district,2,с.о.Жибек жолы,Жібек жолы а.о.
615536100,NK RK 11-2025,settlement,2,с.Сауран,Сауран а.
615536200,NK RK 11-2025,settlement,2,с.Ескі Сауран,Ескі Сауран а.
615536204,NK RK 11-2025,settlement,2,Дом чабана Жылысу,Жылысу шопан үйі
615538000,NK RK 11-2025,sub_district,2,с.о.Ески Икан,Ескі Иқан а.о.
615538100,NK RK 11-2025,settlement,2,с.Староикан,Ескіикан а.
615538300,NK RK 11-2025,settlement,2,с.Мәшһүр Жүсіп,Мәшһүр Жүсіп а.
615541000,NK RK 11-2025,sub_district,2,с.о.Жана Икан,Жаңа Иқан а.о.
615541100,NK RK 11-2025,settlement,2,с.Ибата,Ибаата а.
615541113,NK RK 11-2025,settlement,2,Подземвод,Жерастысуы
615541200,NK RK 11-2025,settlement,2,с.Ойык,Ойық а.
615542000,NK RK 11-2025,sub_district,2,с.о.Жуйнек,Жүйнек а.о.
615542100,NK RK 11-2025,settlement,2,с.Жуйнек,Жүйнек а.
615542200,NK RK 11-2025,settlement,2,с.Шекербулак,Шекербұлақ а.
615542300,NK RK 11-2025,settlement,2,с.Чипан,Шипан а.
615543000,NK RK 11-2025,sub_district,2,Иассы с.о.,Иассы а.о.
615543100,NK RK 11-2025,settlement,2,с.Шойтобе,Шойтөбе а.
615543106,NK RK 11-2025,settlement,2,Санаторий водолечебница,Сумен емдеу-сауықтыру орны
615543107,NK RK 11-2025,settlement,2,Чабанские дома,Шопандар үйлері
615543200,NK RK 11-2025,settlement,2,с.Енбекшидихан,Еңбекшідихан а.
615545000,NK RK 11-2025,sub_district,2,с.о.Карашык,Қарашық а.о.
615545100,NK RK 11-2025,settlement,2,с.Карашык,Қарашық а.
615545400,NK RK 11-2025,settlement,2,с.Кумтиым,Құмтиым а.
615545405,NK RK 11-2025,settlement,2,Дома райавтодора,Ауданавтожол үйлері
615547000,NK RK 11-2025,sub_district,2,с.о.Майдантал,Майдантал а.о.
615547100,NK RK 11-2025,settlement,2,с.Ынталы,Ынталы а.
615547106,NK RK 11-2025,settlement,2,Водохранилище,Суқоймасы
615547200,NK RK 11-2025,settlement,2,с.Егизкара,Егізқара а.
615547300,NK RK 11-2025,settlement,2,с.Каражон,Қаражон а.
615549000,NK RK 11-2025,sub_district,2,с.о.Орангай,Оранғай а.о.
615549100,NK RK 11-2025,settlement,2,с.Орангай,Оранғай а.
615549105,NK RK 11-2025,settlement,2,Радиоцентр,Радиоорталық
615549107,NK RK 11-2025,settlement,2,Дома Салимбаевых,Салимбаев үйлері
615549109,NK RK 11-2025,settlement,2,Дома Шаходжаевых,Шаходжаев үйлері
615549200,NK RK 11-2025,settlement,2,с.Бостандык,Бостандық а.
615549400,NK RK 11-2025,settlement,2,с.Кошкорган,Көшқорған а.
615553000,NK RK 11-2025,sub_district,2,с.о.Ушкайык,Үшқайық а.о.
615553100,NK RK 11-2025,settlement,2,с.Жалантос,Жалаңтөс а.
615553103,NK RK 11-2025,settlement,2,Дом лесничего,Орманшылық үйі
615553200,NK RK 11-2025,settlement,2,с.Нуртас,Нұртас а.
615553300,NK RK 11-2025,settlement,2,с.Султанбека Кожанова,Сұлтанбек Қожанов а.
615553305,NK RK 11-2025,settlement,2,Дом лесничего,Орманшылық үйі
615553400,NK RK 11-2025,settlement,2,с.Теке,Теке а.
615553403,NK RK 11-2025,settlement,2,МТФ,МТФ
615555000,NK RK 11-2025,sub_district,2,с.о.Шага,Шаға а.о.
615555100,NK RK 11-2025,settlement,2,с.Чага,Шаға а.
615555200,NK RK 11-2025,settlement,2,с.30 лет Казахстана,Қазақстанның 30 жылдығы а.
615555203,NK RK 11-2025,settlement,2,АТК,АТК
615555205,NK RK 11-2025,settlement,2,МТФ,МТФ
615555300,NK RK 11-2025,settlement,2,с.Шоктас,Шоқтас а.
615555400,NK RK 11-2025,settlement,2,с.Бершинтобе,Бершінтөбе а.
615600000,NK RK 11-2025,district,2,Сузакский район,Созақ ауданы
615630000,NK RK 11-2025,sub_district,2,Шолаккорганский с.о.,Шолаққорған а.о.
615630100,NK RK 11-2025,settlement,2,с.Шолаккорган,Шолаққорған а.
615630200,NK RK 11-2025,settlement,2,с.Абай,Абай а.
615630300,NK RK 11-2025,settlement,2,с.Балдысу,Балдысу а.
615630500,NK RK 11-2025,settlement,2,с.Карабулак,Қарабұлақ а.
615633000,NK RK 11-2025,sub_district,2,Жартытобинский с.о.,Жартытөбе а.о.
615633100,NK RK 11-2025,settlement,2,с.Жартытобе,Жартытөбе а.
615633200,NK RK 11-2025,settlement,2,с.Акколтык,Аққолтық а.
615633300,NK RK 11-2025,settlement,2,с.Бабата,Бабата а.
615635000,NK RK 11-2025,sub_district,2,Жуантобинский с.о.,Жуантөбе а.о.
615635100,NK RK 11-2025,settlement,2,с.Жуантобе,Жуантөбе а.
615637000,NK RK 11-2025,sub_district,2,Карагурский с.о.,Қарағұр а.о.
615637100,NK RK 11-2025,settlement,2,с.Каракур,Қарағұр а.
615637200,NK RK 11-2025,settlement,2,с.Ран,Раң а.
615637400,NK RK 11-2025,settlement,2,с.Шага,Шаға а.
615639000,NK RK 11-2025,sub_district,2,Каратауский с.о.,Қаратау а.о.
615639100,NK RK 11-2025,settlement,2,с.Аксумбе,Ақсүмбе а.
615639200,NK RK 11-2025,settlement,2,с.Бакырлы,Бақырлы а.
615639300,NK RK 11-2025,settlement,2,с.Сарыжаз,Сарыжаз а.
615643000,NK RK 11-2025,sub_district,2,Кумкентский с.о.,Құмкент а.о.
615643100,NK RK 11-2025,settlement,2,с.Кумкент,Құмкент а.
615643300,NK RK 11-2025,settlement,2,с.Кызылкол,Қызылкөл а.
615645000,NK RK 11-2025,sub_district,2,Кыземшекский с.о.,Қыземшек а.о.
615645100,NK RK 11-2025,settlement,2,п.Кыземшек,Қыземшек к.
615645200,NK RK 11-2025,settlement,2,с.Тайконыр,Тайқоңыр а.
615647000,NK RK 11-2025,sub_district,2,Сузакский с.о.,Созақ а.о.
615647100,NK RK 11-2025,settlement,2,с.Сузак,Созақ а.
615647200,NK RK 11-2025,settlement,2,с.Коктобе,Көктөбе а.
615647500,NK RK 11-2025,settlement,2,с.Ыбырай Жаукебаева,Ыбырай Жаукебаев а.
615649000,NK RK 11-2025,sub_district,2,Сызганский с.о.,Сызған а.о.
615649100,NK RK 11-2025,settlement,2,с.Сызган,Сызған а.
615649200,NK RK 11-2025,settlement,2,с.Басбулак,Басбұлақ а.
615649400,NK RK 11-2025,settlement,2,с.Кайнар,Қайнар а.
615649500,NK RK 11-2025,settlement,2,с.Козмолдак,Қозмолдақ а.
615653000,NK RK 11-2025,sub_district,2,Тастинский с.о.,Тасты а.о.
615653100,NK RK 11-2025,settlement,2,с.Тасты,Тасты а.
615653200,NK RK 11-2025,settlement,2,с.Кылты,Қылты а.
615655000,NK RK 11-2025,sub_district,2,с.о.Таукент,Таукент а.о.
615655100,NK RK 11-2025,settlement,2,с.Таукент,Таукент а.
615663000,NK RK 11-2025,sub_district,2,Шуский с.о.,Шу а.о.
615663100,NK RK 11-2025,settlement,2,с.Шу,Шу а.
615800000,NK RK 11-2025,district,4,Толебийский район,Төле би ауданы
615820100,NK RK 11-2025,settlement,1,г.Ленгер,Леңгір қ.
615835000,NK RK 11-2025,sub_district,2,Аккумский с.о.,Аққұм а.о.
615835100,NK RK 11-2025,settlement,2,с.Жанауйым,Жаңаұйым а.
615835200,NK RK 11-2025,settlement,2,с.Аккум,Аққұм а.
615835300,NK RK 11-2025,settlement,2,с.Момынай,Момынай а.
615837000,NK RK 11-2025,sub_district,2,Алатауский с.о.,Алатау а.о.
615837100,NK RK 11-2025,settlement,2,с.Алатау,Алатау а.
615837200,NK RK 11-2025,settlement,2,с.Екпинди,Екпінді а.
615837300,NK RK 11-2025,settlement,2,с.Жанатурмыс,Жаңатұрмыс а.
615837400,NK RK 11-2025,settlement,2,с.Кайнар,Қайнар а.
615837500,NK RK 11-2025,settlement,2,с.Корган,Қорған а.
615837580,NK RK 11-2025,settlement,2,с.Косагаш,Қосағаш а.
615837600,NK RK 11-2025,settlement,2,с.Нысанбек,Нысанбек а.
615837700,NK RK 11-2025,settlement,2,с.Бургулюк,Біркөлік а.
615837800,NK RK 11-2025,settlement,2,с.Шатыртобе,Шатыртөбе а.
615837900,NK RK 11-2025,settlement,2,с.Шубарагаш,Шұбарағаш а.
615839000,NK RK 11-2025,sub_district,2,с.о.Биринши Мамыр,Бірінші Мамыр а.о.
615839100,NK RK 11-2025,settlement,2,с.Биринши Мамыр,Бірінші Мамыр а.
615839200,NK RK 11-2025,settlement,2,с.Алгабас,Алғабас а.
615839300,NK RK 11-2025,settlement,2,с.Бейнеткеш,Бейнеткеш а.
615839400,NK RK 11-2025,settlement,2,с.Жанажол,Жаңажол а.
615839500,NK RK 11-2025,settlement,2,с.Загамбар,Зағамбар а.
615839800,NK RK 11-2025,settlement,2,с.Тагайна,Тағайна а.
615839900,NK RK 11-2025,settlement,2,с.Ынтымак,Ынтымақ а.
615843000,NK RK 11-2025,sub_district,2,Зертасский с.о.,Зертас а.о.
615843100,NK RK 11-2025,settlement,2,с.Зертас,Зертас а.
615843200,NK RK 11-2025,settlement,2,с.Жанакуш,Жаңакүш а.
615845000,NK RK 11-2025,sub_district,2,Жогаргы Аксусский с.о.,Жоғарғы Ақсу а.о.
615845100,NK RK 11-2025,settlement,2,с.Мадени,Мәдени а.
615845200,NK RK 11-2025,settlement,2,с.Саркырама,Сарқырама а.
615846000,NK RK 11-2025,sub_district,2,Кемекалганский с.о.,Кемеқалған а.о.
615846100,NK RK 11-2025,settlement,2,с.Абай,Абай а.
615846200,NK RK 11-2025,settlement,2,с.Акбастау,Ақбастау а.
615846300,NK RK 11-2025,settlement,2,с.Ангирата,Әңгірата а.
615846500,NK RK 11-2025,settlement,2,с.Уйымшыл,Ұйымшыл а.
615846600,NK RK 11-2025,settlement,2,с.Каратобе,Қаратөбе а.
615846700,NK RK 11-2025,settlement,2,с.Каракия,Қарақия а.
615847000,NK RK 11-2025,sub_district,2,Коксаекский с.о.,Көксаяқ а.о.
615847100,NK RK 11-2025,settlement,2,с.Коксайек,Көксәйек а.
615847200,NK RK 11-2025,settlement,2,с.Алтынбастау,Алтынбастау а.
615847300,NK RK 11-2025,settlement,2,с.Жинишке,Жіңішке а.
615847500,NK RK 11-2025,settlement,2,с.Казахстан,Қазақстан а.
615848000,NK RK 11-2025,sub_district,2,Киелитасский с.о.,Киелітас а.о.
615848100,NK RK 11-2025,settlement,2,с.Достык,Достық а.
615848200,NK RK 11-2025,settlement,2,с.Акайдар,Ақайдар а.
615848300,NK RK 11-2025,settlement,2,с.Киелитас,Киелітас а.
615848500,NK RK 11-2025,settlement,2,с.Султанрабат,Сұлтанрабат а.
615853000,NK RK 11-2025,sub_district,2,Каратобинский с.о.,Қаратөбе а.о.
615853100,NK RK 11-2025,settlement,2,с.Балдыберек,Балдыберек а.
615853200,NK RK 11-2025,settlement,2,с.Костобе,Қостөбе а.
615853300,NK RK 11-2025,settlement,2,с.Майбулак,Майбұлақ а.
615853400,NK RK 11-2025,settlement,2,с.Каратобе,Қаратөбе а.
615853500,NK RK 11-2025,settlement,2,с.Тонкерис,Төңкеріс а.
615855000,NK RK 11-2025,sub_district,2,Каскасуйский с.о.,Қасқасу а.о.
615855100,NK RK 11-2025,settlement,2,с.Жогаргы Каскасу,Жоғарғы Қасқасу а.
615855200,NK RK 11-2025,settlement,2,с.Каскасу,Қасқасу  а.
615855300,NK RK 11-2025,settlement,2,с.Керегетас,Керегетас а.
615855400,NK RK 11-2025,settlement,2,с.Конесарык,Көнесарық а.
615857000,NK RK 11-2025,sub_district,2,Когалинский с.о.,Қоғалы а.о.
615857100,NK RK 11-2025,settlement,2,с.Алшалы,Алшалы а.
615857200,NK RK 11-2025,settlement,2,с.Диханкуль,Диханкөл а.
615857400,NK RK 11-2025,settlement,2,с.Узунарык,Ұзынарық а.
615859000,NK RK 11-2025,sub_district,2,Тасарыкский с.о.,Тасарық а.о.
615859100,NK RK 11-2025,settlement,2,с.Тасарык,Тасарық а.
615859200,NK RK 11-2025,settlement,2,с.Жамбыл,Жамбыл а.
615859400,NK RK 11-2025,settlement,2,с.Онтустик,Оңтүстік а.
615859500,NK RK 11-2025,settlement,2,с.Ханарык,Ханарық а.
616000000,NK RK 11-2025,district,2,Тюлькубасский район,Түлкібас ауданы
616030000,NK RK 11-2025,sub_district,2,Майлыкентский с.о.,Майлыкент а.о.
616030100,NK RK 11-2025,settlement,2,с.Турара Рыскулова,Тұрар Рысқұлов а.
616030200,NK RK 11-2025,settlement,2,с.Бакыбека,Бақыбек а.
616030300,NK RK 11-2025,settlement,2,с.Караагашты,Қараағашты а.
616033000,NK RK 11-2025,sub_district,2,Акбийкский с.о.,Ақбиік а.о.
616033100,NK RK 11-2025,settlement,2,с.Акбиик,Ақбиік а.
616033200,NK RK 11-2025,settlement,2,с.Кулан,Құлан а.
616033300,NK RK 11-2025,settlement,2,с.Сарытур,Сарытұр а.
616037000,NK RK 11-2025,sub_district,2,Арысский с.о.,Арыс а.о.
616037100,NK RK 11-2025,settlement,2,с.Кереит,Керейіт а.
616037200,NK RK 11-2025,settlement,2,с.Кайыршакты,Қайыршақты а.
616037300,NK RK 11-2025,settlement,2,с.Махталы,Мақталы а.
616039000,NK RK 11-2025,sub_district,2,Балыктинский с.о.,Балықты а.о.
616039100,NK RK 11-2025,settlement,2,с.Балыкты,Балықты а.
616039200,NK RK 11-2025,settlement,2,с.Абай,Абай а.
616039300,NK RK 11-2025,settlement,2,с.Кокбулак,Көкбұлақ а.
616039400,NK RK 11-2025,settlement,2,с.Урбулак,Үрбұлақ а.
616039500,NK RK 11-2025,settlement,2,с.Шарафкент,Шарафкент а.
616043000,NK RK 11-2025,sub_district,2,Жабаглинский с.о.,Жабағылы а.о.
616043100,NK RK 11-2025,settlement,2,с.Абаил,Абайыл а.
616043200,NK RK 11-2025,settlement,2,с.Жабаглы,Жабағылы а.
616043300,NK RK 11-2025,settlement,2,рзд.115,рзд.115
616045000,NK RK 11-2025,sub_district,2,Жаскешуский с.о.,Жаскешу а.о.
616045100,NK RK 11-2025,settlement,2,с.Жаскешу,Жаскешу а.
616045103,NK RK 11-2025,settlement,2,рзд.Каракчи,рзд.Қарақшы
616045107,NK RK 11-2025,settlement,2,Отдельно стоящие дома,Жеке үйлер
616045109,NK RK 11-2025,settlement,2,Кашара Куанышты,Қуанышты қорасы
616045200,NK RK 11-2025,settlement,2,с.Жанузак,Жанұзақ а.
616045300,NK RK 11-2025,settlement,2,с.Рыскул,Рысқұл а.
616045303,NK RK 11-2025,settlement,2,ст.Коктерек,Көктерек ст.
616045400,NK RK 11-2025,settlement,2,с.Пистели,Пістелі а.
616045403,NK RK 11-2025,settlement,2,Лесхоз,Орманшар
616047000,NK RK 11-2025,sub_district,2,Кельтемашатский с.о.,Келтемашат а.о.
616047100,NK RK 11-2025,settlement,2,с.Кельтемашат,Келтемашат а.
616047300,NK RK 11-2025,settlement,2,с.Даубаба,Дәубаба а.
616047400,NK RK 11-2025,settlement,2,с.Жиынбая,Жиынбай а.
616047500,NK RK 11-2025,settlement,2,с.Кершетас,Кершетас а.
616047600,NK RK 11-2025,settlement,2,с.Когалы,Қоғалы а.
616047700,NK RK 11-2025,settlement,2,с.Сеславино,Сеславино а.
616049000,NK RK 11-2025,sub_district,2,Кемербастауский с.о.,Кемербастау а.о.
616049100,NK RK 11-2025,settlement,2,с.Кемербастау,Кемербастау а.
616049200,NK RK 11-2025,settlement,2,с.Алгабас,Алғабас а.
616049300,NK RK 11-2025,settlement,2,с.Мантай Жаримбетова,Мәнтай Жәрімбетов а.
616049400,NK RK 11-2025,settlement,2,с.Ельтай,Елтай а.
616049500,NK RK 11-2025,settlement,2,с.Кумисбастау,Күмісбастау а.
616049600,NK RK 11-2025,settlement,2,с.Майликент,Майлыкент а.
616053000,NK RK 11-2025,sub_district,2,Машатский с.о.,Машат а.о.
616053100,NK RK 11-2025,settlement,2,с.Машат,Машат а.
616053200,NK RK 11-2025,settlement,2,с.Енбек,Еңбек а.
616053300,NK RK 11-2025,settlement,2,с.Енбекши,Еңбекші а.
616053400,NK RK 11-2025,settlement,2,с.Мынбай,Мыңбай а.
616053500,NK RK 11-2025,settlement,2,с.Кызылбастау,Қызылбастау а.
616055000,NK RK 11-2025,sub_district,2,Мичуринский с.о.,Мичурин а.о.
616055100,NK RK 11-2025,settlement,2,с.Майтобе,Майтөбе а.
616055200,NK RK 11-2025,settlement,2,с.Коксагыз,Көксағыз а.
616055300,NK RK 11-2025,settlement,2,с.Таусагыз,Таусағыз а.
616055400,NK RK 11-2025,settlement,2,с.Кожамберды,Қожамберді а.
616057000,NK RK 11-2025,sub_district,2,Рыскуловский с.о.,Рысқұлов а.о.
616057100,NK RK 11-2025,settlement,2,с.Азатлык,Азатлық а.
616057200,NK RK 11-2025,settlement,2,с.Жанаталап,Жаңаталап а.
616057300,NK RK 11-2025,settlement,2,с.Тастыбулак,Тастыбұлақ а.
616057400,NK RK 11-2025,settlement,2,с.Шукырбулак,Шұқырбұлақ а.
616059000,NK RK 11-2025,sub_district,2,Састобенский с.о.,Састөбе а.о.
616059100,NK RK 11-2025,settlement,2,с.Састобе,Састөбе а.
616059200,NK RK 11-2025,settlement,2,с.Кызылту,Қызылту а.
616059300,NK RK 11-2025,settlement,2,с.Ынтымак,Ынтымақ а.
616061000,NK RK 11-2025,sub_district,2,Тастумсыкский с.о.,Тастұмсық а.о.
616061100,NK RK 11-2025,settlement,2,с.Тастумсык,Тастұмсық а.
616061200,NK RK 11-2025,settlement,2,с.Амангельды,Амангелді а.
616061400,NK RK 11-2025,settlement,2,с.Жыланды,Жыланды а.
616061600,NK RK 11-2025,settlement,2,с.Кабанбай,Қабанбай а.
616061700,NK RK 11-2025,settlement,2,с.Карабастау,Қарабастау а.
616063000,NK RK 11-2025,sub_district,2,Тюлькубасский с.о.,Түлкібас а.о.
616063100,NK RK 11-2025,settlement,2,п.Тюлькубас,Түлкібас к.
616063180,NK RK 11-2025,settlement,2,с.Ирсу,Иірсу а.
616063300,NK RK 11-2025,settlement,2,с.Коктерек,Көктерек а.
616063303,NK RK 11-2025,settlement,2,с.Акбура,Ақбура а.
616065000,NK RK 11-2025,sub_district,2,Чакпакский с.о.,Шақпақ а.о.
616065100,NK RK 11-2025,settlement,2,с.Шакпак баба,Шақпақ баба а.
616065200,NK RK 11-2025,settlement,2,рзд.114,рзд.114
616400000,NK RK 11-2025,district,4,Шардаринский район,Шардара ауданы
616420100,NK RK 11-2025,settlement,1,г.Шардара,Шардара қ.
616433000,NK RK 11-2025,sub_district,2,Акшенгельдинский с.о.,Ақшеңгелді а.о.
616433100,NK RK 11-2025,settlement,2,с.Акалтын,Ақалтын а.
616433200,NK RK 11-2025,settlement,2,с. Егизкум,Егізқұм а.
616435000,NK RK 11-2025,sub_district,2,Достыкский с.о.,Достық а.о.
616435100,NK RK 11-2025,settlement,2,с.Достык,Достық а.
616435103,NK RK 11-2025,settlement,2,Отд. 1,Бөлімше 1
616435105,NK RK 11-2025,settlement,2,Отд. 2,Бөлімше 2
616437000,NK RK 11-2025,sub_district,2,Жаушикумский с.о.,Жаушықұм а.о.
616437100,NK RK 11-2025,settlement,2,с.Жаушикум,Жаушықұм а.
616437400,NK RK 11-2025,settlement,2,с.Калгансыр,Қалғансыр а.
616437403,NK RK 11-2025,settlement,2,Дом моториста,Дом моториста
616437500,NK RK 11-2025,settlement,2,с.Куйган,Құйған а.
616439000,NK RK 11-2025,sub_district,2,Коксуский с.о.,Көксу а.о.
616439100,NK RK 11-2025,settlement,2,с.Коксу,Көксу а.
616439103,NK RK 11-2025,settlement,2,ЛСП,ЛСП
616439105,NK RK 11-2025,settlement,2,МТФ,МТФ
616439107,NK RK 11-2025,settlement,2,Плодовое хозяйство,Жемісшаруашылығы
616439109,NK RK 11-2025,settlement,2,с.Сырдарьинское,Сырдария а.
616439200,NK RK 11-2025,settlement,2,с.Айдарколь кашары,Айдаркөлқашары а.
616439300,NK RK 11-2025,settlement,2,с.Басланды,Басланды а.
616439400,NK RK 11-2025,settlement,2,с.Жоласар,Жоласар а.
616443000,NK RK 11-2025,sub_district,2,Коссейитский с.о.,Қоссейіт а.о.
616443100,NK RK 11-2025,settlement,2,с.Коссейит,Қоссейіт а.
616445000,NK RK 11-2025,sub_district,2,Кызылкумский с.о.,Қызылқұм а.о.
616445100,NK RK 11-2025,settlement,2,с.Кызылкум,Қызылқұм а.
616447000,NK RK 11-2025,sub_district,2,с.о.Суткентский,Сүткент а.о.
616447100,NK RK 11-2025,settlement,2,с.Суткент,Сүткент а.
616453000,NK RK 11-2025,sub_district,2,Узынатинский с.о.,Ұзыната а.о.
616453100,NK RK 11-2025,settlement,2,с.Узыната,Ұзыната а.
616453103,NK RK 11-2025,settlement,2,Отд. 1,Бөлімше 1
616453105,NK RK 11-2025,settlement,2,Отд. 2,Бөлімше 2
616453107,NK RK 11-2025,settlement,2,Отд. 3,Бөлімше 3
616453109,NK RK 11-2025,settlement,2,Отд. 4,Бөлімше 4
616453113,NK RK 11-2025,settlement,2,Насосная,Сорғы
616453115,NK RK 11-2025,settlement,2,ПХЦ,ПХЦ
616453117,NK RK 11-2025,settlement,2,Телевышка,Телемұнара
616455000,NK RK 11-2025,sub_district,2,с.о.Алатау батыра,Алатау батыр а.о.
616455100,NK RK 11-2025,settlement,2,с.Целинное,Целинное а.
616455103,NK RK 11-2025,settlement,2,Насосная,Сорғы
616455105,NK RK 11-2025,settlement,2,Пикет 618,Бөгеуіл 618
616455200,NK RK 11-2025,settlement,2,с.Казахстан,Қазақстан а.
616455203,NK RK 11-2025,settlement,2,Аэродром,Аэродром
616455205,NK RK 11-2025,settlement,2,Отд. 1,Бөлімше 1
616455207,NK RK 11-2025,settlement,2,Отд. 2,Бөлімше 2
616455209,NK RK 11-2025,settlement,2,Отд. 3,Бөлімше 3
616457000,NK RK 11-2025,sub_district,2,с.о.Кауысбека Турысбекова,Қауысбек Тұрысбеков а.о.
616457100,NK RK 11-2025,settlement,2,с.Чардара,Шардара а.
616457200,NK RK 11-2025,settlement,2,с.Акберди,Ақберді а.
616457300,NK RK 11-2025,settlement,2,с.Бимырза,Бимырза а.
616457400,NK RK 11-2025,settlement,2,с.Бозей,Бөзей а.
616457500,NK RK 11-2025,settlement,2,с.Куанкудык,Қуанқұдық а.
620000000,NK RK 11-2025,oblast,0,область Ұлытау,Ұлытау облысы
621000000,NK RK 11-2025,district,3,Жезказган Г.А.,Жезқазған Қ.Ә.
621010000,NK RK 11-2025,sub_district,1,г.Жезказган,Жезқазған қ.
621039000,NK RK 11-2025,sub_district,2,Кенгирский с.о.,Кеңгір а.о.
621039100,NK RK 11-2025,settlement,2,с.Кенгирское,Кеңгір а.
621039102,NK RK 11-2025,settlement,2,кр.хоз. «Сагиндиков К.С.»,«Сагиндиков К.С.» шар.қож.
621039103,NK RK 11-2025,settlement,2,кр.хоз. «Лекеров Т.Д.»,«Лекеров Т.Д.» шар.қож.
621039104,NK RK 11-2025,settlement,2,кр.хоз. «Сарбасов К.»,«Сарбасов К.» шар.қож.
621039105,NK RK 11-2025,settlement,2,кр.хоз. «Ногайбаева А.А.»,«Ногайбаева А.А.» шар.қож.
621039106,NK RK 11-2025,settlement,2,кр.хоз. «Балмаганбетов Ж.»,«Балмаганбетов Ж.» шар.қож.
621039107,NK RK 11-2025,settlement,2,кр.хоз. «Сулейменов Т.»,«Сулейменов Т.» шар.қож.
621039108,NK RK 11-2025,settlement,2,кр.хоз. «Дюйсенбеков У.К.»,«Дюсенбеков У.К.» шар.қож.
621039109,NK RK 11-2025,settlement,2,кр.хоз. «Есенгабулов К.К.»,«Есенгабулов К.К.» шар.қож.
621039111,NK RK 11-2025,settlement,2,кр.хоз. «Сүйінжан» Сариев У.,Сариев У. «Сүйінжан» шар.қож.
621039112,NK RK 11-2025,settlement,2,кр.хоз. «Акши» Арыстанбеков Е.Т.,«Арыстанбеков Е.Т.» «Ақши» шар.қож.
621039200,NK RK 11-2025,settlement,2,с.Корганбай,Қорғанбай а.
621039202,NK RK 11-2025,settlement,2,с.Шоткара,Шотқара а.
621039206,NK RK 11-2025,settlement,2,кр.хоз. «Ыкылас» Жадкеев Н.Г.,Жадкеев Н.Г. «Ыкылас» шар.қож.
621039207,NK RK 11-2025,settlement,2,кр.хоз. «Дауленбаев С.Ш.»,«Дауленбаев С.Ш.» шар.қож.
621039208,NK RK 11-2025,settlement,2,кр.хоз. «Боргоз» Кусайнова А.К.,Кусайнова А.К. «Боргоз» шар.қож.
621039209,NK RK 11-2025,settlement,2,кр.хоз. «Шоткара» Унчибаев С.Д.,Унчибаев С.Д. «Шоткара» шар.қож.
621039211,NK RK 11-2025,settlement,2,кр.хоз. «Нургалиева С.»,«Нургалиева С.» шар.қож.
621039213,NK RK 11-2025,settlement,2,кр.хоз. «Жаксыбаев Б.»,«Жаксыбаев Б.» шар.қож.
621039214,NK RK 11-2025,settlement,2,кр.хоз. «Касымов Б.Б.»,«Касымов Б.Б.» шар.қож.
621039215,NK RK 11-2025,settlement,2,кр.хоз. «Бердинов Т.»,«Бердинов Т.» шар.қож.
621039216,NK RK 11-2025,settlement,2,кр.хоз. «Жакупов С.С.»,«Жакупов С.С.» шар.қож.
621039217,NK RK 11-2025,settlement,2,кр.хоз. «Айтқожа» Шалмаганбетова Ж.М.,Шалмаганбетова Ж.М. «Айтқожа» шар.қож.
621039218,NK RK 11-2025,settlement,2,кр.хоз. «Абдрахманов Е.М.»,«Абдрахманов Е.М.» шар.қож.
621039300,NK RK 11-2025,settlement,2,рзд.60,рзд.60
621039580,NK RK 11-2025,settlement,2,рзд.366 км,рзд.366 км
621039800,NK RK 11-2025,settlement,2,ст.Теректы,Теректі ст.
621039807,NK RK 11-2025,settlement,2,кр.хоз. «Искаков А.Х.»,«Искаков А.Х.» шар.қож.
621039808,NK RK 11-2025,settlement,2,кр.хоз. «Дильдебаев К.»,«Дильдебаев К.» шар.қож.
621039809,NK RK 11-2025,settlement,2,кр.хоз. «Асаинов М.Р.»,«Асаинов М.Р.» шар.қож.
621039811,NK RK 11-2025,settlement,2,кр.хоз. «Шамбулов Е.Р.»,«Шамбулов Е.Р.» шар.қож.
621039812,NK RK 11-2025,settlement,2,кр.хоз. «Абдрахман Қажы» Сыздыманов Е.,Сыздыманов Е. «Абдрахман Қажы» шар.қож.
621039813,NK RK 11-2025,settlement,2,кр.хоз. «Кожабаев А.Х.»,«Қожабаев А.Х.» шар.қож.
621039900,NK RK 11-2025,settlement,2,ст.Туйемойнак,Түйемойнақ ст.
621045000,NK RK 11-2025,sub_district,2,Сарыкенгирский с.о.,Сарыкеңгір а.о.
621045100,NK RK 11-2025,settlement,2,с.Малшыбай,Малшыбай а.
621045103,NK RK 11-2025,settlement,2,зимовка Ажигуль,Ажігүл қыстауы
621045105,NK RK 11-2025,settlement,2,зимовка Акши,Ақшы қыстауы
621045107,NK RK 11-2025,settlement,2,зимовка Байсалбай,Байсалбай қыстауы
621045109,NK RK 11-2025,settlement,2,зимовка Жаугашар,Жауғашыр қыстауы
621045111,NK RK 11-2025,settlement,2,зимовка Оразалы 1,Оразалы 1 қыстауы
621045112,NK RK 11-2025,settlement,2,зимовка Оразалы 2,Оразалы 2 қыстауы
621045115,NK RK 11-2025,settlement,2,зимовка Санрык,Санрық қыстауы
621045117,NK RK 11-2025,settlement,2,зимовка Сарыкамыс,Сарықамыс қыстауы
621045119,NK RK 11-2025,settlement,2,зимовка Айранбай,Айранбай қыстауы
621045121,NK RK 11-2025,settlement,2,зимовка Досмаганбет,Досмағанбет қыстауы
621045122,NK RK 11-2025,settlement,2,зимовка Кемеш,Кемеш қыстауы
621045123,NK RK 11-2025,settlement,2,зимовка Колбай,Көлбай қыстауы
621045124,NK RK 11-2025,settlement,2,зимовка Котырбулак,Қотырбұлақ қыстауы
621045125,NK RK 11-2025,settlement,2,зимовка Сарыбулак,Сарыбұлақ қыстауы
621045126,NK RK 11-2025,settlement,2,зимовка Тенбай,Тенбай қыстауы
621045127,NK RK 11-2025,settlement,2,зимовка Токтыкбай,Тоқтықбай қыстауы
621045128,NK RK 11-2025,settlement,2,зимовка Шокибай,Шоқыбай қыстауы
621045131,NK RK 11-2025,settlement,2,зимовка Алахан,Алахан қыстауы
621045132,NK RK 11-2025,settlement,2,зимовка Жамантас,Жамантас қыстауы
621045133,NK RK 11-2025,settlement,2,зимовка Жуман,Жұман қыстауы
621045134,NK RK 11-2025,settlement,2,зимовка Карабас,Қарабас қыстауы
621045135,NK RK 11-2025,settlement,2,зимовка Карасу,Қарасу қыстауы
621045136,NK RK 11-2025,settlement,2,зимовка Каркынбай,Қарқынбай қыстауы
621045137,NK RK 11-2025,settlement,2,зимовка Катыгулак,Қаттықұлақ қыстауы
621045138,NK RK 11-2025,settlement,2,зимовка Кызылуй,Қызылүй қыстауы
621045141,NK RK 11-2025,settlement,2,зимовка Аккияк,Аққияқ қыстауы
621045142,NK RK 11-2025,settlement,2,зимовка Алимбай,Әлембай қыстауы
621045143,NK RK 11-2025,settlement,2,зимовка Байдос,Байдос қыстауы
621045144,NK RK 11-2025,settlement,2,с.Байлыбокан,Байлыбоқан а.
621045145,NK RK 11-2025,settlement,2,зимовка Есжан,Есжан қыстауы
621045146,NK RK 11-2025,settlement,2,зимовка Шенбер,Шеңбер қыстауы
621045147,NK RK 11-2025,settlement,2,зимовка Коктас,Көктас қыстауы
621045148,NK RK 11-2025,settlement,2,зимовка Кызыладыр,Қызыладыр қыстауы
621045149,NK RK 11-2025,settlement,2,зимовка Тугискен,Түгіскен қыстауы
621049000,NK RK 11-2025,sub_district,2,Талапский с.о.,Талап а.о.
621049100,NK RK 11-2025,settlement,2,с.Талап,Талап а.
621049107,NK RK 11-2025,settlement,2,зимовка Арғымақ,Арғымақ қыстауы
621049108,NK RK 11-2025,settlement,2,кр.хоз Удербаев,Удербаев шарқож
621049109,NK RK 11-2025,settlement,2,кр.хоз Гончаров,Гончаров шарқож
621049111,NK RK 11-2025,settlement,2,кр.хоз Кожахметов,Кожахметов шарқож
621049112,NK RK 11-2025,settlement,2,кр.хоз Молдабеков,Молдабеков шарқож
621049113,NK RK 11-2025,settlement,2,кр.хоз Есенов,Есенов шарқож
621049114,NK RK 11-2025,settlement,2,кр.хоз Садыкова,Садыкова шарқож
621049115,NK RK 11-2025,settlement,2,кр.хоз Алекперзаде,Алекперзаде шарқож
621049116,NK RK 11-2025,settlement,2,кр.хоз Калканбаев,Калканбаев шарқож
621049117,NK RK 11-2025,settlement,2,кр.хоз Байсалбаев,Байсалбаев шарқож
621049118,NK RK 11-2025,settlement,2,кр.хоз Танкибаев,Танкибаев шарқож
621049119,NK RK 11-2025,settlement,2,кр.хоз Магзумов,Магзумов шарқож
621049121,NK RK 11-2025,settlement,2,кр.хоз Джанкошкаров,Джанкошкаров шарқож
621049122,NK RK 11-2025,settlement,2,кр.хоз Гаппасов,Гаппасов шарқож
621049123,NK RK 11-2025,settlement,2,кр.хоз Молдабеков,Молдабеков шарқож
621049124,NK RK 11-2025,settlement,2,кр.хоз Бапанов,Бапанов шарқож
621800000,NK RK 11-2025,district,1,Каражал Г.А.,Қаражал Қ.Ә.
621810000,NK RK 11-2025,sub_district,1,г.Каражал,Қаражал қ.
621835000,NK RK 11-2025,sub_district,1,Жайремская п.а.,Жәйрем к.ә.
621835100,NK RK 11-2025,settlement,1,п.Жайрем,Жәйрем к.
622000000,NK RK 11-2025,district,3,Сатпаев Г.А.,Сәтбаев Қ.Ә.
622010000,NK RK 11-2025,sub_district,1,г.Сатпаев,Сәтбаев қ.
622037000,NK RK 11-2025,sub_district,2,Сатпаевская с.а.,Сәтбаев а.ә.
622037200,NK RK 11-2025,settlement,2,с.Сатпаев,Сәтбаев а.
623600000,NK RK 11-2025,district,2,Жанааркинский район,Жаңаарқа ауданы
623630000,NK RK 11-2025,sub_district,2,п.а.Жаңаарқа,Жаңаарқа к.ә.
623630100,NK RK 11-2025,settlement,2,п.Жаңаарқа,Жаңаарқа к.
623633000,NK RK 11-2025,sub_district,2,Айнабулакский с.о.,Айнабұлақ а.о.
623633100,NK RK 11-2025,settlement,2,с.Айнабулак,Айнабұлақ а.
623633105,NK RK 11-2025,settlement,2,с.Белкараган,Белқараған а.
623633107,NK RK 11-2025,settlement,2,зимовка Коксай,Көксай қыстауы
623637000,NK RK 11-2025,sub_district,2,Актауский с.о.,Ақтау а.о.
623637100,NK RK 11-2025,settlement,2,с.Актау,Ақтау а.
623637102,NK RK 11-2025,settlement,2,зимовка Аксай,Ақсай қыстауы
623637103,NK RK 11-2025,settlement,2,зимовка Жекебаз,Жекебас қыстауы
623637104,NK RK 11-2025,settlement,2,зимовка Комсомол,Комсомол қыстауы
623637105,NK RK 11-2025,settlement,2,зимовка Косагалы,Қосағалы қыстауы
623637106,NK RK 11-2025,settlement,2,зимовка Косбулак,Қосбұлақ қыстауы
623637107,NK RK 11-2025,settlement,2,зимовка Пионерлагерь,Пионерлагер қыстауы
623637111,NK RK 11-2025,settlement,2,зимовка Асаубек,Асаубек қыстауы
623637112,NK RK 11-2025,settlement,2,зимовка Ашербайжан,Ашербайжан қыстауы
623637113,NK RK 11-2025,settlement,2,зимовка Каражал,Қаражал қыстауы
623637114,NK RK 11-2025,settlement,2,зимовка Боксай,Боқсай қыстауы
623637115,NK RK 11-2025,settlement,2,зимовка Дарат,Дарат қыстауы
623637116,NK RK 11-2025,settlement,2,зимовка Каратумсык,Қаратұмсық қыстауы
623637117,NK RK 11-2025,settlement,2,зимовка Корган,Қорған қыстауы
623637118,NK RK 11-2025,settlement,2,зимовка Саугабай,Сауғабай қыстауы
623637119,NK RK 11-2025,settlement,2,зимовка Сарыоба,Сарыоба қыстауы
623639000,NK RK 11-2025,sub_district,2,Актубекский с.о.,Ақтүбек а.о.
623639100,NK RK 11-2025,settlement,2,с.Актубек,Ақтүбек а.
623639103,NK RK 11-2025,settlement,2,с.Сарысу,Сарысу а.
623639200,NK RK 11-2025,settlement,2,с.Атасу,Атасу а.
623639207,NK RK 11-2025,settlement,2,рзд.128 км,рзд.128 км
623639300,NK RK 11-2025,settlement,2,ст.Мынадыр,Мыңадыр ст.
623639302,NK RK 11-2025,settlement,2,рзд.152 км,рзд.152 км
623639303,NK RK 11-2025,settlement,2,рзд.163 км,рзд.163 км
623641000,NK RK 11-2025,sub_district,2,с.о.им.Мукажана  Жумажанова,Мұқажан Жұмажанов атын.а.о.
623641100,NK RK 11-2025,settlement,2,с.им.Мукажана Жумажанова,Мұқажан Жұмажанов атын.а.
623641105,NK RK 11-2025,settlement,2,с.Куйгенбаз,Күйгенбаз а.
623645000,NK RK 11-2025,sub_district,2,Бидайыкский с.о.,Бидайық а.о.
623645100,NK RK 11-2025,settlement,2,с.Бидайык,Бидайық а.
623645200,NK RK 11-2025,settlement,2,с.Актайлак,Ақтайлақ а.
623645205,NK RK 11-2025,settlement,2,рзд.82 км,рзд.82 км
623645500,NK RK 11-2025,settlement,2,рзд.69 км,рзд.69 км
623649000,NK RK 11-2025,sub_district,2,Байдалы бийский с.о.,Байдалы би а.о.
623649100,NK RK 11-2025,settlement,2,с.Атасу,Атасу а.
623649102,NK RK 11-2025,settlement,2,зимовка Мешит,Мешіт қыстауы
623649104,NK RK 11-2025,settlement,2,Бригада 4,Бригада 4
623649109,NK RK 11-2025,settlement,2,рзд.105 км,рзд.105 км
623653000,NK RK 11-2025,sub_district,2,Ералиевский с.о.,Ералиев а.о.
623653100,NK RK 11-2025,settlement,2,с.Ералиево,Ералиево а.
623653102,NK RK 11-2025,settlement,2,зимовка Актобе,Ақтөбе қыстауы
623653103,NK RK 11-2025,settlement,2,зимовка Акши 1,Ақши 1 қыстауы
623653105,NK RK 11-2025,settlement,2,зимовка Жумырткалы,Жұмыртқалы қыстауы
623653106,NK RK 11-2025,settlement,2,зимовка Змина,Змина қыстауы
623653107,NK RK 11-2025,settlement,2,зимовка Кенсаз 1,Кеңсаз 1 қыстауы
623653108,NK RK 11-2025,settlement,2,зимовка Кенсаз 2,Кеңсаз 2 қыстауы
623653109,NK RK 11-2025,settlement,2,зимовка Кокозек 1,Көкөзек 1 қыстауы
623653111,NK RK 11-2025,settlement,2,зимовка Кокозек 2,Көкөзек 2 қыстауы
623653112,NK RK 11-2025,settlement,2,зимовка Койтан,Қойтан қыстауы
623653113,NK RK 11-2025,settlement,2,зимовка Нурхан,Нұрқан қыстауы
623653115,NK RK 11-2025,settlement,2,с.Аралтобе,Аралтөбе а.
623653116,NK RK 11-2025,settlement,2,зимовка Акши 2,Ақши 2 қыстауы
623653117,NK RK 11-2025,settlement,2,зимовка Конек,Көнек қыстауы
623653118,NK RK 11-2025,settlement,2,зимовка Косар,Қосар қыстауы
623653119,NK RK 11-2025,settlement,2,зимовка Наин,Наин қыстауы
623653200,NK RK 11-2025,settlement,2,с.Акбастау,Ақбастау а.
623653203,NK RK 11-2025,settlement,2,зимовка Актан,Ақтан қыстауы
623653204,NK RK 11-2025,settlement,2,зимовка Сарыжол,Сарыжол қыстауы
623653205,NK RK 11-2025,settlement,2,зимовка Тлемис,Тілеміс қыстауы
623653206,NK RK 11-2025,settlement,2,зимовка Ушкатын,Үшқатын қыстауы
623653207,NK RK 11-2025,settlement,2,зимовка Центр,Орталық қыстауы
623653211,NK RK 11-2025,settlement,2,рзд.201 км,рзд.201 км
623653400,NK RK 11-2025,settlement,2,ст.Жомарт,Жомарт ст.
623653600,NK RK 11-2025,settlement,2,рзд.189 км,рзд.189 км
623657000,NK RK 11-2025,sub_district,2,Кызылжарская п.а.,Қызылжар к.ә.
623657100,NK RK 11-2025,settlement,2,п.Кызылжар,Қызылжар к.
623661000,NK RK 11-2025,sub_district,2,Караагашский с.о.,Қараағаш а.о.
623661100,NK RK 11-2025,settlement,2,с.Инталы,Ынталы а.
623661102,NK RK 11-2025,settlement,2,зимовка Жосалы,Жосалы қыстауы
623661104,NK RK 11-2025,settlement,2,зимовка Мойынкаргалы,Мойынқарғалы қыстауы
623661105,NK RK 11-2025,settlement,2,зимовка Сатыкаргалы,Сатықарғалы қыстауы
623661107,NK RK 11-2025,settlement,2,с.Жартас,Жартас а.
623661108,NK RK 11-2025,settlement,2,зимовка Жартас 2,Жартас 2 қыстауы
623663000,NK RK 11-2025,sub_district,2,Сейфуллинский с.о.,Сейфуллин а.о.
623663100,NK RK 11-2025,settlement,2,с.Интымак,Ынтымақ а.
623663102,NK RK 11-2025,settlement,2,зимовка Байтак,Байтақ қыстауы
623663103,NK RK 11-2025,settlement,2,зимовка Жангозы,Жанғозы қыстауы
623663104,NK RK 11-2025,settlement,2,зимовка Каракога,Қарақоға қыстауы
623663105,NK RK 11-2025,settlement,2,зимовка Каракудук,Қарақұдық қыстауы
623663106,NK RK 11-2025,settlement,2,зимовка Каратобе,Қаратөбе қыстауы
623663107,NK RK 11-2025,settlement,2,зимовка Кызылагаш,Қызылағаш қыстауы
623663109,NK RK 11-2025,settlement,2,с.Бестоган,Бестоған а.
623665000,NK RK 11-2025,sub_district,2,Тогускенский с.о.,Төгіскен а.о.
623665100,NK RK 11-2025,settlement,2,с.Тогускен,Төгіскен а.
623665102,NK RK 11-2025,settlement,2,зимовка Айбас,Айбас қыстауы
623665103,NK RK 11-2025,settlement,2,зимовка Комсомол,Комсомол қыстауы
623665104,NK RK 11-2025,settlement,2,зимовка Казангап,Қазанғап қыстауы
623665105,NK RK 11-2025,settlement,2,Отделение Сарысу,Сарысу бөлімшесі
623665106,NK RK 11-2025,settlement,2,зимовка Акбаз,Ақбаз қыстауы
623665107,NK RK 11-2025,settlement,2,рзд.215 км,рзд.215 км
623665300,NK RK 11-2025,settlement,2,с.Кенжебайсамай,Кенжебайсамай а.
623667000,NK RK 11-2025,sub_district,2,Талдыбулакский с.о.,Талдыбұлақ а.о.
623667100,NK RK 11-2025,settlement,2,с.Талдыбулак,Талдыбұлақ а.
623667102,NK RK 11-2025,settlement,2,с.Улкенбулак,Үлкенбұлақ а.
623667300,NK RK 11-2025,settlement,2,с.Алгабас,Алғабас а.
623669000,NK RK 11-2025,sub_district,2,с.о.Орынбай,Орынбай а.о.
623669100,NK RK 11-2025,settlement,2,с.Орынбай,Орынбай а.
623669102,NK RK 11-2025,settlement,2,Селхоз Айткожа,Айтқожа ауылшар
623669103,NK RK 11-2025,settlement,2,Селхоз Аул,Ауыл ауылшар
623669104,NK RK 11-2025,settlement,2,Отгон,Жайылым
623669105,NK RK 11-2025,settlement,2,с.Акшагат,Ақшағат а.
623800000,NK RK 11-2025,district,2,Улытауский район,Ұлытау ауданы
623830000,NK RK 11-2025,sub_district,2,Улытауский с.о,Ұлытау а.о
623830100,NK RK 11-2025,settlement,2,с.Улытау,Ұлытау а.
623830107,NK RK 11-2025,settlement,2,Стандарт,Стандарт
623830108,NK RK 11-2025,settlement,2,Туяк,Тұяқ
623831000,NK RK 11-2025,sub_district,2,Актасская п.а.,Ақтас к.ә.
623831100,NK RK 11-2025,settlement,2,п.Актас,Ақтас к.
623831200,NK RK 11-2025,settlement,2,с.Пионер,Пионер а.
623833000,NK RK 11-2025,sub_district,2,Алгабасский с.о.,Алғабас а.о.
623833100,NK RK 11-2025,settlement,2,с.Бетбулак,Бетбұлақас.
623833102,NK RK 11-2025,settlement,2,зимовка Абушахман,Абушахман қыстауы
623833106,NK RK 11-2025,settlement,2,зимовка Батырша,Батырша қыстауы
623833107,NK RK 11-2025,settlement,2,зимовка Бокей,Бөкей қыстауы
623833108,NK RK 11-2025,settlement,2,зимовка Есепши,Есепші қыстауы
623833111,NK RK 11-2025,settlement,2,зимовка Таскудук,Тасқұдық қыстауы
623833112,NK RK 11-2025,settlement,2,зимовка Шаган,Шаған қыстауы
623833113,NK RK 11-2025,settlement,2,с.Сарыбулак,Сарыбұлақ а.
623835000,NK RK 11-2025,sub_district,2,Борсенгирский с.о.,Борсеңгір а.о.
623835100,NK RK 11-2025,settlement,2,с.Борсенгир,Борсеңгір а.
623835102,NK RK 11-2025,settlement,2,зимовка Ашыкозек-Кыргауыл,Ашықөзек-Қырғауыл қыстауы
623835103,NK RK 11-2025,settlement,2,зимовка Боройнак,Боройнақ қыстауы
623835104,NK RK 11-2025,settlement,2,зимовка Дауит,Дәуіт қыстауы
623835105,NK RK 11-2025,settlement,2,зимовка Жанабаз,Жаңабаз қыстауы
623835106,NK RK 11-2025,settlement,2,зимовка Куйгенбаз,Күйгенбаз қыстауы
623835107,NK RK 11-2025,settlement,2,зимовка Карасу,Қарасу қыстауы
623835108,NK RK 11-2025,settlement,2,зимовка Салденбек,Салденбек қыстауы
623835109,NK RK 11-2025,settlement,2,зимовка Сарыкамыс,Сарықамыс қыстауы
623835111,NK RK 11-2025,settlement,2,зимовка Скважина,Ұңғыма қыстауы
623835112,NK RK 11-2025,settlement,2,зимовка Шубаркудук,Шұбарқұдық қыстауы
623835113,NK RK 11-2025,settlement,2,зимовка Кызылуй,Қызылүй қыстауы
623835114,NK RK 11-2025,settlement,2,зимовка Каракудык,Қарақұдық қыстауы
623835115,NK RK 11-2025,settlement,2,зимовка Победа,Победа қыстауы
623835116,NK RK 11-2025,settlement,2,зимовка Базыл,Базыл қыстауы
623835117,NK RK 11-2025,settlement,2,зимовка Арын,Арын қыстауы
623835118,NK RK 11-2025,settlement,2,зимовка Кузек,Күзек қыстауы
623835119,NK RK 11-2025,settlement,2,зимовка Касым,Қасым қыстауы
623835121,NK RK 11-2025,settlement,2,зимовка Танатар,Таңатар қыстауы
623835122,NK RK 11-2025,settlement,2,с.Сымтас,Сымтас а.
623839000,NK RK 11-2025,sub_district,2,Егиндинский с.о.,Егінді а.о.
623839100,NK RK 11-2025,settlement,2,с.Егинди,Егінді а.
623839102,NK RK 11-2025,settlement,2,зимовка Айнабай,Айнабай қыстауы
623839103,NK RK 11-2025,settlement,2,зимовка Аксай,Ақсай қыстауы
623839104,NK RK 11-2025,settlement,2,зимовка Ауез,Әуез қыстауы
623839105,NK RK 11-2025,settlement,2,зимовка Бузау,Бұзау қыстауы
623839106,NK RK 11-2025,settlement,2,зимовка Жанабай,Жанабай қыстауы
623839107,NK RK 11-2025,settlement,2,зимовка Избасар,Избасар қыстауы
623839109,NK RK 11-2025,settlement,2,зимовка Копжасар,Көпжасар қыстауы
623839111,NK RK 11-2025,settlement,2,зимовка Маканбай,Мақанбай қыстауы
623841000,NK RK 11-2025,sub_district,2,Жангильдинский с.о.,Жангелді а.о.
623841100,NK RK 11-2025,settlement,2,с.Байконур,Байқоңыр а.
623841102,NK RK 11-2025,settlement,2,зимовка Акжар,Ақжар қыстауы
623841103,NK RK 11-2025,settlement,2,зимовка Абиль,Әбіл қыстауы
623841104,NK RK 11-2025,settlement,2,зимовка Байгула,Байғұла қыстауы
623841105,NK RK 11-2025,settlement,2,зимовка Конырат,Қоңырат қыстауы
623841106,NK RK 11-2025,settlement,2,зимовка Лакпай,Лақпай қыстауы
623841107,NK RK 11-2025,settlement,2,зимовка Мандай,Маңдай қыстауы
623841108,NK RK 11-2025,settlement,2,зимовка Сарысай-Рахмет,Сарысай-Рахмет қыстауы
623841109,NK RK 11-2025,settlement,2,зимовка Тайкошкар,Тайқошқар қыстауы
623841111,NK RK 11-2025,settlement,2,зимовка Шенбер,Шеңбер қыстауы
623841112,NK RK 11-2025,settlement,2,зимовка Акшолак,Ақшолақ қыстауы
623841113,NK RK 11-2025,settlement,2,зимовка Алаколь,Алакөл қыстауы
623841114,NK RK 11-2025,settlement,2,зимовка Амангельды,Амангелді қыстауы
623841115,NK RK 11-2025,settlement,2,зимовка Аубакир,Аубәкір қыстауы
623841116,NK RK 11-2025,settlement,2,зимовка Ботамтай,Ботамтай қыстауы
623841117,NK RK 11-2025,settlement,2,зимовка Борижильбек,Бөріжілбек қыстауы
623841118,NK RK 11-2025,settlement,2,зимовка Букир,Бүкір қыстауы
623841119,NK RK 11-2025,settlement,2,зимовка Досан,Досан қыстауы
623841121,NK RK 11-2025,settlement,2,зимовка Жамантабан,Жамантабан қыстауы
623841122,NK RK 11-2025,settlement,2,зимовка Когелен,Көгелен қыстауы
623841123,NK RK 11-2025,settlement,2,зимовка Куйгенбидайык,Күйгенбидайық қыстауы
623841124,NK RK 11-2025,settlement,2,зимовка Кога,Қоға қыстауы
623841125,NK RK 11-2025,settlement,2,зимовка Кызылтам,Қызылтам қыстауы
623841126,NK RK 11-2025,settlement,2,зимовка Мешит,Мешіт қыстауы
623841127,NK RK 11-2025,settlement,2,зимовка Мейрман,Мейірман қыстауы
623841128,NK RK 11-2025,settlement,2,зимовка Ораз,Ораз қыстауы
623841129,NK RK 11-2025,settlement,2,зимовка Сарыайгыр,Сарыайғыр қыстауы
623841131,NK RK 11-2025,settlement,2,зимовка Сарыарка,Сарыарка қыстауы
623841132,NK RK 11-2025,settlement,2,зимовка Токболат,Тоқболат қыстауы
623841133,NK RK 11-2025,settlement,2,зимовка Акши,Ақши қыстауы
623841134,NK RK 11-2025,settlement,2,зимовка Аяпберген,Аяпберген қыстауы
623841135,NK RK 11-2025,settlement,2,зимовка Демеубай,Демеубай қыстауы
623841136,NK RK 11-2025,settlement,2,зимовка Калыбай,Қалыбай қыстауы
623841137,NK RK 11-2025,settlement,2,зимовка Мечеть,Мешіт қыстауы
623841138,NK RK 11-2025,settlement,2,зимовка Миябай,Миябай қыстауы
623841139,NK RK 11-2025,settlement,2,зимовка Мырзагуль,Мырзагүл қыстауы
623841141,NK RK 11-2025,settlement,2,зимовка Тасыбай,Тасыбай қыстауы
623841142,NK RK 11-2025,settlement,2,зимовка Токсанбай,Тоқсанбай қыстауы
623841143,NK RK 11-2025,settlement,2,зимовка Дулыгалы,Дулығалы қыстауы
623843000,NK RK 11-2025,sub_district,2,Жездинская п.а.,Жезді к.ә.
623843100,NK RK 11-2025,settlement,2,п.Жезды,Жезді к.
623843200,NK RK 11-2025,settlement,2,с.Орнек,Өрнек а.
623849000,NK RK 11-2025,sub_district,2,Амангельдинский с.о.,Амангелді а.о.
623849100,NK RK 11-2025,settlement,2,с.Сарлык,Сарлық а.
623849102,NK RK 11-2025,settlement,2,зимовка Акпанбет,Ақпанбет қыстауы
623849103,NK RK 11-2025,settlement,2,зимовка Алимбай,Әлімбай қыстауы
623849104,NK RK 11-2025,settlement,2,зимовка Баршынбай,Баршынбай қыстауы
623849105,NK RK 11-2025,settlement,2,зимовка Дара,Дара қыстауы
623849106,NK RK 11-2025,settlement,2,зимовка Каражал,Қаражал қыстауы
623849107,NK RK 11-2025,settlement,2,зимовка Козыбек,Қозыбек қыстауы
623849108,NK RK 11-2025,settlement,2,зимовка Кызылтау,Қызылтау қыстауы
623849109,NK RK 11-2025,settlement,2,зимовка Тогызбай,Тоғызбай қыстауы
623849111,NK RK 11-2025,settlement,2,с.Коргантас,Қорғантас а.
623849112,NK RK 11-2025,settlement,2,зимовка Айбас,Айбас қыстауы
623849113,NK RK 11-2025,settlement,2,зимовка Аккошкар,Аққошқар қыстауы
623849114,NK RK 11-2025,settlement,2,зимовка Амир,Әмір қыстауы
623849115,NK RK 11-2025,settlement,2,зимовка Бакатас,Бақатас қыстауы
623849116,NK RK 11-2025,settlement,2,зимовка Итауыз,Итауыз қыстауы
623849117,NK RK 11-2025,settlement,2,зимовка Самбет,Сәмбет қыстауы
623849118,NK RK 11-2025,settlement,2,зимовка Токсейт,Тоқсейіт қыстауы
623849119,NK RK 11-2025,settlement,2,зимовка Шаухар,Шаухар қыстауы
623849121,NK RK 11-2025,settlement,2,с.Умбет,Үмбет а.
623849122,NK RK 11-2025,settlement,2,зимовка Акшал,Ақшал қыстауы
623849123,NK RK 11-2025,settlement,2,зимовка Досжан,Досжан қыстауы
623849124,NK RK 11-2025,settlement,2,зимовка Кусконган,Құсқонған қыстауы
623849125,NK RK 11-2025,settlement,2,зимовка Набай,Набай қыстауы
623849126,NK RK 11-2025,settlement,2,зимовка Тукпир,Түкпір қыстауы
623849127,NK RK 11-2025,settlement,2,зимовка Колбай,Көлбай қыстауы
623849128,NK RK 11-2025,settlement,2,зимовка Адильбай,Әділбай қыстауы
623849129,NK RK 11-2025,settlement,2,зимовка Екиаша,Екіаша қыстауы
623849131,NK RK 11-2025,settlement,2,зимовка Кененбай,Кененбай қыстауы
623849132,NK RK 11-2025,settlement,2,зимовка Ман,Мән қыстауы
623849133,NK RK 11-2025,settlement,2,зимовка Мынбай,Мыңбай қыстауы
623849134,NK RK 11-2025,settlement,2,зимовка Надирбай,Нәдірбай қыстауы
623849135,NK RK 11-2025,settlement,2,зимовка Обалы,Обалы қыстауы
623849136,NK RK 11-2025,settlement,2,зимовка Сарытау,Сарытау қыстауы
623849137,NK RK 11-2025,settlement,2,зимовка Шалтык,Шалтық қыстауы
623851000,NK RK 11-2025,sub_district,2,Карсакпайская п.а.,Қарсақпай к.ә.
623851100,NK RK 11-2025,settlement,2,п.Карсакпай,Қарсақпай к.
623851103,NK RK 11-2025,settlement,2,зимовка Абжаппар,Абжаппар қыстауы
623851104,NK RK 11-2025,settlement,2,зимовка Алменбет,Алменбет қыстауы
623851105,NK RK 11-2025,settlement,2,зимовка Атан,Атан қыстауы
623851106,NK RK 11-2025,settlement,2,зимовка Аралкол,Аралкөл қыстауы
623851108,NK RK 11-2025,settlement,2,зимовка Байтен,Байтен қыстауы
623851109,NK RK 11-2025,settlement,2,зимовка Бектурган,Бектұрған қыстауы
623851111,NK RK 11-2025,settlement,2,зимовка Жанадил,Жаңаділ қыстауы
623851112,NK RK 11-2025,settlement,2,зимовка Жандос,Жандос қыстауы
623851113,NK RK 11-2025,settlement,2,зимовка Жарма,Жарма қыстауы
623851114,NK RK 11-2025,settlement,2,зимовка Жарык,Жарық қыстауы
623851116,NK RK 11-2025,settlement,2,зимовка Караиын,Қараиын қыстауы
623851117,NK RK 11-2025,settlement,2,зимовка Каратобе,Қаратөбе қыстауы
623851118,NK RK 11-2025,settlement,2,зимовка Келдибек,Келдібек қыстауы
623851119,NK RK 11-2025,settlement,2,зимовка Копжасар,Көпжасар қыстауы
623851121,NK RK 11-2025,settlement,2,зимовка Куттыбай,Құттыбай қыстауы
623851123,NK RK 11-2025,settlement,2,зимовка Кумола,Қумола қыстауы
623851125,NK RK 11-2025,settlement,2,зимовка Майтобе,Майтөбе қыстауы
623851126,NK RK 11-2025,settlement,2,зимовка Мысыктобе,Мысықтөбе қыстауы
623851127,NK RK 11-2025,settlement,2,зимовка Туяк,Тұяқ қыстауы
623851128,NK RK 11-2025,settlement,2,зимовка Тогызбай,Тоғызбай қыстауы
623851131,NK RK 11-2025,settlement,2,зимовка Сарыин,Сарыин қыстауы
623851133,NK RK 11-2025,settlement,2,зимовка Сейт,Сейіт қыстауы
623851137,NK RK 11-2025,settlement,2,зимовка Шиликудык,Шиліқұдық қыстауы
623851139,NK RK 11-2025,settlement,2,зимовка Шотыбас,Шотыбас қыстауы
623851141,NK RK 11-2025,settlement,2,зимовка Кошкарбай,Қошқарбай қыстауы
623853000,NK RK 11-2025,sub_district,2,Коргасынский с.о.,Қорғасын а.о.
623853100,NK RK 11-2025,settlement,2,с.Коргасын,Қорғасын а.
623853102,NK RK 11-2025,settlement,2,зимовка Алтуайт,Алтуайт қыстауы
623853104,NK RK 11-2025,settlement,2,зимовка Байтлеу,Байтлеу қыстауы
623853105,NK RK 11-2025,settlement,2,зимовка Дуйсен,Дүйсен қыстауы
623853106,NK RK 11-2025,settlement,2,зимовка Есенбек,Есенбек қыстауы
623853107,NK RK 11-2025,settlement,2,зимовка Жаманбас,Жаманбас қыстауы
623853108,NK RK 11-2025,settlement,2,зимовка Жекешат 1,Жекешат 1 қыстауы
623853109,NK RK 11-2025,settlement,2,зимовка Жекешат 2,Жекешат 2 қыстауы
623853111,NK RK 11-2025,settlement,2,зимовка Исалык,Исалық қыстауы
623853112,NK RK 11-2025,settlement,2,зимовка Коксай,Көксай қыстауы
623853113,NK RK 11-2025,settlement,2,зимовка Коксу,Көксу қыстауы
623853116,NK RK 11-2025,settlement,2,зимовка Кушокы,Қушоқы қыстауы
623853117,NK RK 11-2025,settlement,2,зимовка Кызылшын,Қызылшың қыстауы
623853118,NK RK 11-2025,settlement,2,зимовка Малмола,Малмола қыстауы
623853121,NK RK 11-2025,settlement,2,зимовка Нурман,Нұрман қыстауы
623853122,NK RK 11-2025,settlement,2,зимовка Орныкпай,Орнықпай қыстауы
623853123,NK RK 11-2025,settlement,2,зимовка Оспан,Оспан қыстауы
623853124,NK RK 11-2025,settlement,2,зимовка Тогызкудук,Тоғызқұдық қыстауы
623853125,NK RK 11-2025,settlement,2,зимовка Итауыз,Итауыз қыстауы
623853300,NK RK 11-2025,settlement,2,с.Унгирли,Үңгірлі а.
623853303,NK RK 11-2025,settlement,2,зимовка Акастау,Ақастау қыстауы
623853304,NK RK 11-2025,settlement,2,зимовка Алпан,Алпан қыстауы
623853305,NK RK 11-2025,settlement,2,зимовка Аралбай,Аралбай қыстауы
623853306,NK RK 11-2025,settlement,2,зимовка Бакалы,Бақалы қыстауы
623853309,NK RK 11-2025,settlement,2,зимовка Домбыгуль,Домбыгүл қыстауы
623853311,NK RK 11-2025,settlement,2,зимовка Коктал,Көктал қыстауы
623853317,NK RK 11-2025,settlement,2,зимовка Шонтык,Шонтық қыстауы
623855000,NK RK 11-2025,sub_district,2,Коскольский с.о.,Қоскөл а.о.
623855100,NK RK 11-2025,settlement,2,с.Косколь,Қоскөл а.
623855102,NK RK 11-2025,settlement,2,зимовка Акбекет,Ақбекет қыстауы
623855103,NK RK 11-2025,settlement,2,зимовка Боскопе,Боскөпе қыстауы
623855104,NK RK 11-2025,settlement,2,зимовка Ешкикум,Ешкіқұм қыстауы
623855105,NK RK 11-2025,settlement,2,зимовка Жанабай,Жанабай қыстауы
623855106,NK RK 11-2025,settlement,2,зимовка Китар 1,Китар 1 қыстауы
623855107,NK RK 11-2025,settlement,2,с.Косбармак,Қосбармақ а.
623855108,NK RK 11-2025,settlement,2,зимовка Сарыозек,Сарыөзек қыстауы
623855109,NK RK 11-2025,settlement,2,зимовка Танкы,Таңқы қыстауы
623855111,NK RK 11-2025,settlement,2,зимовка Китар 2,Китар 2 қыстауы
623855112,NK RK 11-2025,settlement,2,зимовка Коктал,Көктал қыстауы
623855113,NK RK 11-2025,settlement,2,зимовка Карикон,Кәрікөң қыстауы
623855114,NK RK 11-2025,settlement,2,зимовка Мешит 1,Мешіт 1 қыстауы
623855115,NK RK 11-2025,settlement,2,зимовка Акжайлау,Ақжайлау қыстауы
623855116,NK RK 11-2025,settlement,2,зимовка Акшелек,Ақшелек қыстауы
623855117,NK RK 11-2025,settlement,2,зимовка Абен,Әбен қыстауы
623855118,NK RK 11-2025,settlement,2,зимовка Бакан 1,Бақан 1 қыстауы
623855119,NK RK 11-2025,settlement,2,зимовка Бакан 2,Бақан 2 қыстауы
623855121,NK RK 11-2025,settlement,2,зимовка Бакан 3,Бакан 3 қыстауы
623855122,NK RK 11-2025,settlement,2,зимовка Зортобе,Зортөбе қыстауы
623855123,NK RK 11-2025,settlement,2,зимовка Имен,Имен қыстауы
623855124,NK RK 11-2025,settlement,2,зимовка Коскен,Қоскен қыстауы
623855125,NK RK 11-2025,settlement,2,зимовка Коскудук,Қосқұдық қыстауы
623855126,NK RK 11-2025,settlement,2,зимовка Мойнак,Мойнақ қыстауы
623855127,NK RK 11-2025,settlement,2,зимовка Урпен,Үрпен қыстауы
623855128,NK RK 11-2025,settlement,2,зимовка Шортанбай,Шортанбай қыстауы
623855129,NK RK 11-2025,settlement,2,зимовка Аксакал,Ақсақал қыстауы
623855131,NK RK 11-2025,settlement,2,зимовка Алтыколь,Алтыкөл қыстауы
623855132,NK RK 11-2025,settlement,2,зимовка Город,Қала қыстауы
623855133,NK RK 11-2025,settlement,2,зимовка Доныз,Доңыз қыстауы
623855134,NK RK 11-2025,settlement,2,зимовка Коныртобе,Қоңыртөбе қыстауы
623855135,NK RK 11-2025,settlement,2,зимовка Кишикиик,Кішікиік қыстауы
623855136,NK RK 11-2025,settlement,2,зимовка Садык,Садық қыстауы
623855137,NK RK 11-2025,settlement,2,зимовка Шентай,Шентай қыстауы
623863000,NK RK 11-2025,sub_district,2,с.о.им.Мукана Иманжанова,Мұқан Иманжанов атын.а.о.
623863100,NK RK 11-2025,settlement,2,с.Айыртау,Айыртау а.
623863102,NK RK 11-2025,settlement,2,зимовка Аккора,Аққора қыстауы
623863104,NK RK 11-2025,settlement,2,зимовка Бесшилик,Бесшілік қыстауы
623863105,NK RK 11-2025,settlement,2,зимовка Жанакора,Жаңақора қыстауы
623863107,NK RK 11-2025,settlement,2,зимовка Жылыкуыс,Жылықуыс қыстауы
623863109,NK RK 11-2025,settlement,2,зимовка Каражол 1,Қаражол 1 қыстауы
623863111,NK RK 11-2025,settlement,2,зимовка Каражол 2,Қаражол 2 қыстауы
623863114,NK RK 11-2025,settlement,2,зимовка Туяк,Тұяқ қыстауы
623863200,NK RK 11-2025,settlement,2,с.Кызылуй,Қызылүй а.
623863202,NK RK 11-2025,settlement,2,зимовка Акан,Ақан қыстауы
623863203,NK RK 11-2025,settlement,2,зимовка Аксай,Ақсай қыстауы
623863204,NK RK 11-2025,settlement,2,зимовка Арпабулак,Арпабұлақ қыстауы
623863205,NK RK 11-2025,settlement,2,зимовка Балтай,Балтай қыстауы
623863207,NK RK 11-2025,settlement,2,зимовка Жаланаяк,Жалаңаяқ қыстауы
623863208,NK RK 11-2025,settlement,2,зимовка Игибай,Игібай қыстауы
623863209,NK RK 11-2025,settlement,2,зимовка Карикон,Кәрікөң қыстауы
623863211,NK RK 11-2025,settlement,2,зимовка Кайындысай,Қайыңдысай қыстауы
623863212,NK RK 11-2025,settlement,2,зимовка Карагандысай,Қарағандысай қыстауы
623863213,NK RK 11-2025,settlement,2,зимовка Кособа,Қособа қыстауы
623863214,NK RK 11-2025,settlement,2,зимовка Кызылдан,Қызылдән қыстауы
623863215,NK RK 11-2025,settlement,2,зимовка Кыпшакпай,Қыпшақпай қыстауы
623863216,NK RK 11-2025,settlement,2,зимовка Ногай,Ноғай қыстауы
623863217,NK RK 11-2025,settlement,2,зимовка Омар,Омар қыстауы
623863218,NK RK 11-2025,settlement,2,зимовка Саламат,Саламат қыстауы
623863219,NK RK 11-2025,settlement,2,зимовка Сарынсай,Сарынсай қыстауы
623863221,NK RK 11-2025,settlement,2,зимовка Серали,Серәлі қыстауы
623863223,NK RK 11-2025,settlement,2,зимовка Узынбулак,Ұзынбұлақ қыстауы
623863300,NK RK 11-2025,settlement,2,с.Талдысай,Талдысай а.
623863302,NK RK 11-2025,settlement,2,зимовка Акши,Ақши қыстауы
623863303,NK RK 11-2025,settlement,2,зимовка Балкан,Балқан қыстауы
623863306,NK RK 11-2025,settlement,2,зимовка Керегетас,Керегетас қыстауы
623863307,NK RK 11-2025,settlement,2,зимовка Комсомол,Комсомол қыстауы
623863308,NK RK 11-2025,settlement,2,зимовка Койлыкон,Қойлыкөң қыстауы
623863309,NK RK 11-2025,settlement,2,зимовка Котыр,Қотыр қыстауы
623863311,NK RK 11-2025,settlement,2,зимовка Мыншукыр,Мыңшүкір қыстауы
623863312,NK RK 11-2025,settlement,2,зимовка Стандарт,Стандарт қыстауы
623865000,NK RK 11-2025,sub_district,2,Мыйбулакский с.о.,Мыйбұлақ а.о.
623865100,NK RK 11-2025,settlement,2,с.Мыйбулак,Мыйбұлақ а.
623865102,NK RK 11-2025,settlement,2,зимовка Баскон,Баскөң қыстауы
623865103,NK RK 11-2025,settlement,2,зимовка Бескауга,Бесқауға қыстауы
623865104,NK RK 11-2025,settlement,2,зимовка Батыр,Батыр қыстауы
623865105,NK RK 11-2025,settlement,2,с.Баймырза,Баймырза а.
623865106,NK RK 11-2025,settlement,2,зимовка Тупкирши,Түпкірши қыстауы
623865107,NK RK 11-2025,settlement,2,зимовка Кент 1,Кент 1 қыстауы
623865108,NK RK 11-2025,settlement,2,зимовка Кент 2,Кент 2 қыстауы
623865109,NK RK 11-2025,settlement,2,зимовка Копабай,Қопабай қыстауы
623865111,NK RK 11-2025,settlement,2,зимовка Коктабан,Көктабан қыстауы
623865112,NK RK 11-2025,settlement,2,зимовка Козыбек,Қозыбек қыстауы
623865113,NK RK 11-2025,settlement,2,зимовка Школа,Мектеп қыстауы
623865114,NK RK 11-2025,settlement,2,с.Апакай,Апақай а.
623865115,NK RK 11-2025,settlement,2,зимовка Баскон,Баскөң қыстауы
623865116,NK RK 11-2025,settlement,2,зимовка Баскауга,Басқауға қыстауы
623865117,NK RK 11-2025,settlement,2,зимовка Долагай,Долағай қыстауы
623865118,NK RK 11-2025,settlement,2,зимовка Дузгенжал,Дүзгенжал қыстауы
623865119,NK RK 11-2025,settlement,2,зимовка Кандыкарабас,Қандықарабас қыстауы
623865121,NK RK 11-2025,settlement,2,зимовка Катынкум,Қатынқұм қыстауы
623865122,NK RK 11-2025,settlement,2,зимовка Ортакон,Ортакөң қыстауы
623865123,NK RK 11-2025,settlement,2,зимовка Котан-Шенгел,Қотан-Шеңгел қыстауы
623865124,NK RK 11-2025,settlement,2,с.Каракойын,Қарақойын а.
623865125,NK RK 11-2025,settlement,2,зимовка Бакансалды,Бақансалды қыстауы
623865126,NK RK 11-2025,settlement,2,зимовка Ермекбай,Ермекбай қыстауы
623865127,NK RK 11-2025,settlement,2,зимовка Карабаз,Қарабаз қыстауы
623865128,NK RK 11-2025,settlement,2,зимовка Орталык,Орталық қыстауы
623865129,NK RK 11-2025,settlement,2,зимовка Самен,Сәмен қыстауы
623865131,NK RK 11-2025,settlement,2,зимовка Колан,Қолан қыстауы
623865132,NK RK 11-2025,settlement,2,зимовка Турсынбай,Тұрсынбай қыстауы
623865133,NK RK 11-2025,settlement,2,с.Тезекбай,Тезекбай а.
623865200,NK RK 11-2025,settlement,2,с.Аккенсе,Аққеңсе а.
623865202,NK RK 11-2025,settlement,2,зимовка Астауши,Астауши қыстауы
623865204,NK RK 11-2025,settlement,2,"зимовка Басбулак 1,2","Басбұлақ 1,2 қыстауы"
623865205,NK RK 11-2025,settlement,2,зимовка Камбар,Қамбар қыстауы
623865206,NK RK 11-2025,settlement,2,зимовка Каратузген,Қаратүзген қыстауы
623865207,NK RK 11-2025,settlement,2,зимовка Курманбай,Құрманбай қыстауы
623865208,NK RK 11-2025,settlement,2,зимовка Кыздынший,Қыздыңшиі қыстауы
623865209,NK RK 11-2025,settlement,2,зимовка Кызылкудук,Қызылқұдық қыстауы
623865211,NK RK 11-2025,settlement,2,"зимовка Малдыбай 1,2","Малдыбай 1,2 қыстауы"
623865212,NK RK 11-2025,settlement,2,зимовка Сарай,Сарай қыстауы
623865213,NK RK 11-2025,settlement,2,зимовка Толганбай,Толғанбай қыстауы
623865214,NK RK 11-2025,settlement,2,зимовка Талды,Талды қыстауы
623865215,NK RK 11-2025,settlement,2,зимовка Тамаш,Тамаш қыстауы
623865216,NK RK 11-2025,settlement,2,зимовка Тортколь,Төрткөл қыстауы
623865217,NK RK 11-2025,settlement,2,зимовка Ханкелди,Ханкелді қыстауы
623871000,NK RK 11-2025,sub_district,2,Каракенгирский с.о.,Қаракеңгір а.о.
623871100,NK RK 11-2025,settlement,2,с.Бозтумсык,Бозтұмсық а.
623871102,NK RK 11-2025,settlement,2,зимовка Агыбай,Ағыбай қыстауы
623871103,NK RK 11-2025,settlement,2,зимовка Айкожа,Айқожа қыстауы
623871105,NK RK 11-2025,settlement,2,зимовка Дабыл,Дабыл қыстауы
623871106,NK RK 11-2025,settlement,2,зимовка Дузен,Дүзен қыстауы
623871108,NK RK 11-2025,settlement,2,зимовка Карикон,Кәрікөң қыстауы
623871111,NK RK 11-2025,settlement,2,зимовка Казыбек,Қазыбек қыстауы
623871112,NK RK 11-2025,settlement,2,зимовка Карашокы,Қарашоқы қыстауы
623871113,NK RK 11-2025,settlement,2,зимовка Коянды,Қоянды қыстауы
623871114,NK RK 11-2025,settlement,2,зимовка Кумдыадыр,Құмдыадыр қыстауы
623871115,NK RK 11-2025,settlement,2,зимовка Кызылтурме,Қызылтүрме қыстауы
623871116,NK RK 11-2025,settlement,2,зимовка Кызылуй,Қызылүй қыстауы
623871117,NK RK 11-2025,settlement,2,зимовка Сиректас,Сиректас қыстауы
623871119,NK RK 11-2025,settlement,2,зимовка Таскора,Тасқора қыстауы
623871121,NK RK 11-2025,settlement,2,зимовка Толеубай,Төлеубай қыстауы
623871122,NK RK 11-2025,settlement,2,зимовка Туйебай,Түйебай қыстауы
623871124,NK RK 11-2025,settlement,2,зимовка Шуылдак,Шуылдақ қыстауы
623871125,NK RK 11-2025,settlement,2,с.Кокбулак,Көкбұлақ а.
623871126,NK RK 11-2025,settlement,2,зимовка Борили,Бөрілі қыстауы
623871127,NK RK 11-2025,settlement,2,зимовка Куласу,Құласу қыстауы
623871128,NK RK 11-2025,settlement,2,зимовка Теректи,Теректі қыстауы
623871129,NK RK 11-2025,settlement,2,с.Калинино,Калинино а.
623871131,NK RK 11-2025,settlement,2,с.Амантобе,Амантөбе а.
623871132,NK RK 11-2025,settlement,2,зимовка Бирман-Хамит,Бірман-Хамит қыстауы
623871133,NK RK 11-2025,settlement,2,зимовка Кишикотыр,Кішіқотыр қыстауы
623871134,NK RK 11-2025,settlement,2,зимовка Кызылуй,Қызылүй қыстауы
623871138,NK RK 11-2025,settlement,2,зимовка Кызылшын,Қызылшың қыстауы
623871139,NK RK 11-2025,settlement,2,зимовка Улкенкотыр,Үлкенқотыр қыстауы
623871141,NK RK 11-2025,settlement,2,зимовка Ши,Ши қыстауы
623871142,NK RK 11-2025,settlement,2,зимовка Тоба,Тоба қыстауы
623871143,NK RK 11-2025,settlement,2,зимовка Бегимбет,Бегімбет қыстауы
623871144,NK RK 11-2025,settlement,2,зимовка Есжан,Есжан қыстауы
623871145,NK RK 11-2025,settlement,2,зимовка Акжар,Ақжар қыстауы
623871146,NK RK 11-2025,settlement,2,зимовка Есенбек,Есенбек қыстауы
623871147,NK RK 11-2025,settlement,2,зимовка Ишан,Ишан қыстауы
623871148,NK RK 11-2025,settlement,2,зимовка Ширикбай,Шірікбай қыстауы
623871149,NK RK 11-2025,settlement,2,зимовка Бейис,Бейіс қыстауы
623871151,NK RK 11-2025,settlement,2,зимовка Шарыктас,Шарықтас қыстауы
623871152,NK RK 11-2025,settlement,2,зимовка Тусип,Түсіп қыстауы
623871153,NK RK 11-2025,settlement,2,зимовка Бараккол,Барақкөл қыстауы
623871154,NK RK 11-2025,settlement,2,зимовка Махат,Махат қыстауы
623875000,NK RK 11-2025,sub_district,2,Сарысуский с.о.,Сарысу а.о.
623875100,NK RK 11-2025,settlement,2,с.Жыланды,Жыланды а.
623875102,NK RK 11-2025,settlement,2,с.Жидели,Жиделі а.
623875103,NK RK 11-2025,settlement,2,с.Казыбек,Қазыбек а.
623875104,NK RK 11-2025,settlement,2,зимовка Ахмет 2,Ахмет 2 қыстауы
623875105,NK RK 11-2025,settlement,2,зимовка Коктабан 1,Көктабан 1 қыстауы
623875106,NK RK 11-2025,settlement,2,зимовка Коктабан 2,Көктабан 2 қыстауы
623875107,NK RK 11-2025,settlement,2,зимовка Райыс,Райыс қыстауы
623875108,NK RK 11-2025,settlement,2,зимовка Таукебай,Таукебай қыстауы
623875109,NK RK 11-2025,settlement,2,зимовка Тирсек,Тірсек қыстауы
623875111,NK RK 11-2025,settlement,2,зимовка Шыныбек,Шыныбек қыстауы
623875112,NK RK 11-2025,settlement,2,с.Тасоба,Тасоба а.
623875113,NK RK 11-2025,settlement,2,зимовка Ахмет,Ахмет қыстауы
623875114,NK RK 11-2025,settlement,2,зимовка Кулен 3,Күлен 3 қыстауы
623875115,NK RK 11-2025,settlement,2,зимовка Каражигит,Қаражігіт қыстауы
623875116,NK RK 11-2025,settlement,2,зимовка Оспан,Оспан қыстауы
623875117,NK RK 11-2025,settlement,2,зимовка Табан,Табан қыстауы
623875118,NK RK 11-2025,settlement,2,зимовка Ерубай,Ерубай қыстауы
623875119,NK RK 11-2025,settlement,2,зимовка Аккыстау,Аққыстау қыстауы
623875121,NK RK 11-2025,settlement,2,зимовка Арын,Арын қыстауы
623875122,NK RK 11-2025,settlement,2,зимовка Арай,Арай қыстауы
623875123,NK RK 11-2025,settlement,2,зимовка Кузек,Күзек қыстауы
623875500,NK RK 11-2025,settlement,2,с.Тюемойнак,Түйемойнақ а.
623875502,NK RK 11-2025,settlement,2,зимовка Карабидай,Қарабидай қыстауы
623875503,NK RK 11-2025,settlement,2,зимовка Косапан,Қосапан қыстауы
623875504,NK RK 11-2025,settlement,2,зимовка Коскудук 2,Қосқұдық 2 қыстауы
623875511,NK RK 11-2025,settlement,2,зимовка Тюемойнак,Түйемойнақ қыстауы
623875512,NK RK 11-2025,settlement,2,зимовка Уштаган,Үштаған қыстауы
623875514,NK RK 11-2025,settlement,2,зимовка Шекара,Шекара қыстауы
623875515,NK RK 11-2025,settlement,2,рзд.280,рзд.280
623879000,NK RK 11-2025,sub_district,2,Терсакканский с.о.,Терісаққан а.о.
623879100,NK RK 11-2025,settlement,2,с.Терсаккан,Терісаққан а.
623879200,NK RK 11-2025,settlement,2,с.Косколь,Қоскөл а.
623879202,NK RK 11-2025,settlement,2,зимовка Бухарбай,Бұхарбай қыстауы
623879204,NK RK 11-2025,settlement,2,зимовка Кунтуган,Күнтуған қыстауы
623879205,NK RK 11-2025,settlement,2,зимовка Косколь,Қоскөл қыстауы
623879208,NK RK 11-2025,settlement,2,зимовка Сарытоган,Сарытоған қыстауы
623879212,NK RK 11-2025,settlement,2,зимовка Уста 2,Ұста 2 қыстауы
630000000,NK RK 11-2025,oblast,0,Восточно-Казахстанская область,Шығыс Қазақстан облысы
631000000,NK RK 11-2025,district,3,Усть-Каменогорск Г.А.,Өскемен Қ.Ә.
631000200,NK RK 11-2025,settlement,2,с.Ахмирово,Ахмирово а.
631000300,NK RK 11-2025,settlement,2,с.Меновное,Меновное а.
631000400,NK RK 11-2025,settlement,2,с.Прудхоз,Прудхоз а.
631000500,NK RK 11-2025,settlement,2,с.Ново-Ахмирово,Ново-Ахмирово а.
631000600,NK RK 11-2025,settlement,2,с.Ново-Троицкое,Ново-Троицкое а.
631000700,NK RK 11-2025,settlement,2,с.Ново-Явленка,Ново-Явленка а.
631000800,NK RK 11-2025,settlement,2,с.Самсоновка,Самсоновка а.
631010000,NK RK 11-2025,sub_district,1,г.Усть-Каменогорск,Өскемен қ.
632400000,NK RK 11-2025,district,3,Риддер Г.А.,Риддер Қ.Ә.
632400200,NK RK 11-2025,settlement,1,п.Ульба,Үлбі к.
632400300,NK RK 11-2025,settlement,2,с.Бутаково,Бутаково а.
632400400,NK RK 11-2025,settlement,2,Лениногорский лесхоз,Лениногор орманшар
632400405,NK RK 11-2025,settlement,2,с.Тишинский,Тишинский а.
632400480,NK RK 11-2025,settlement,2,с.Лесное,Лесное а.
632400485,NK RK 11-2025,settlement,2,рзд.71 км,рзд.71 км
632400500,NK RK 11-2025,settlement,2,с.Верхняя Хариузовка,Жоғарғы Хариузовка а.
632400503,NK RK 11-2025,settlement,2,Дом Ларионова,Ларионов үйі
632400505,NK RK 11-2025,settlement,2,с.Громатуха,Громатуха а.
632400600,NK RK 11-2025,settlement,2,с.Поперечное,Поперечное а.
632400602,NK RK 11-2025,settlement,2,зимовка Болатова,Болатов кыстауы
632400603,NK RK 11-2025,settlement,2,Кордон,Кордон
632400604,NK RK 11-2025,settlement,2,кр.хоз Банникова,Банников шарқож
632400605,NK RK 11-2025,settlement,2,кр.хоз Жукова,Жуков шарқож
632400606,NK RK 11-2025,settlement,2,Пасека Глушакова,Глушаков омартасы
632400607,NK RK 11-2025,settlement,2,кр.хоз Каймакова,Каймаков шарқож
632400608,NK RK 11-2025,settlement,2,Кордон лесхоза,Кордон орманшар
632400680,NK RK 11-2025,settlement,2,с.Пригородное,Пригордное а.
632400682,NK RK 11-2025,settlement,2,с.Аэродромное,Аэродромное а.
632400687,NK RK 11-2025,settlement,2,с.Крольчатник,Крольчатник а.
632400700,NK RK 11-2025,settlement,2,ст.Ульбастрой,Ульбастрой ст.
632400800,NK RK 11-2025,settlement,2,с.Коноваловка,Коноваловка а.
632400900,NK RK 11-2025,settlement,2,с.Ливино,Ливино а.
632400905,NK RK 11-2025,settlement,2,пасека Резникова,Резников омартасы
632400907,NK RK 11-2025,settlement,2,с.Ермолаевка,Ермолаевка а.
632400908,NK RK 11-2025,settlement,2,поселье Гусликова,Гусликов қонысы
632400909,NK RK 11-2025,settlement,2,поселье Сыромятникова,Сыромятников қонысы
632400911,NK RK 11-2025,settlement,2,с.Новая Королевка,Новая Королевка а.
632400912,NK RK 11-2025,settlement,2,поселье Алаева Б.,Алаев Б. қонысы
632400913,NK RK 11-2025,settlement,2,поселье Афанасевой,Афанасева қонысы
632400914,NK RK 11-2025,settlement,2,поселье Базилевского,Базилевский қонысы
632400915,NK RK 11-2025,settlement,2,поселье Бурыкина,Бурыкин қонысы
632400916,NK RK 11-2025,settlement,2,поселье Гусликова,Гусликов қонысы
632400917,NK RK 11-2025,settlement,2,поселье Кармукова,Кармуков қонысы
632400918,NK RK 11-2025,settlement,2,поселье Немцева,Немцев қонысы
632400919,NK RK 11-2025,settlement,2,поселье Пырикова,Пыриков қонысы
632400921,NK RK 11-2025,settlement,2,поселье Сизева,Сизев қонысы
632400922,NK RK 11-2025,settlement,2,поселье Синельникова,Синельников қонысы
632400923,NK RK 11-2025,settlement,2,поселье Сорокина,Сорокин қонысы
632400924,NK RK 11-2025,settlement,2,поселье Кривошапова,Кривошапов қонысы
632400925,NK RK 11-2025,settlement,2,поселье Черенковой,Черенков қонысы
632400926,NK RK 11-2025,settlement,2,поселье Черкова,Черков қонысы
632400927,NK RK 11-2025,settlement,2,кр.хоз Ягина,Ягин шарқож
632400928,NK RK 11-2025,settlement,2,с.8 Марта,Сегізінші Март а.
632400929,NK RK 11-2025,settlement,2,поселье Козлова,Козлов қонысы
632400931,NK RK 11-2025,settlement,2,поселье Кривых,Кривых қонысы
632400932,NK RK 11-2025,settlement,2,поселье Немцева,Немцев қонысы
632400933,NK RK 11-2025,settlement,2,кр.хоз Сазонова,Сазонов шарқож
632400934,NK RK 11-2025,settlement,2,с.Синюшонок,Синюшонок а.
632400935,NK RK 11-2025,settlement,2,поселье Алаева,Алаев қонысы
632410000,NK RK 11-2025,sub_district,1,г.Риддер,Риддер қ.
634000000,NK RK 11-2025,district,2,Глубоковский район,Глубокое ауданы
634030000,NK RK 11-2025,sub_district,2,Глубоковский с.о.,Глубокое а.о.
634030100,NK RK 11-2025,settlement,2,с.Глубокое,Глубокое а.
634033000,NK RK 11-2025,sub_district,2,с.а.Алтайский,Алтай а.ә.
634033100,NK RK 11-2025,settlement,2,с.Алтайский,Алтай а.
634037000,NK RK 11-2025,sub_district,2,Белоусовский с.о.,Белоусов а.о.
634037100,NK RK 11-2025,settlement,2,с.Белоусовка,Белоусовка а.
634039000,NK RK 11-2025,sub_district,2,Бобровский с.о.,Бобров а.о.
634039100,NK RK 11-2025,settlement,2,с.Бобровка,Бобровка а.
634039300,NK RK 11-2025,settlement,2,с.Солнечное,Солнечное а.
634041000,NK RK 11-2025,sub_district,2,Веселовский с.о.,Веселов а.о.
634041100,NK RK 11-2025,settlement,2,с.Веселовка,Веселовка а.
634041200,NK RK 11-2025,settlement,2,с.Заречное,Заречное а.
634045000,NK RK 11-2025,sub_district,2,с.а.Верхнеберезовская,Жоғарғы Березовка а.ә.
634045100,NK RK 11-2025,settlement,2,с.Верхнеберезовка,Жоғарғы Березовка а.
634047000,NK RK 11-2025,sub_district,2,Берёзовский с.о.,Берёзовка а.о.
634047100,NK RK 11-2025,settlement,2,с.Березовка,Березовка а.
634047102,NK RK 11-2025,settlement,2,с.Красная Заря,Красная Заря а.
634049000,NK RK 11-2025,sub_district,2,Иртышский с.о.,Ертіс а.о.
634049100,NK RK 11-2025,settlement,2,с.Прапорщиково,Прапорщиково а.
634049105,NK RK 11-2025,settlement,2,с.Краснопартизанское,Қызылпартизан а.
634049300,NK RK 11-2025,settlement,2,рзд.226 км,рзд.226 км
634049400,NK RK 11-2025,settlement,2,с.Уварово,Уварово а.
634049500,NK RK 11-2025,settlement,2,с.Черногорка,Черногорка а.
634051000,NK RK 11-2025,sub_district,2,Кожоховский с.о.,Кожохов а.о.
634051100,NK RK 11-2025,settlement,2,с.Кожохово,Кожохово а.
634051108,NK RK 11-2025,settlement,2,Лагерь труда и отдыха,Еңбек және демалыс лагері
634051111,NK RK 11-2025,settlement,2,ферма,ферма
634051200,NK RK 11-2025,settlement,2,с.Прогресс,Прогресс а.
634053000,NK RK 11-2025,sub_district,2,Красноярский с.о.,Краснояр а.о.
634053100,NK RK 11-2025,settlement,2,с.Предгорное,Предгорное а.
634053103,NK RK 11-2025,settlement,2,Железнодорожный переезд 174 км,Теміржол өткелі 174 км
634053105,NK RK 11-2025,settlement,2,Железнодорожный переезд 195 км,Теміржол өткелі 195 км
634053300,NK RK 11-2025,settlement,2,с.Перевальное,Перевальное а.
634055000,NK RK 11-2025,sub_district,2,Быструшинский с.о.,Быструха а.о.
634055100,NK RK 11-2025,settlement,2,с.Быструха,Быструха а.
634055105,NK RK 11-2025,settlement,2,Зимовская заимка,Қыстау
634055108,NK RK 11-2025,settlement,2,КХ Фараджев,КХ Фараджев
634055111,NK RK 11-2025,settlement,2,Урочище Александровка,Александровка мекені
634055300,NK RK 11-2025,settlement,2,с.Зимовье,Зимовье а.
634057000,NK RK 11-2025,sub_district,2,Малоубинский с.о.,Малоубинское а.о.
634057100,NK RK 11-2025,settlement,2,с.Малоубинка,Малоубинка а.
634057103,NK RK 11-2025,settlement,2,с.Волчиха,Волчиха а.
634057105,NK RK 11-2025,settlement,2,с.Маховка,Маховка а.
634061000,NK RK 11-2025,sub_district,2,Опытнопольский с.о.,Опытное поле а.о.
634061100,NK RK 11-2025,settlement,2,с.Опытное поле,Опытное поле а.
634061103,NK RK 11-2025,settlement,2,СТФ,СТФ
634061105,NK RK 11-2025,settlement,2,с.Бригада,Бригада а.
634061106,NK RK 11-2025,settlement,2,Дальняя ферма,Шалғай ферма
634061108,NK RK 11-2025,settlement,2,участок ТПБ,ТПБ учаскесі
634063000,NK RK 11-2025,sub_district,2,Секисовский с.о.,Секисов а.о.
634063100,NK RK 11-2025,settlement,2,с.Секисовка,Секисовка а.
634063105,NK RK 11-2025,settlement,2,с.Календарка,Календарка а.
634063106,NK RK 11-2025,settlement,2,с.Коммунна,Коммунна а.
634063108,NK RK 11-2025,settlement,2,с.Лифага,Лифага а.
634063300,NK RK 11-2025,settlement,2,с.Белокаменка,Белокаменка а.
634063600,NK RK 11-2025,settlement,2,с.Новомихайловка,Новомихайловка а.
634063700,NK RK 11-2025,settlement,2,с.Планидовка,Планидовка а.
634065000,NK RK 11-2025,sub_district,2,Ушановский с.о.,Ушанов а.о.
634065100,NK RK 11-2025,settlement,2,с.Ушаново,Ушаново а.
634065200,NK RK 11-2025,settlement,2,с.Каменный Карьер,Каменный Карьер а.
634065400,NK RK 11-2025,settlement,2,с.Степное,Степное а.
634067000,NK RK 11-2025,sub_district,2,Тарханский с.о.,Тархан а.о.
634067100,NK RK 11-2025,settlement,2,с.Тарханка,Тарханка а.
634067103,NK RK 11-2025,settlement,2,Железнодорожный переезд 275 км,Теміржол өткелі 275 км
634067200,NK RK 11-2025,settlement,2,с.Веселое,Веселое а.
634067300,NK RK 11-2025,settlement,2,с.Винное,Винное а.
634067500,NK RK 11-2025,settlement,2,с.Ново-Ульбинка,Ново-Ульбинка а.
634067600,NK RK 11-2025,settlement,2,ст.Ульба перевалочная,Үлбі перевалочная ст.
634067700,NK RK 11-2025,settlement,2,с.Горная Ульбинка,Таулы Үлбі а.
634067800,NK RK 11-2025,settlement,2,с.Топиха,Топиха а.
634069000,NK RK 11-2025,sub_district,2,Черемшанский с.о.,Черемшан а.о.
634069100,NK RK 11-2025,settlement,2,с.Черемшанка,Черемшанка а.
634069104,NK RK 11-2025,settlement,2,с.Ряжи,Ряжи а.
634069105,NK RK 11-2025,settlement,2,Пионерлагерь Солнышко,Солнышко пионерлагері
634069109,NK RK 11-2025,settlement,2,с.Орловка,Орловка а.
634600000,NK RK 11-2025,district,4,Зайсанский район,Зайсан ауданы
634620000,NK RK 11-2025,sub_district,1,Зайсанская г.а.,Зайсан қ.ә.
634620100,NK RK 11-2025,settlement,1,г.Зайсан,Зайсан қ.
634633000,NK RK 11-2025,sub_district,2,Биржанский с.о.,Біржан а.о.
634633100,NK RK 11-2025,settlement,2,с.Биржан,Біржан а.
634633105,NK RK 11-2025,settlement,2,с.Биринши,Біріншы а.
634633107,NK RK 11-2025,settlement,2,с.Насилбек,Нәсілбек а.
634633109,NK RK 11-2025,settlement,2,с.Кызылагаш,Қызылағаш а.
634633113,NK RK 11-2025,settlement,2,с.Калихан,Қалихан а.
634633200,NK RK 11-2025,settlement,2,с.Акарал,Ақарал а.
634633207,NK RK 11-2025,settlement,2,с.Кардон,Кардон а.
634633208,NK RK 11-2025,settlement,2,с.Тасбай,Тасбай а.
634633300,NK RK 11-2025,settlement,2,с.Куаныш,Қуаныш а.
634633307,NK RK 11-2025,settlement,2,с.Жайыр,Жайыр а.
634633308,NK RK 11-2025,settlement,2,с.Калкабай,Қалқабай а.
634633315,NK RK 11-2025,settlement,2,с.Жол Жайыр,Жол Жайыр а.
634633317,NK RK 11-2025,settlement,2,с.Сексен,Сексен а.
634635000,NK RK 11-2025,sub_district,2,Каратальский с.о.,Қаратал а.о.
634635100,NK RK 11-2025,settlement,2,с.Каратал,Қаратал а.
634635200,NK RK 11-2025,settlement,2,с.Жинишкесу,Жіңішкесу а.
634635203,NK RK 11-2025,settlement,2,с.Уштерек,Үштерек а.
634635300,NK RK 11-2025,settlement,2,с.Кабыргатал,Қабырғатал а.
634635302,NK RK 11-2025,settlement,2,с.Елеке,Елеке а.
634635303,NK RK 11-2025,settlement,2,с.Жиде,Жиде а.
634635304,NK RK 11-2025,settlement,2,точка 4,мекен 4
634635305,NK RK 11-2025,settlement,2,точка 10,мекен 10
634635306,NK RK 11-2025,settlement,2,точка 13,мекен 13
634635307,NK RK 11-2025,settlement,2,точка 15,мекен 15
634635308,NK RK 11-2025,settlement,2,точка 16,мекен 16
634635311,NK RK 11-2025,settlement,2,точка 5,мекен 5
634635312,NK RK 11-2025,settlement,2,точка 14,мекен 14
634635313,NK RK 11-2025,settlement,2,с.Тогызбай,Тоғызбай а.
634635400,NK RK 11-2025,settlement,2,с.Коскора,Қосқора а.
634635402,NK RK 11-2025,settlement,2,с.Аккезен,Ақкезең а.
634635404,NK RK 11-2025,settlement,2,с.Боктыбулак,Боқтыбұлақ а.
634635405,NK RK 11-2025,settlement,2,с.Елегенбулак,Елегенбұлақ а.
634635406,NK RK 11-2025,settlement,2,с.Кукарагай,Қуқарағай а.
634635407,NK RK 11-2025,settlement,2,с.Куйган,Құйған а.
634635408,NK RK 11-2025,settlement,2,с.Майкапчагай,Майкапшагай а.
634635409,NK RK 11-2025,settlement,2,с.Майшилик 1,Майшілік 1 а.
634635411,NK RK 11-2025,settlement,2,с.Ласты,Ласты а.
634635413,NK RK 11-2025,settlement,2,с.Суимбулак,Сүйімбұлақ а.
634635415,NK RK 11-2025,settlement,2,с.Тойжан,Тойжан а.
634635417,NK RK 11-2025,settlement,2,с.Тубек,Түбек а.
634635418,NK RK 11-2025,settlement,2,с.Жабай,Жабай а.
634635419,NK RK 11-2025,settlement,2,с.Кордон,Кордон а.
634635421,NK RK 11-2025,settlement,2,с.Тасбаз,Тасбаз а.
634635500,NK RK 11-2025,settlement,2,с.Улкен Каратал,Үлкен Қаратал а.
634635502,NK RK 11-2025,settlement,2,с.Амребаз,Әміребаз а.
634635503,NK RK 11-2025,settlement,2,с.Арбакан,Арбақан а.
634635504,NK RK 11-2025,settlement,2,с.Акши 1,Ақши 1 а.
634635505,NK RK 11-2025,settlement,2,с.Акши 2,Ақши 2 а.
634635506,NK RK 11-2025,settlement,2,с.Донбеккора,Дөңбекқора а.
634635507,NK RK 11-2025,settlement,2,с.Жадыра,Жадыра а.
634635508,NK RK 11-2025,settlement,2,с.Жазиккора,Жазыққора а.
634635509,NK RK 11-2025,settlement,2,с.Кордон 1,Кордон 1 а.
634635511,NK RK 11-2025,settlement,2,с.Кордон 2,Кордон 2 а.
634635513,NK RK 11-2025,settlement,2,с.Карасу,Қарасу а.
634635515,NK RK 11-2025,settlement,2,с.Куйгенбаз,Күйгенбаз а.
634635516,NK RK 11-2025,settlement,2,с.Туйебаз,Түйебаз а.
634637000,NK RK 11-2025,sub_district,2,Кенсайский с.о.,Кеңсай а.о.
634637100,NK RK 11-2025,settlement,2,с.Кенсай,Кеңсай а.
634637102,NK RK 11-2025,settlement,2,с.Айдагарлы,Айдағарлы а.
634637103,NK RK 11-2025,settlement,2,с.Аяккы Едиль,Аяққы Еділ а.
634637104,NK RK 11-2025,settlement,2,с.Баскы Едиль,Басқы Еділ а.
634637105,NK RK 11-2025,settlement,2,с.Екиаша,Екіаша а.
634637106,NK RK 11-2025,settlement,2,с.Ешкибаза,Ешкібаза а.
634637107,NK RK 11-2025,settlement,2,с.Кизат 1,Қизат 1 а.
634637108,NK RK 11-2025,settlement,2,с.Кизат 2,Қизат 2 а.
634637109,NK RK 11-2025,settlement,2,с.Ортангы Едиль,Ортанғы Еділ а.
634637111,NK RK 11-2025,settlement,2,с.Саркырама,Сарқырама а.
634637112,NK RK 11-2025,settlement,2,с.Сарши,Сарши а.
634637115,NK RK 11-2025,settlement,2,с.Шурык,Шұрық а.
634637200,NK RK 11-2025,settlement,2,с.Бакасу,Бақасу а.
634637300,NK RK 11-2025,settlement,2,с.Жарсу,Жарсу а.
634637303,NK RK 11-2025,settlement,2,с.Комсомол,Комсомол а.
634637600,NK RK 11-2025,settlement,2,с.Сарыжыра,Сарыжыра а.
634637609,NK RK 11-2025,settlement,2,Нукенбаз,Нүкенбаз
634637613,NK RK 11-2025,settlement,2,с.Ески биринши,Ескі бірінші а.
634639000,NK RK 11-2025,sub_district,2,Карабулакский с.о.,Қарабұлақ а.о.
634639100,NK RK 11-2025,settlement,2,с.Карабулак,Қарабұлақ а.
634639105,NK RK 11-2025,settlement,2,с.Таскора,Тасқора а.
634639200,NK RK 11-2025,settlement,2,с.Дауал,Дауал а.
634639202,NK RK 11-2025,settlement,2,с.Аяккы Жаманкара,Аяққы Жаманқара а.
634639204,NK RK 11-2025,settlement,2,с.Орта Жаманкара,Орта Жаманқара а.
634639205,NK RK 11-2025,settlement,2,с.Саркырама,Сарқырама а.
634639206,NK RK 11-2025,settlement,2,с.Шайбулак,Шәйбұлақ а.
634639207,NK RK 11-2025,settlement,2,с.Баскы Жаманкара,Басқы Жаманқара а.
634639208,NK RK 11-2025,settlement,2,с.Буракан,Бурақан а.
634639209,NK RK 11-2025,settlement,2,с.Аяккы Шункырбай,Аяққы Шұңқырбай а.
634639211,NK RK 11-2025,settlement,2,с.Коршат,Қоршат а.
634639213,NK RK 11-2025,settlement,2,с.Оленсай,Өлеңсай а.
634639214,NK RK 11-2025,settlement,2,с.Караталды,Қараталды а.
634639215,NK RK 11-2025,settlement,2,с.Ауызталды,Ауызталды а.
634639216,NK RK 11-2025,settlement,2,с.Сиырбай,Сиырбай а.
634639217,NK RK 11-2025,settlement,2,с.Раушан,Раушан а.
634639218,NK RK 11-2025,settlement,2,с.Тарлаулы,Тарлаулы а.
634639219,NK RK 11-2025,settlement,2,с.Акша,Ақша а.
634639221,NK RK 11-2025,settlement,2,с.Шолакбулак,Шолақбұлақ а.
634639400,NK RK 11-2025,settlement,2,с.Мукашы,Мұқашы а.
634639403,NK RK 11-2025,settlement,2,с.Жайдак,Жайдақ а.
634639404,NK RK 11-2025,settlement,2,с.Токашбай,Тоқашбай а.
634639405,NK RK 11-2025,settlement,2,с.Центральный,Центральный а.
634639406,NK RK 11-2025,settlement,2,с.Ыдыржи,Ыдыржи а.
634639500,NK RK 11-2025,settlement,2,с.Сатбай,Сәтбай а.
634639503,NK RK 11-2025,settlement,2,с.Аяккы Жемиль,Аяққы Жеміл а.
634639504,NK RK 11-2025,settlement,2,с.Жоргабай,Жорғабай а.
634639506,NK RK 11-2025,settlement,2,с.Половинка,Половинка а.
634639509,NK RK 11-2025,settlement,2,с.Желши,Желші а.
634639511,NK RK 11-2025,settlement,2,с.Аэропорт,Аэропорт а.
634639512,NK RK 11-2025,settlement,2,с.Рахметола,Рахметола а.
634643000,NK RK 11-2025,sub_district,2,Сарытерек с.о.,Сарытерек а.о.
634643100,NK RK 11-2025,settlement,2,с.Сарытерек,Сарытерек а.
634643105,NK RK 11-2025,settlement,2,с.Кызылкия,Қызылқия а.
634643106,NK RK 11-2025,settlement,2,с.Жалпак,Жалпақ а.
634643107,NK RK 11-2025,settlement,2,с.Кардон,Кардон а.
634643200,NK RK 11-2025,settlement,2,с.Аккойын,Аққойын а.
634643202,NK RK 11-2025,settlement,2,с.Ангиме,Әңгіме а.
634643203,NK RK 11-2025,settlement,2,с.Манке,Мәңке а.
634643207,NK RK 11-2025,settlement,2,с.Ески Орталык,Ескі Орталық а.
634643209,NK RK 11-2025,settlement,2,с.Кызыл-Кора,Қызыл-Қора а.
634643211,NK RK 11-2025,settlement,2,с.Колебай,Көлебай а.
634643213,NK RK 11-2025,settlement,2,с.Токтарбай,Тоқтарбай а.
634643215,NK RK 11-2025,settlement,2,с.Сарышокы,Сарышоқы а.
634643300,NK RK 11-2025,settlement,2,с.Шалкар,Шалқар а.
634643600,NK RK 11-2025,settlement,2,с.Когедай,Көгедай а.
634643605,NK RK 11-2025,settlement,2,с.Кенарал,Кеңарал а.
634643606,NK RK 11-2025,settlement,2,с.Каракум 1,Қарақұм 1 а.
634643607,NK RK 11-2025,settlement,2,с.Каракум 2,Қарақұм 2 а.
634643608,NK RK 11-2025,settlement,2,с.Кызылбаз,Қызылбаз а.
634643609,NK RK 11-2025,settlement,2,с.Мешел,Мешел а.
634643611,NK RK 11-2025,settlement,2,с.Детдом,Детдом а.
634643612,NK RK 11-2025,settlement,2,с.Алпар,Алпар а.
634643613,NK RK 11-2025,settlement,2,ЛСП,ЛСП
634643614,NK RK 11-2025,settlement,2,с.Жанабаз,Жаңабаз а.
634645000,NK RK 11-2025,sub_district,2,Айнабулакский с.о,Айнабұлақ а.о.
634645100,NK RK 11-2025,settlement,2,с.Айнабулак,Айнабұлақ  а.
634645105,NK RK 11-2025,settlement,2,Киров завод,Кировзавод
634645106,NK RK 11-2025,settlement,2,Кормоцех,Жемдеуцехы
634645107,NK RK 11-2025,settlement,2,с.Косагаш 1,Қосағаш 1 а.
634645109,NK RK 11-2025,settlement,2,с.Кызылбаз,Қызылбаз а.
634645123,NK RK 11-2025,settlement,2,с.Хадиша,Хадиша а.
634645124,NK RK 11-2025,settlement,2,с.Талды,Талды а.
634645125,NK RK 11-2025,settlement,2,с.Айбала,Айбала а.
634645126,NK RK 11-2025,settlement,2,с.Мадени,Мәдени а.
634645127,NK RK 11-2025,settlement,2,с.Шолакбулак,Шолақбұлақ а.
634645128,NK RK 11-2025,settlement,2,с.Окей,Окей а.
634645129,NK RK 11-2025,settlement,2,с.Сарытумсык,Сарытұмсық а.
634645131,NK RK 11-2025,settlement,2,с.Актам,Ақтам а.
634645132,NK RK 11-2025,settlement,2,с.Таянбай,Таянбай а.
634645133,NK RK 11-2025,settlement,2,с.Ашылы,Ашылы а.
634645134,NK RK 11-2025,settlement,2,с.Унгиркора,Үңгірқора а.
634645200,NK RK 11-2025,settlement,2,с.Жанатурмыс,Жаңатұрмыс а.
634645202,NK RK 11-2025,settlement,2,с.Азанбай,Азанбай а.
634645203,NK RK 11-2025,settlement,2,с.Биебау,Биебау а.
634645204,NK RK 11-2025,settlement,2,с.Бургенди,Бүргенді а.
634645205,NK RK 11-2025,settlement,2,с.Куйган,Күйан а.
634645206,NK RK 11-2025,settlement,2,с.Сандыктас,Сандықтас а.
634645207,NK RK 11-2025,settlement,2,с.Уранбай,Ұранбай а.
634645208,NK RK 11-2025,settlement,2,с.Улкенжеменей,Үлкенжеменей а.
634645209,NK RK 11-2025,settlement,2,с.Кайнар,Қайнар а.
634645211,NK RK 11-2025,settlement,2,с.Киши Жеменей,Кіші Жеменей а.
634645212,NK RK 11-2025,settlement,2,с.Куйган-2,Құйған -2 а.
634645213,NK RK 11-2025,settlement,2,с.Лагерь,Лагерь а.
634645214,NK RK 11-2025,settlement,2,с.Уранбай-2,Ұранбай-2 а.
634645400,NK RK 11-2025,settlement,2,с.Кайнар,Қайнар а.
634645402,NK RK 11-2025,settlement,2,с.Петроград,Петроград а.
634645404,NK RK 11-2025,settlement,2,с.Октябрь 2,Октябрь 2 а.
634645600,NK RK 11-2025,settlement,2,с.Шыршытсу,Шүршітсу а.
634645602,NK RK 11-2025,settlement,2,с.Айдапкел 2,Айдапкел 2 а.
634645603,NK RK 11-2025,settlement,2,с.Ащылы,Ащылы а.
634645604,NK RK 11-2025,settlement,2,с.Кынырбайкисык,Қыңырбайқисық а.
634645605,NK RK 11-2025,settlement,2,с.Айдапкел 1,Айдапкел 1  а.
634645606,NK RK 11-2025,settlement,2,с.Аксай,Ақсай  а.
634645607,NK RK 11-2025,settlement,2,с.Доланалы,Доланалы  а.
634645608,NK RK 11-2025,settlement,2,с.Кызыл,Қызыл а.
634645609,NK RK 11-2025,settlement,2,с.Кызыл-баз,Қызыл-баз  а.
634645611,NK RK 11-2025,settlement,2,с.Мешин,Мешін  а.
634647000,NK RK 11-2025,sub_district,2,Даировский с.о,Дайыр а.о.
634647100,NK RK 11-2025,settlement,2,с.Дайыр,Дайыр а.
634647102,NK RK 11-2025,settlement,2,с.Аксу,Ақсу а.
634647103,NK RK 11-2025,settlement,2,с.Алтыбай,Алтыбай а.
634647104,NK RK 11-2025,settlement,2,с.Аяган,Аяған а.
634647107,NK RK 11-2025,settlement,2,с.Коленке,Көлеңке а.
634647108,NK RK 11-2025,settlement,2,с.Нугыман,Нұғыман а.
634647114,NK RK 11-2025,settlement,2,с.Андреш,Андреш  а.
634647115,NK RK 11-2025,settlement,2,с.Бекбай,Бекбай  а.
634647116,NK RK 11-2025,settlement,2,с.6-точка,6-мекен  а.
634647200,NK RK 11-2025,settlement,2,с.Жамбыл,Жамбыл а.
634647203,NK RK 11-2025,settlement,2,с.Акшабай,Ақшабай а.
634647206,NK RK 11-2025,settlement,2,с.Естимес,Естімес  а.
634647207,NK RK 11-2025,settlement,2,с.Киши Орталык,Кіші Орталық  а.
634647208,NK RK 11-2025,settlement,2,с.Майчат,Майчат  а.
634647209,NK RK 11-2025,settlement,2,с.Тебеген,Тебеген  а.
634647211,NK RK 11-2025,settlement,2,с.Улкен Орталык,Үлкен Орталық  а.
634647300,NK RK 11-2025,settlement,2,с.Кокжыра,Көкжыра а.
634647305,NK RK 11-2025,settlement,2,с.Ботай баз,Ботай баз  а.
634647306,NK RK 11-2025,settlement,2,с.Жалгыз Агаш,Жалғыз Ағаш  а.
634647308,NK RK 11-2025,settlement,2,с.Кушик жал,Кїшік жал  а.
634647309,NK RK 11-2025,settlement,2,с.Орталык,Орталық  а.
634649000,NK RK 11-2025,sub_district,2,Шиликтинский с.о.,Шілікті а.о.
634649100,NK RK 11-2025,settlement,2,с.Шиликты,Шілікті а.
634649103,NK RK 11-2025,settlement,2,с.Казахстан,Қазақстан а.
634649200,NK RK 11-2025,settlement,2,с.Жалшы,Жалшы а.
634649203,NK RK 11-2025,settlement,2,с.Кокбастау,Көкбастау а.
634649209,NK RK 11-2025,settlement,2,с.Орта Кокбастау,Орта Көкбастау  а.
634649300,NK RK 11-2025,settlement,2,с.Какенталды,Какенталды а.
634649303,NK RK 11-2025,settlement,2,с.Кенбулак,Кеңбұлақ а.
634649500,NK RK 11-2025,settlement,2,с.Карасай,Қарасай а.
634649600,NK RK 11-2025,settlement,2,с.Тасбастау,Тасбастау а.
634649605,NK RK 11-2025,settlement,2,с.Курт,Құрт а.
634649607,NK RK 11-2025,settlement,2,с.Сарыши,Сарыши а.
634649611,NK RK 11-2025,settlement,2,с.Тостиков,Төстіков а.
634649613,NK RK 11-2025,settlement,2,с.Шукин,Шукин а.
634649614,NK RK 11-2025,settlement,2,с.Кемпирбулак,Кемпірбұлақ а.
634800000,NK RK 11-2025,district,4,район Алтай,Алтай ауданы
634820000,NK RK 11-2025,sub_district,3,г.а.Алтай,Алтай қ.ә.
634820100,NK RK 11-2025,settlement,1,г.Алтай,Алтай қ.
634820200,NK RK 11-2025,settlement,2,с.Березовское,Березовское а.
634821100,NK RK 11-2025,settlement,1,г.Серебрянск,Серебрянск қ.
634835000,NK RK 11-2025,sub_district,2,Ново-Бухтарминский с.о.,Жаңа Бұқтырма а.о.
634835100,NK RK 11-2025,settlement,2,с.Новая Бухтарма,Жаңа Бұқтырма а.
634835103,NK RK 11-2025,settlement,2,Дом отдыха Голубой залив,Көгілдіршығанақ демалыс үйі
634835200,NK RK 11-2025,settlement,2,с.Александровка,Александровка а.
634835300,NK RK 11-2025,settlement,2,с.Березовка,Березовка а.
634837000,NK RK 11-2025,sub_district,2,Зубовский с.о.,Зубов а.о.
634837100,NK RK 11-2025,settlement,2,с.Зубовка,Зубовка а.
634839000,NK RK 11-2025,sub_district,2,Малеевский с.о.,Малеевск а.о.
634839100,NK RK 11-2025,settlement,2,с.Малеевск,Малеевск а.
634839105,NK RK 11-2025,settlement,2,с.Ново-Калиновск,Ново-Калиновск а.
634839200,NK RK 11-2025,settlement,2,с.Богатырево,Богатырево а.
634839300,NK RK 11-2025,settlement,2,с.Быково,Быково а.
634839500,NK RK 11-2025,settlement,2,с.Путинцево,Путинцево а.
634839503,NK RK 11-2025,settlement,2,с.Козлушка,Козлушка а.
634839506,NK RK 11-2025,settlement,2,с.Шумовск,Шумовск а.
634841000,NK RK 11-2025,sub_district,2,Октябрьский с.о.,Октябрь а.о.
634841100,NK RK 11-2025,settlement,2,с.Октябрьский,Октябрьский а.
634841200,NK RK 11-2025,settlement,2,ст.Бухтарма,Бұқтырма ст.
634841300,NK RK 11-2025,settlement,2,с.Сажаевка,Сажаевка а.
634841303,NK RK 11-2025,settlement,2,Турбаза Алтайская бухта,Алтайшығанағы турбазасы
634841400,NK RK 11-2025,settlement,2,ст.Селезневка,Селезневка ст.
634843000,NK RK 11-2025,sub_district,2,Никольский с.о.,Никольский а.о.
634843100,NK RK 11-2025,settlement,2,с.Никольск,Никольск а.
634843200,NK RK 11-2025,settlement,2,с.Алтайка,Алтайка а.
634843300,NK RK 11-2025,settlement,2,с.Бородино,Бородино а.
634843400,NK RK 11-2025,settlement,2,с.Кремнюха,Кремнюха а.
634845000,NK RK 11-2025,sub_district,2,Парыгинский с.о.,Парыгин а.о.
634845100,NK RK 11-2025,settlement,2,с.Парыгино,Парыгино а.
634845103,NK RK 11-2025,settlement,2,с.Бобровка,Бобровка а.
634845200,NK RK 11-2025,settlement,2,с.Баяновск,Баяновск а.
634845205,NK RK 11-2025,settlement,2,с.Теплый Ключ,Жылыбұлақ а.
634847000,NK RK 11-2025,sub_district,2,с.о.Полянское,Полянское а.о.
634847100,NK RK 11-2025,settlement,2,с.Полянское,Полянское а.
634847200,NK RK 11-2025,settlement,2,с.Васильевка,Васильевка а.
634847300,NK RK 11-2025,settlement,2,с.Дородница,Дородница а.
634849000,NK RK 11-2025,sub_district,2,Прибрежный с.о.,Прибрежный а.о.
634849100,NK RK 11-2025,settlement,2,с.Прибрежное,Прибрежный а.
634849200,NK RK 11-2025,settlement,2,с.Заводинка,Заводинка а.
634853000,NK RK 11-2025,sub_district,2,Северный с.о.,Северный а.о.
634853100,NK RK 11-2025,settlement,2,с.Феклистовка,Феклистовка а.
634853105,NK RK 11-2025,settlement,2,с.Кировск,Кировск а.
634853200,NK RK 11-2025,settlement,2,с.Ермаковка,Ермаковка а.
634853400,NK RK 11-2025,settlement,2,с.Северное,Северное а.
634855000,NK RK 11-2025,sub_district,2,Соловьевский с.о.,Соловьев а.о.
634855100,NK RK 11-2025,settlement,2,с.Соловьево,Соловьево а.
634855300,NK RK 11-2025,settlement,2,с.Ново-Крестьянка,Жаңашаруа а.
634855500,NK RK 11-2025,settlement,2,с.Маяк,Маяк а.
634855600,NK RK 11-2025,settlement,2,с.Подорленок,Подорленок а.
634857000,NK RK 11-2025,sub_district,2,Средигорненский с.о.,Средигор а.о.
634857100,NK RK 11-2025,settlement,2,с.Средигорное,Средигорное а.
634857200,NK RK 11-2025,settlement,2,с.Александровка,Александровка а.
634857300,NK RK 11-2025,settlement,2,с.Андреевка,Андреевка а.
634857400,NK RK 11-2025,settlement,2,с.Чиркаин,Шірікқайың а.
634859000,NK RK 11-2025,sub_district,2,Тургусунский с.о.,Тұрғысын а.о.
634859100,NK RK 11-2025,settlement,2,с.Тургусун,Тұрғысын а.
634859103,NK RK 11-2025,settlement,2,с.Осиновка,Осиновка а.
634861000,NK RK 11-2025,sub_district,2,Чапаевский с.о.,Чапаев а.о.
634861100,NK RK 11-2025,settlement,2,с.Чапаево,Чапаево а.
634861200,NK RK 11-2025,settlement,2,с.Крестовка,Крестовка а.
634861300,NK RK 11-2025,settlement,2,с.Орловка,Орловка а.
634861400,NK RK 11-2025,settlement,2,с.Пролетарка,Пролетарка а.
634861500,NK RK 11-2025,settlement,2,с.Снегирево,Снегирево а.
634861600,NK RK 11-2025,settlement,2,с.Восточное,Шығыс а.
634861602,NK RK 11-2025,settlement,2,с.Алтынсай,Алтынсай а.
635200000,NK RK 11-2025,district,2,Курчумский район,Күршім ауданы
635230000,NK RK 11-2025,sub_district,2,Курчумский с.о.,Күршім а.о.
635230100,NK RK 11-2025,settlement,2,с.Курчум,Күршім а.
635230102,NK RK 11-2025,settlement,2,уч.Актас,Ақтас уч.
635230103,NK RK 11-2025,settlement,2,уч.Мальковое,Мальковое уч.
635230104,NK RK 11-2025,settlement,2,уч.Жинишке,Жіңішке уч.
635230105,NK RK 11-2025,settlement,2,уч.Катпанов,Қатпанов уч.
635230106,NK RK 11-2025,settlement,2,уч.Кокжыра,Көкжыра уч.
635230107,NK RK 11-2025,settlement,2,уч.Кызыл Терек,Қызыл Терек уч.
635230108,NK RK 11-2025,settlement,2,уч.Кызылтобе,Қызылтөбе уч.
635230109,NK RK 11-2025,settlement,2,уч.Мойнак,Мойнақ уч.
635230111,NK RK 11-2025,settlement,2,уч.Сартерек,Сартерек уч.
635230112,NK RK 11-2025,settlement,2,уч.Свиноферма,Шошқаферма уч.
635230113,NK RK 11-2025,settlement,2,уч.Рахметолдин,Рахметолдин уч.
635230114,NK RK 11-2025,settlement,2,уч.Птицеферма,Құсферма уч.
635230115,NK RK 11-2025,settlement,2,уч.Тастогам,Тастоғам уч.
635230116,NK RK 11-2025,settlement,2,уч.Чупенов,Чупенов уч.
635230117,NK RK 11-2025,settlement,2,уч.4 бригада,4 бригада уч.
635230118,NK RK 11-2025,settlement,2,уч.10 бригада,10 бригада уч.
635230119,NK RK 11-2025,settlement,2,уч.АБЗ,АБЗ уч.
635230121,NK RK 11-2025,settlement,2,уч.Торе - Тогам,Төре - Тоғам уч.
635230122,NK RK 11-2025,settlement,2,с.Дынгек,Діңгек а.
635230200,NK RK 11-2025,settlement,2,с.Алгабас,Алғабас а.
635230203,NK RK 11-2025,settlement,2,уч.Армянбаз,Армянбаз уч.
635230204,NK RK 11-2025,settlement,2,уч.Жана баз 1,Жаңа баз 1 уч.
635230205,NK RK 11-2025,settlement,2,уч.Торангы,Тораңғы уч.
635230206,NK RK 11-2025,settlement,2,уч.Жана баз 2,Жаңа баз 2 уч.
635230207,NK RK 11-2025,settlement,2,уч.Киши Аккудык,Кіші Аққұдық уч.
635230208,NK RK 11-2025,settlement,2,уч.Стрижка,Стрижка уч.
635230209,NK RK 11-2025,settlement,2,уч.Шешен баз,Шешен баз уч.
635230211,NK RK 11-2025,settlement,2,уч.Шонабай,Шонабай уч.
635230212,NK RK 11-2025,settlement,2,уч.Улькен Аккудык,Үлкен Аққұдық уч.
635230400,NK RK 11-2025,settlement,2,с.Топтерек,Топтерек а.
635230403,NK RK 11-2025,settlement,2,уч.Кабак,Қабақ уч.
635230405,NK RK 11-2025,settlement,2,уч.Караозек,Қараөзек уч.
635233000,NK RK 11-2025,sub_district,2,Абайский с.о.,Абай а.о.
635233100,NK RK 11-2025,settlement,2,с.Бурабай,Бурабай а.
635233102,NK RK 11-2025,settlement,2,с.Байжан,Байжан а.
635233104,NK RK 11-2025,settlement,2,с.Жуман,Жұман а.
635233106,NK RK 11-2025,settlement,2,с.Конный,Конный а.
635233111,NK RK 11-2025,settlement,2,с.Тума,Тұма а.
635233113,NK RK 11-2025,settlement,2,с.Центральная,Орталық а.
635233114,NK RK 11-2025,settlement,2,уч.Нугыман,Нұғыман уч.
635233115,NK RK 11-2025,settlement,2,уч.Кокжота,Көкжота уч.
635233116,NK RK 11-2025,settlement,2,с.Тоскайын,Төсқайың а.
635233300,NK RK 11-2025,settlement,2,с.Койтас,Қойтас а.
635233302,NK RK 11-2025,settlement,2,с.Волков,Волков а.
635233304,NK RK 11-2025,settlement,2,с.Купка,Купка а.
635233308,NK RK 11-2025,settlement,2,с.Сайлыбай,Сайлыбай а.
635233315,NK RK 11-2025,settlement,2,с.Тышкан,Тышқан а.
635233317,NK RK 11-2025,settlement,2,с.Урджан,Үржан а.
635233318,NK RK 11-2025,settlement,2,уч.Заготскот,Заготскот уч.
635233319,NK RK 11-2025,settlement,2,уч.Айдар,Айдар уч.
635233321,NK RK 11-2025,settlement,2,уч.Кокалабулак,Көкалабұлақ уч.
635233400,NK RK 11-2025,settlement,2,с.Теректыбулак,Теректібұлақ а.
635233403,NK RK 11-2025,settlement,2,Бригада 10,Бригада 10
635233406,NK RK 11-2025,settlement,2,уч.Кызылтас,Қызылтас уч.
635237000,NK RK 11-2025,sub_district,2,Балыкшинский с.о.,Балықшы а.о.
635237100,NK RK 11-2025,settlement,2,с.Аксуат,Ақсуат а.
635237105,NK RK 11-2025,settlement,2,уч.Бекен,Бекен  уч.
635237106,NK RK 11-2025,settlement,2,уч.Жанбай Асенов,Жанбай Асенов  уч.
635237107,NK RK 11-2025,settlement,2,уч.Жанбай Мухамадиев,Жанбай Мұхамадиев  уч.
635237108,NK RK 11-2025,settlement,2,уч.Коржин,Қоржын  уч.
635237109,NK RK 11-2025,settlement,2,уч.Тойбазар,Тойбазар  уч.
635237200,NK RK 11-2025,settlement,2,с.Аманат,Аманат а.
635237205,NK RK 11-2025,settlement,2,уч.Бесоба,Бесоба  уч.
635237206,NK RK 11-2025,settlement,2,уч.Буйрек,Бүйрек  уч.
635237207,NK RK 11-2025,settlement,2,уч.Ильяс кора,Ильяс қора  уч.
635237208,NK RK 11-2025,settlement,2,уч.Итмурын,Итмұрын  уч.
635237209,NK RK 11-2025,settlement,2,уч.Каракойын,Қарақойын уч.
635237211,NK RK 11-2025,settlement,2,уч.Киши Жаланаш,Кіші Жалаңаш  уч.
635237212,NK RK 11-2025,settlement,2,уч.Муратхан,Мұратхан  уч.
635237300,NK RK 11-2025,settlement,2,с.Жолнускау,Жолнұсқау а.
635237305,NK RK 11-2025,settlement,2,уч.Бота олген,Бота өлген  уч.
635237306,NK RK 11-2025,settlement,2,уч.Караганды,Қарағанды  уч.
635237308,NK RK 11-2025,settlement,2,уч.Такмушке Кадролдинов,Тақмүшке Қадролдинов  уч.
635237309,NK RK 11-2025,settlement,2,уч.Такмушке Сакенов Е.,Тақмүшке Сәкенов Е.  уч.
635249000,NK RK 11-2025,sub_district,2,Калгутинский с.о.,Қалғұтты а.о.
635249100,NK RK 11-2025,settlement,2,с.Каратогай,Қаратоғай а.
635249102,NK RK 11-2025,settlement,2,с.Бабатлеу,Бабатілеу а.
635249103,NK RK 11-2025,settlement,2,с.Баубек,Баубек а.
635249104,NK RK 11-2025,settlement,2,с.Бестерек,Бестерек а.
635249105,NK RK 11-2025,settlement,2,с.Догалбай,Доғалбай а.
635249106,NK RK 11-2025,settlement,2,с.Дуйсенби,Дүйсенбі а.
635249108,NK RK 11-2025,settlement,2,уч.Ашыбасы,Ашыбасы уч.
635249109,NK RK 11-2025,settlement,2,с.Козыбай,Козыбай а.
635249112,NK RK 11-2025,settlement,2,уч.Жанасбай,Жанасбай уч.
635249113,NK RK 11-2025,settlement,2,с.Сарыбайкиши,Сарыбайкіші а.
635249115,NK RK 11-2025,settlement,2,с.Сарыбайулкен,Сарыбайїлкен а.
635249116,NK RK 11-2025,settlement,2,уч.Сопы,Сопы уч.
635249117,NK RK 11-2025,settlement,2,с.Симтик,Сымтік а.
635249118,NK RK 11-2025,settlement,2,крес.пос.Енбек,Еңбек шар.қонысы
635249119,NK RK 11-2025,settlement,2,уч.Шакаев,Шақаев уч.
635249121,NK RK 11-2025,settlement,2,уч.Шакер,Шакер уч.
635249122,NK RK 11-2025,settlement,2,с.Жылытау,Жылытау а.
635249123,NK RK 11-2025,settlement,2,с.Айнабастау,Айнабастау а.
635249124,NK RK 11-2025,settlement,2,с.Казантай,Қазантай а.
635249200,NK RK 11-2025,settlement,2,с.Акчий,Ақши а.
635249203,NK RK 11-2025,settlement,2,с.Аргымак,Арғымақ а.
635249205,NK RK 11-2025,settlement,2,уч.Дорбен,Дорбен уч.
635249208,NK RK 11-2025,settlement,2,уч.Кормоцех,Кормоцех уч.
635249300,NK RK 11-2025,settlement,2,с.Егиндыбулак,Егіндібұлақ а.
635249303,NK RK 11-2025,settlement,2,с.Терисайрык,Терісайрық а.
635255000,NK RK 11-2025,sub_district,2,Куйганский с.о.,Құйған а.о.
635255100,NK RK 11-2025,settlement,2,с.Куйган,Құйған а.
635255109,NK RK 11-2025,settlement,2,уч.Телевышка,Телевышка уч.
635255200,NK RK 11-2025,settlement,2,с.Кайнар,Қайнар а.
635255203,NK RK 11-2025,settlement,2,с.Чердояк,Шірікаяқ а.
635255205,NK RK 11-2025,settlement,2,с.Карабулак,Қарабұлақ а.
635255400,NK RK 11-2025,settlement,2,с.Кайынды,Қайыңды а.
635257000,NK RK 11-2025,sub_district,2,Маралдинский с.о.,Маралды а.о.
635257100,NK RK 11-2025,settlement,2,с.Маралды,Маралды а.
635257105,NK RK 11-2025,settlement,2,крес.пос.Алтай,Алтай шар.қонысы
635257107,NK RK 11-2025,settlement,2,с.Жума,Жұма а.
635257111,NK RK 11-2025,settlement,2,с.Лукпан,Лұқпан а.
635257113,NK RK 11-2025,settlement,2,уч.Ортен,Өртен уч.
635257115,NK RK 11-2025,settlement,2,уч.Куркели,Күркелі уч.
635257300,NK RK 11-2025,settlement,2,с.Курчумкистауы,Күршімқыстауы а.
635257307,NK RK 11-2025,settlement,2,уч.Корык,Қорық  уч.
635257309,NK RK 11-2025,settlement,2,уч.Орысай,Орысай  уч.
635257500,NK RK 11-2025,settlement,2,с.Ушбулак,Үшбұлақ а.
635257504,NK RK 11-2025,settlement,2,крес.пос.Сарытау,Сарытау  шар.қонысы
635257506,NK RK 11-2025,settlement,2,уч.Сарытау,Сарытау уч.
635257507,NK RK 11-2025,settlement,2,уч.Батпак,Батпақ  уч.
635259000,NK RK 11-2025,sub_district,2,Сарыоленский с.о.,Сарыөлең а.о.
635259100,NK RK 11-2025,settlement,2,с.Сарыолен,Сарыөлең а.
635259102,NK RK 11-2025,settlement,2,крес.пос.Амангельды,Амангелді шар.қонысы
635259105,NK RK 11-2025,settlement,2,уч.Баян-Кызыл,Баян-Қызыл  уч.
635259106,NK RK 11-2025,settlement,2,уч.Водомерка 1,Водомерка 1 уч.
635259107,NK RK 11-2025,settlement,2,уч.Водомерка 2,Водомерка 2 уч.
635259108,NK RK 11-2025,settlement,2,уч.Елюбай Коль,Елубай Көл уч.
635259109,NK RK 11-2025,settlement,2,уч.Кенжебай,Кенжебай  уч.
635259111,NK RK 11-2025,settlement,2,уч.Кенетай,Кенетай уч.
635259112,NK RK 11-2025,settlement,2,уч.Кызыл Кериш,Қызыл Керіш уч.
635259113,NK RK 11-2025,settlement,2,уч.Сабырбай,Сабырбай  уч.
635259114,NK RK 11-2025,settlement,2,уч.Сарыколь,Сарыкөл  уч.
635259115,NK RK 11-2025,settlement,2,уч.Сатжол,Сатжол  уч.
635259116,NK RK 11-2025,settlement,2,уч.Чункурчи,Чункурчи  уч.
635259117,NK RK 11-2025,settlement,2,уч.Чурегей,Чурегей уч.
635259300,NK RK 11-2025,settlement,2,с.Бирлик,Бірлік а.
635259311,NK RK 11-2025,settlement,2,уч.Токабай,Тоқабай уч.
635259400,NK RK 11-2025,settlement,2,с.Барак батыра,Барақ батыр а.
635259402,NK RK 11-2025,settlement,2,уч.Абакан,Абақан уч.
635259405,NK RK 11-2025,settlement,2,уч.Куговое,Куговой уч.
635259409,NK RK 11-2025,settlement,2,уч.Молодежное,Молодежный уч.
635400000,NK RK 11-2025,district,2,Катон-Карагайский район,Катонқарағай ауданы
635430000,NK RK 11-2025,sub_district,2,Катон-Карагайский с.о.,Катонқарағай а.о.
635430100,NK RK 11-2025,settlement,2,с.Катон-Карагай,Катонқарағай а.
635430200,NK RK 11-2025,settlement,2,с.Жана-Ульга,Жаңаүлгі а.
635430300,NK RK 11-2025,settlement,2,с.Кабырга,Қабырға а.
635430400,NK RK 11-2025,settlement,2,с.Мойылды,Мойылды а.
635430500,NK RK 11-2025,settlement,2,с.Шынгыстай,Шыңғыстай а.
635433000,NK RK 11-2025,sub_district,2,Аксуский с.о.,Ақсу а.о.
635433100,NK RK 11-2025,settlement,2,с.Аксу,Ақсу а.
635433109,NK RK 11-2025,settlement,2,с.Талды,Талды а.
635433200,NK RK 11-2025,settlement,2,с.Жазаба,Жазаба а.
635433300,NK RK 11-2025,settlement,2,с.Акшарбак,Ақшарбақ а.
635433400,NK RK 11-2025,settlement,2,с.Бекалка,Бекалқа а.
635435000,NK RK 11-2025,sub_district,2,Жамбылский с.о.,Жамбыл а.о.
635435100,NK RK 11-2025,settlement,2,с.Жамбыл,Жамбыл а.
635435102,NK RK 11-2025,settlement,2,с.Маралды,Маралды а.
635435200,NK RK 11-2025,settlement,2,с.Берель,Берель а.
635435205,NK RK 11-2025,settlement,2,с.Караайрык,Қараайрық а.
635435500,NK RK 11-2025,settlement,2,с.Рахмановские ключи,Рахманқайнары а.
635445000,NK RK 11-2025,sub_district,2,Коробихинский с.о.,Коробиха а.о.
635445100,NK RK 11-2025,settlement,2,с.Коробиха,Коробиха а.
635445107,NK RK 11-2025,settlement,2,с.Усть-Язовая,Усть-Язовая а.
635445200,NK RK 11-2025,settlement,2,с.Барлык,Барлық а.
635445400,NK RK 11-2025,settlement,2,с.Ушбулак,Үшбұлақ а.
635447000,NK RK 11-2025,sub_district,2,Белкарагайский с.о.,Белқарағай а.о.
635447100,NK RK 11-2025,settlement,2,с.Белкарагай,Белқарағай а.
635447200,NK RK 11-2025,settlement,2,с.Орнек,Өрнек а.
635447300,NK RK 11-2025,settlement,2,с.Согорное,Согорное а.
635447400,NK RK 11-2025,settlement,2,с.Топкаин,Топқайың а.
635457000,NK RK 11-2025,sub_district,2,Урыльский с.о.,Өріл а.о.
635457100,NK RK 11-2025,settlement,2,с.Урыль,Өріл а.
635457200,NK RK 11-2025,settlement,2,с.Аршаты,Аршаты а.
635457300,NK RK 11-2025,settlement,2,с.Енбек,Еңбек а.
635465000,NK RK 11-2025,sub_district,2,Аккайнарский с.о.,Аққайнар а.о.
635465100,NK RK 11-2025,settlement,2,с.Аккайнар,Аққайнар а.
635465200,NK RK 11-2025,settlement,2,с.Кайынды,Қайыңды а.
635465300,NK RK 11-2025,settlement,2,с.Кызылжулдыз,Қызылжұлдыз а.
635465400,NK RK 11-2025,settlement,2,с.Акмарал,Ақмарал а.
635500000,NK RK 11-2025,district,2,район Марқакөл,Марқакөл ауданы
635530000,NK RK 11-2025,sub_district,2,Маркакольский с.о.,Марқакөл а.о.
635530100,NK RK 11-2025,settlement,2,с.Маркаколь,Марқакөл а.
635530102,NK RK 11-2025,settlement,2,крес.пос.Ашалы,Ашалы шаруаш.қонысы
635530104,NK RK 11-2025,settlement,2,Куринная ферма,Тауық фермасы
635530105,NK RK 11-2025,settlement,2,с.Мойылды,Мойылды а.
635530106,NK RK 11-2025,settlement,2,уч.Александровка,Александровка уч.
635530111,NK RK 11-2025,settlement,2,уч.Акбалшык,Ақбалшық уч.
635530113,NK RK 11-2025,settlement,2,уч.Туйекуйрык,Түйеқұйрық уч.
635530115,NK RK 11-2025,settlement,2,уч.Жогары Ашалы,Жоғары Ашалы  уч.
635530117,NK RK 11-2025,settlement,2,уч.Шеттеректы,Шеттеректі уч.
635530118,NK RK 11-2025,settlement,2,с.Тентек,Тентек а.
635530119,NK RK 11-2025,settlement,2,Пасека,Омарта
635530200,NK RK 11-2025,settlement,2,с.Акжайлау,Ақжайлау а.
635530203,NK RK 11-2025,settlement,2,с.Матабай,Матабай а.
635530400,NK RK 11-2025,settlement,2,с.Булгартабыты,Былғарытабыты а.
635530402,NK RK 11-2025,settlement,2,уч.Акбейит,Ақбейіт  уч.
635530405,NK RK 11-2025,settlement,2,уч.Койтубек,Қойтүбек  уч.
635530406,NK RK 11-2025,settlement,2,уч.Коксалды,Көксалды  уч.
635530407,NK RK 11-2025,settlement,2,уч.Колен,Колен  уч.
635530409,NK RK 11-2025,settlement,2,уч.Торетума,Төретұма  уч.
635530500,NK RK 11-2025,settlement,2,с.Карашилик,Қарашілік а.
635530505,NK RK 11-2025,settlement,2,с.Чошан,Шошаң а.
635530600,NK RK 11-2025,settlement,2,с.Караой,Қараой а.
635530603,NK RK 11-2025,settlement,2,с.Актума,Ақтұма а.
635530604,NK RK 11-2025,settlement,2,с.Жанибек,Жәнібек а.
635530606,NK RK 11-2025,settlement,2,уч.Тукур,Түкүр  уч.
635530609,NK RK 11-2025,settlement,2,уч.Шанды,Шанды уч.
635530700,NK RK 11-2025,settlement,2,с.Кайнарлы,Қайнарлы а.
635533000,NK RK 11-2025,sub_district,2,Тоскаинский с.о.,Төсқайың а.о.
635533100,NK RK 11-2025,settlement,2,с.Тоскаин,Төсқайың а.
635533105,NK RK 11-2025,settlement,2,Комендатура Тоскайын,Төсқайың комендатурасы
635533200,NK RK 11-2025,settlement,2,с.Балыктыбулак,Балықтыбұлақ а.
635533300,NK RK 11-2025,settlement,2,с.Бугумуюз,Бұғымүйіз а.
635533600,NK RK 11-2025,settlement,2,с.Урунхайка,Урунхайка а.
635533608,NK RK 11-2025,settlement,2,крес.пос.Карагайлыбулак,Қарағайлыбұлақ шаруа қонысы
635533609,NK RK 11-2025,settlement,2,крес.пос.Верхняя Еловка,Жоғарғы Еловка шар.қонысы
635533700,NK RK 11-2025,settlement,2,с.Шаганатты,Шағанатты а.
635533705,NK RK 11-2025,settlement,2,"Застава "" Кокжота""","""Көкжота"" заставасы"
635533706,NK RK 11-2025,settlement,2,"Застава "" Маралды""","""Маралды"" заставасы"
635533707,NK RK 11-2025,settlement,2,"Застава "" Шаганатты""","""Шағанатты"" заставасы"
635535000,NK RK 11-2025,sub_district,2,Бурановский с.о.,Боран а.о.
635535100,NK RK 11-2025,settlement,2,с.Буран,Боран а.
635535106,NK RK 11-2025,settlement,2,уч.За Иртышом 1,За Иртышом 1 уч.
635535107,NK RK 11-2025,settlement,2,уч.За Иртышом 2,За Иртышом 2 уч.
635535113,NK RK 11-2025,settlement,2,уч.Наби,Нәби уч.
635535117,NK RK 11-2025,settlement,2,уч.Абдырас,Абдырас уч.
635535119,NK RK 11-2025,settlement,2,уч.Кожебай,Көжебай уч.
635535121,NK RK 11-2025,settlement,2,уч.Мельница,Мельница уч.
635535123,NK RK 11-2025,settlement,2,уч.Туйетас,Түйетас уч.
635535200,NK RK 11-2025,settlement,2,с.Жанааул,Жаңаауыл а.
635535300,NK RK 11-2025,settlement,2,с.Жиделы,Жиделі а.
635535305,NK RK 11-2025,settlement,2,уч.Горка,Горка уч.
635535308,NK RK 11-2025,settlement,2,уч.Каратал 1,Қаратал 1 уч.
635535400,NK RK 11-2025,settlement,2,с.Игилик,Игілік а.
635535405,NK RK 11-2025,settlement,2,уч.Жарык,Жарық уч.
635535500,NK RK 11-2025,settlement,2,с.Казахстан,Қазақстан а.
635537000,NK RK 11-2025,sub_district,2,Акбулакский с.о.,Ақбұлақ а.о.
635537100,NK RK 11-2025,settlement,2,с.Акбулак,Ақбұлақ а.
635537106,NK RK 11-2025,settlement,2,с.Сарыкобен,Сарыкөбен а.
635537108,NK RK 11-2025,settlement,2,уч.Рсак,Рсак уч.
635537109,NK RK 11-2025,settlement,2,уч.Тортинши,Төртінші уч.
635537113,NK RK 11-2025,settlement,2,крес.пос.Майтерек,Майтерек шаруа қонысы
635537114,NK RK 11-2025,settlement,2,с.Алтай,Алтай а.
635537300,NK RK 11-2025,settlement,2,с.Кунгей-Бокенбай,Күнгей-Бөкенбай а.
635537302,NK RK 11-2025,settlement,2,с.Нургазы,Нұрғазы а.
635537304,NK RK 11-2025,settlement,2,с.Шиликты,Шілікті а.
635537305,NK RK 11-2025,settlement,2,уч.Касымбек,Қасымбек уч.
635537306,NK RK 11-2025,settlement,2,уч.Аргынбай,Арғынбай уч.
635537307,NK RK 11-2025,settlement,2,уч.Тлеу,Тілеу уч.
635537308,NK RK 11-2025,settlement,2,уч.Атымтай,Атымтай уч.
635537500,NK RK 11-2025,settlement,2,с.Терскей-Бокенбай,Теріскей Бөкенбай а.
635537505,NK RK 11-2025,settlement,2,уч.Кабыргатал,Қабырғатал уч.
635537509,NK RK 11-2025,settlement,2,уч.Саветбай,Саветбай уч.
635539000,NK RK 11-2025,sub_district,2,Калжырский с.о.,Қалжыр а.о.
635539100,NK RK 11-2025,settlement,2,с.Калжыр,Қалжыр а.
635539102,NK RK 11-2025,settlement,2,уч.Жыргалан 1,Жырғалаң 1 уч.
635539103,NK RK 11-2025,settlement,2,уч.Жыргалан 2,Жырғалаң 2 уч.
635539104,NK RK 11-2025,settlement,2,уч.Иманбай,Иманбай уч.
635539106,NK RK 11-2025,settlement,2,уч.Кызылжар 1,Қызылжар 1 уч.
635539109,NK RK 11-2025,settlement,2,уч.Стан,Қос уч.
635539111,NK RK 11-2025,settlement,2,уч.Тегистик 1,Тегістік 1 уч.
635539112,NK RK 11-2025,settlement,2,уч.Байшуак,Байшуақ уч.
635539115,NK RK 11-2025,settlement,2,уч.Тумсыкши,Тұмсықши уч.
635539200,NK RK 11-2025,settlement,2,с.Правый Усть-Кальжыр,Правый Усть-Қалжыр а.
635539202,NK RK 11-2025,settlement,2,уч.Бас Шубарчилик,Бас Шұбаршілік уч.
635539205,NK RK 11-2025,settlement,2,уч.Орта Шубарчилик,Орта Шұбаршілік уч.
635539300,NK RK 11-2025,settlement,2,с.Такыр,Тақыр а.
635539303,NK RK 11-2025,settlement,2,уч.Кашаган,Қашаған уч.
635539304,NK RK 11-2025,settlement,2,уч.Косай,Қосай уч.
635539309,NK RK 11-2025,settlement,2,уч.Танжарык,Таңжарық уч.
635539400,NK RK 11-2025,settlement,2,с.Шенгельды,Шеңгелді а.
635539405,NK RK 11-2025,settlement,2,уч.Кызылту,Қызылту уч.
635539409,NK RK 11-2025,settlement,2,уч.Таскора,Тасқора уч.
635600000,NK RK 11-2025,district,2,район Самар,Самар ауданы
635630000,NK RK 11-2025,sub_district,2,Самарский с.о.,Самара а.о.
635630100,NK RK 11-2025,settlement,2,с.Самарское,Самарское а.
635630300,NK RK 11-2025,settlement,2,с.Кайынды,Қайыңды а.
635630500,NK RK 11-2025,settlement,2,с.Шубаркайын,Шұбарқайың а.
635633000,NK RK 11-2025,sub_district,2,с.о.Аккала,Аққала а.о.
635633100,NK RK 11-2025,settlement,2,с.Аккала,Аққала а.
635633200,NK RK 11-2025,settlement,2,с.Жанажол,Жаңажол а.
635633300,NK RK 11-2025,settlement,2,с.Караткуль,Қараөткел а.
635633400,NK RK 11-2025,settlement,2,с.Койтас,Қойтас а.
635635000,NK RK 11-2025,sub_district,2,Бастаушинский с.о.,Бастаушы а.о.
635635100,NK RK 11-2025,settlement,2,с.Бастауши,Бастаушы а.
635635200,NK RK 11-2025,settlement,2,с.Кокжота,Көкжота а.
635637000,NK RK 11-2025,sub_district,2,Кулынжонский с.о.,Құлынжон а.о.
635637100,NK RK 11-2025,settlement,2,с.Кулынжон,Құлынжон а.
635637200,NK RK 11-2025,settlement,2,с.Кокжыра,Көкжыра а.
635639000,NK RK 11-2025,sub_district,2,Мариногорский с.о.,Мариногор а.о.
635639100,NK RK 11-2025,settlement,2,с.Мариногорка,Мариногорка а.
635639300,NK RK 11-2025,settlement,2,с.Жўмба,Жұмба а.
635639400,NK RK 11-2025,settlement,2,с.Мойылды,Мойылды а.
635641000,NK RK 11-2025,sub_district,2,Миролюбовский с.о.,Миролюбовка а.о.
635641100,NK RK 11-2025,settlement,2,с.Миролюбовка,Миролюбовка а.
635641400,NK RK 11-2025,settlement,2,с.Раздольное,Раздольное а.
635643000,NK RK 11-2025,sub_district,2,Палатцынский с.о.,Палатцы а.о.
635643100,NK RK 11-2025,settlement,2,с.Палатцы,Палатцы а.
635643280,NK RK 11-2025,settlement,2,с.Каракол,Қаракөл а.
635643300,NK RK 11-2025,settlement,2,с.Песчанка,Песчанка а.
635643480,NK RK 11-2025,settlement,2,с.Подгорное,Подгорное а.
635645000,NK RK 11-2025,sub_district,2,Сарыбельский с.о.,Сарыбел а.о.
635645100,NK RK 11-2025,settlement,2,с.Сарыбел,Сарыбел а.
635645300,NK RK 11-2025,settlement,2,с.Новостройка,Новостройка а.
635800000,NK RK 11-2025,district,2,Тарбагатайский район,Тарбағатай ауданы
635830000,NK RK 11-2025,sub_district,2,Акжарский с.о.,Ақжар а.о.
635830100,NK RK 11-2025,settlement,2,с.Акжар,Ақжар а.
635830104,NK RK 11-2025,settlement,2,с.Диирмен,Диірмен а.
635830105,NK RK 11-2025,settlement,2,с.Екибас,Екібас а.
635830106,NK RK 11-2025,settlement,2,с.Еспе,Еспе а.
635830107,NK RK 11-2025,settlement,2,с.Калигажи,Қалиғажы а.
635830108,NK RK 11-2025,settlement,2,с.Карой,Қарой а.
635830109,NK RK 11-2025,settlement,2,с.Кулдаулет,Құлдәулет а.
635830112,NK RK 11-2025,settlement,2,с.Мойын,Мойын а.
635830114,NK RK 11-2025,settlement,2,с.Петька,Петька а.
635830115,NK RK 11-2025,settlement,2,с.Сарбулак,Сарбұлақ а.
635830116,NK RK 11-2025,settlement,2,с.Серенкамал,Серенқамал а.
635830200,NK RK 11-2025,settlement,2,с.Жаналык,Жаңалық а.
635830203,NK RK 11-2025,settlement,2,с.Каскак,Қасқақ а.
635830300,NK RK 11-2025,settlement,2,с.Жанатилеу,Жаңатілеу а.
635830302,NK RK 11-2025,settlement,2,с.Огиз кора,Өгіз қора а.
635830304,NK RK 11-2025,settlement,2,с.Токтамыс 1,Тоқтамыс 1 а.
635830305,NK RK 11-2025,settlement,2,с.Токтамыс 2,Тоқтамыс 2 а.
635839000,NK RK 11-2025,sub_district,2,Жанааулский с.о.,Жаңаауыл а.о.
635839100,NK RK 11-2025,settlement,2,с.Жанаауыл,Жаңаауыл а.
635839102,NK RK 11-2025,settlement,2,с.Аккора,Аққора а.
635839103,NK RK 11-2025,settlement,2,с.Боданбай,Боданбай а.
635839107,NK RK 11-2025,settlement,2,с.Карашокы,Қарашоқы а.
635839117,NK RK 11-2025,settlement,2,с.Сана,Сана а.
635839118,NK RK 11-2025,settlement,2,с.Талпын 2,Талпын 2 а.
635839119,NK RK 11-2025,settlement,2,с.Талпын,Талпын а.
635839125,NK RK 11-2025,settlement,2,с.Бокпай 1,Боқпай 1 а.
635839126,NK RK 11-2025,settlement,2,с.Бокпай 2,Боқпай 2 а.
635839127,NK RK 11-2025,settlement,2,с.Туайт,Туайт а.
635839128,NK RK 11-2025,settlement,2,с.Баятар,Баятар а.
635839200,NK RK 11-2025,settlement,2,с.Ахметбулак,Ахметбұлақ а.
635839202,NK RK 11-2025,settlement,2,с.Ахметбулак 1,Ахметбұлақ 1 а.
635839204,NK RK 11-2025,settlement,2,с.Комсомол,Комсомол а.
635839208,NK RK 11-2025,settlement,2,с.Курмангали,Құрманғали а.
635839209,NK RK 11-2025,settlement,2,с.Кызылтас,Қызылтас а.
635839211,NK RK 11-2025,settlement,2,с.Тентек,Тентек а.
635839212,NK RK 11-2025,settlement,2,с.Бокпай 3,Боқпай 3 а.
635839213,NK RK 11-2025,settlement,2,с.Казанбай,Қазанбай а.
635839214,NK RK 11-2025,settlement,2,с.Курмангалы 2,Құрманғалы 2 а.
635839215,NK RK 11-2025,settlement,2,с.Оскелен,Өскелең а.
635839300,NK RK 11-2025,settlement,2,с.Жанаталап,Жаңаталап а.
635839304,NK RK 11-2025,settlement,2,с.Жыргалы,Жырғалы а.
635839306,NK RK 11-2025,settlement,2,с.Куаныш,Қуаныш а.
635839308,NK RK 11-2025,settlement,2,с.Каске,Қаске а.
635839309,NK RK 11-2025,settlement,2,с.Аушык,Аушық а.
635839311,NK RK 11-2025,settlement,2,с.Ушбулак,Үшбұлақ а.
635839312,NK RK 11-2025,settlement,2,с.Кымызбай,Қымызбай а.
635839400,NK RK 11-2025,settlement,2,с.Сарыолен,Сарыөлең а.
635839404,NK RK 11-2025,settlement,2,с.Жазике,Жазике а.
635839413,NK RK 11-2025,settlement,2,с.Узынбулак,Ұзынбұлақ а.
635841000,NK RK 11-2025,sub_district,2,Жетыаральский с.о.,Жетіарал а.о.
635841100,NK RK 11-2025,settlement,2,с.Жетыарал,Жетіарал а.
635841200,NK RK 11-2025,settlement,2,с.Асусай,Асусай а.
635841202,NK RK 11-2025,settlement,2,с.Аккора,Аққора а.
635841203,NK RK 11-2025,settlement,2,с.Актас,Ақтас а.
635841204,NK RK 11-2025,settlement,2,с.Атамбай,Атамбай а.
635841205,NK RK 11-2025,settlement,2,с.Ашутас,Ашутас а.
635841206,NK RK 11-2025,settlement,2,с.Бекбау,Бекбау а.
635841207,NK RK 11-2025,settlement,2,с.Бозша,Бозша а.
635841208,NK RK 11-2025,settlement,2,с.Боуык,Боуық а.
635841209,NK RK 11-2025,settlement,2,с.Ески Асусай,Ескі Асусай а.
635841211,NK RK 11-2025,settlement,2,с.Жалгызбастау,Жалғызбастау а.
635841212,NK RK 11-2025,settlement,2,с.Жантемир,Жантемір а.
635841213,NK RK 11-2025,settlement,2,с.Жоке,Жөке а.
635841214,NK RK 11-2025,settlement,2,с.Келтебулак,Келтебұлақ а.
635841215,NK RK 11-2025,settlement,2,с.Копбай,Көпбай а.
635841216,NK RK 11-2025,settlement,2,с.Киябай,Қиябай а.
635841217,NK RK 11-2025,settlement,2,с.Мади,Мади а.
635841218,NK RK 11-2025,settlement,2,с.Мейрамбай,Мейрамбай а.
635841219,NK RK 11-2025,settlement,2,с.Метке,Метке а.
635841221,NK RK 11-2025,settlement,2,с.Мендеке,Меңдеке а.
635841222,NK RK 11-2025,settlement,2,с.Мынжан,Мыңжан а.
635841223,NK RK 11-2025,settlement,2,с.Лак,Лақ а.
635841224,NK RK 11-2025,settlement,2,Ортакора,Ортақора
635841225,NK RK 11-2025,settlement,2,с.Сушы,Сушы а.
635841226,NK RK 11-2025,settlement,2,с.Шалгынбай,Шалғынбай а.
635841300,NK RK 11-2025,settlement,2,с.Жангызтал,Жаңғызтал а.
635841302,NK RK 11-2025,settlement,2,с.Анкау,Аңқау а.
635841303,NK RK 11-2025,settlement,2,с.Актобе,Ақтөбе а.
635841304,NK RK 11-2025,settlement,2,с.Каби,Қаби а.
635841305,NK RK 11-2025,settlement,2,с.Караоба,Қараоба а.
635841306,NK RK 11-2025,settlement,2,Кызылкора,Қызылқора
635841307,NK RK 11-2025,settlement,2,с.Аккора,Аққора а.
635841400,NK RK 11-2025,settlement,2,с.Камысты,Қамысты а.
635841402,NK RK 11-2025,settlement,2,с.Абиш,Әбіш а.
635841403,NK RK 11-2025,settlement,2,с.Айнабастау,Айнабастау а.
635841404,NK RK 11-2025,settlement,2,с.Атархан,Атархан а.
635841405,NK RK 11-2025,settlement,2,с.Балык,Балық а.
635841406,NK RK 11-2025,settlement,2,с.Болтек,Бөлтек а.
635841407,NK RK 11-2025,settlement,2,с.Жабагы,Жабағы а.
635841408,NK RK 11-2025,settlement,2,с.Жаналык,Жаңалық а.
635841409,NK RK 11-2025,settlement,2,с.Кисыкмойыншы,Қисықмойыншы а.
635841411,NK RK 11-2025,settlement,2,с.Конырбай,Қоңырбай а.
635841412,NK RK 11-2025,settlement,2,с.Кызылкесик,Қызылкесік а.
635841413,NK RK 11-2025,settlement,2,с.Мойынтам,Мойынтам а.
635841414,NK RK 11-2025,settlement,2,с.Муздыбулак,Мұздыбұлақ а.
635841415,NK RK 11-2025,settlement,2,с.Нуржан,Нұржан а.
635841416,NK RK 11-2025,settlement,2,с.Нокаш,Ноқаш а.
635841417,NK RK 11-2025,settlement,2,с.Отембай,Өтембай а.
635841418,NK RK 11-2025,settlement,2,с.Саутбай,Сауытбай а.
635841419,NK RK 11-2025,settlement,2,с.Семсербай,Семсербай а.
635841421,NK RK 11-2025,settlement,2,с.Сойлесбай,Сөйлесбай а.
635841422,NK RK 11-2025,settlement,2,с.Сыбан,Сыбан а.
635841423,NK RK 11-2025,settlement,2,с.Тесиктас,Тесіктас а.
635841424,NK RK 11-2025,settlement,2,с.Турлыбай,Тұрлыбай а.
635841425,NK RK 11-2025,settlement,2,с.Тиленши,Тіленші а.
635843000,NK RK 11-2025,sub_district,2,Кабанбайский с.о.,Кабанбай а.о.
635843100,NK RK 11-2025,settlement,2,с.Кабанбай,Қабанбай а.
635843102,NK RK 11-2025,settlement,2,с.Алыбай,Алыбай а.
635843103,NK RK 11-2025,settlement,2,с.Байуали,Байуәли а.
635843104,NK RK 11-2025,settlement,2,с.Карамерген,Қарамерген а.
635843200,NK RK 11-2025,settlement,2,с.Казахстан,Қазақстан а.
635843202,NK RK 11-2025,settlement,2,с.Акмектеп,Ақмектеп а.
635843203,NK RK 11-2025,settlement,2,с.Балшыкбай,Балшықбай а.
635843204,NK RK 11-2025,settlement,2,с.Жуметкен,Жұметкен а.
635843205,NK RK 11-2025,settlement,2,Кызылкора,Қызылқора
635843206,NK RK 11-2025,settlement,2,с.Сат,Сәт а.
635843300,NK RK 11-2025,settlement,2,с.Тауке,Тәуке а.
635843302,NK RK 11-2025,settlement,2,с.Абдилдабек,Әбділдәбек а.
635843303,NK RK 11-2025,settlement,2,с.Камен,Кәмен а.
635843304,NK RK 11-2025,settlement,2,с.Кайса,Қайса а.
635843305,NK RK 11-2025,settlement,2,с.Тесибакан,Тесібақан а.
635843400,NK RK 11-2025,settlement,2,с.Шенгельды,Шеңгелді а.
635843402,NK RK 11-2025,settlement,2,с.Денгельбай,Деңгелбай а.
635843403,NK RK 11-2025,settlement,2,Донкора,Дөнқора
635843404,NK RK 11-2025,settlement,2,с.Жылыбулак,Жылыбұлақ а.
635843405,NK RK 11-2025,settlement,2,с.Кулболды,Құлболды а.
635843406,NK RK 11-2025,settlement,2,с.Каркес,Кјркес а.
635843407,NK RK 11-2025,settlement,2,с.Карашенгел,Қарашеңгел а.
635843408,NK RK 11-2025,settlement,2,Кызылкора,Қызылқора
635843409,NK RK 11-2025,settlement,2,ЛСП,ЛСП
635843500,NK RK 11-2025,settlement,2,с.Шорга,Шорға а.
635843502,NK RK 11-2025,settlement,2,с.Азжике,Азжіке а.
635843503,NK RK 11-2025,settlement,2,с.Атабай,Атабай а.
635843504,NK RK 11-2025,settlement,2,с.Дуанбай,Дуанбай а.
635843505,NK RK 11-2025,settlement,2,с.Жаманбай,Жаманбай а.
635843506,NK RK 11-2025,settlement,2,с.Жылкыкора,Жылқықора а.
635843507,NK RK 11-2025,settlement,2,с.Екибас 1,Екібас 1 а.
635843508,NK RK 11-2025,settlement,2,с.Екибас 2,Екібас 2 а.
635843509,NK RK 11-2025,settlement,2,с.Кайса,Қайса а.
635843511,NK RK 11-2025,settlement,2,с.Кызылсыдык,Қызылсыдық а.
635843512,NK RK 11-2025,settlement,2,с.Ногай,Ноғай а.
635843513,NK RK 11-2025,settlement,2,с.Сталин,Сталин а.
635843515,NK RK 11-2025,settlement,2,с.Сарыбас 1,Сарыбас 1 а.
635843517,NK RK 11-2025,settlement,2,с.Таскудык,Тасқұдық а.
635843519,NK RK 11-2025,settlement,2,с. Туйекора,Түйеқора а.
635847000,NK RK 11-2025,sub_district,2,Карасуский с.о.,Қарасу а.о.
635847100,NK RK 11-2025,settlement,2,с.Карасу,Қарасу а.
635847200,NK RK 11-2025,settlement,2,с.Акмектеп,Ақмектеп а.
635847203,NK RK 11-2025,settlement,2,с.Алдаберген,Алдаберген а.
635847204,NK RK 11-2025,settlement,2,с.Алшынбай,Алшынбай а.
635847205,NK RK 11-2025,settlement,2,с.Батколда,Батқолда а.
635847206,NK RK 11-2025,settlement,2,с.Долымбек,Долымбек а.
635847207,NK RK 11-2025,settlement,2,с.Болеккум,Бөлекқұм а.
635847211,NK RK 11-2025,settlement,2,с.Карахан,Қарахан а.
635847213,NK RK 11-2025,settlement,2,с.Кулмандай,Құлмаңдай а.
635847215,NK RK 11-2025,settlement,2,Кызылкора,Қызылқора
635847217,NK RK 11-2025,settlement,2,с.Киши сейт,Кіші сейіт а.
635847219,NK RK 11-2025,settlement,2,с.Манакбай,Манақбай а.
635847221,NK RK 11-2025,settlement,2,с.Мырзахан,Мырзахан а.
635847223,NK RK 11-2025,settlement,2,с.Токабай 1,Тоқабай 1 а.
635847225,NK RK 11-2025,settlement,2,с.Токабай 2,Тоқабай 2 а.
635847227,NK RK 11-2025,settlement,2,с.Улкен сейт,Үлкен сейіт а.
635847400,NK RK 11-2025,settlement,2,с.Жолкурылыс,Жолқұрылысы а.
635847700,NK RK 11-2025,settlement,2,с.Шолакорда,Шолақорда а.
635847702,NK RK 11-2025,settlement,2,с.Аманжол,Аманжол а.
635847703,NK RK 11-2025,settlement,2,с.Арганаты,Арғанаты а.
635847704,NK RK 11-2025,settlement,2,с.Армандас,Армандас а.
635847705,NK RK 11-2025,settlement,2,с.Жиекбай,Жиекбай а.
635847706,NK RK 11-2025,settlement,2,с.Илгидай,Ілгідай а.
635847707,NK RK 11-2025,settlement,2,с.Коксеген,Көксеген а.
635847708,NK RK 11-2025,settlement,2,с.Костобе,Қостөбе а.
635847709,NK RK 11-2025,settlement,2,с.Сембай,Сембай а.
635847711,NK RK 11-2025,settlement,2,с.Токбакбай,Тоқбақбай а.
635847800,NK RK 11-2025,settlement,2,с.Караой,Қараой а.
635847803,NK RK 11-2025,settlement,2,Кабибаза,Қабибазы
635847804,NK RK 11-2025,settlement,2,Калибаза,Қалибазы
635847805,NK RK 11-2025,settlement,2,Кызылкора,Қызылқора
635851000,NK RK 11-2025,sub_district,2,Куйганский с.о.,Құйған а.о.
635851100,NK RK 11-2025,settlement,2,с.Куйган,Құйған а.
635851102,NK RK 11-2025,settlement,2,с.Асемет,Әсемет а.
635851103,NK RK 11-2025,settlement,2,с.Актеке,Ақтеке а.
635851105,NK RK 11-2025,settlement,2,с.Арганаты,Арғанаты а.
635851106,NK RK 11-2025,settlement,2,с.Арганаты 1,Арғанаты 1 а.
635851107,NK RK 11-2025,settlement,2,с.Арганаты 2,Арғанаты 2 а.
635851108,NK RK 11-2025,settlement,2,с.Бектас,Бектас а.
635851109,NK RK 11-2025,settlement,2,с.Болатсу,Болатсу а.
635851111,NK RK 11-2025,settlement,2,с.Жаки,Жәкі а.
635851112,NK RK 11-2025,settlement,2,с.Жакыпбай,Жақыпбай а.
635851113,NK RK 11-2025,settlement,2,с.Кокашы,Көкащы а.
635851114,NK RK 11-2025,settlement,2,с.Кызыбай,Қызыбай а.
635851115,NK RK 11-2025,settlement,2,с.Кызылкайын,Қызылқайың а.
635851116,NK RK 11-2025,settlement,2,с.Кызылкора,Қызылқора а.
635851117,NK RK 11-2025,settlement,2,с.Кызылшокы,Қызылшоқы а.
635851118,NK RK 11-2025,settlement,2,ЛСП,ЛСП
635851119,NK RK 11-2025,settlement,2,с.Ногайбай,Ноғайбай а.
635851121,NK RK 11-2025,settlement,2,с.Сагындык,Сағындық а.
635851123,NK RK 11-2025,settlement,2,с.Тесипаккан,Тесіпаққан а.
635851124,NK RK 11-2025,settlement,2,с.Шахар,Шахар а.
635851200,NK RK 11-2025,settlement,2,с.Жаланаш,Жалаңаш а.
635851202,NK RK 11-2025,settlement,2,с.Аккора,Аққора а.
635851203,NK RK 11-2025,settlement,2,с.Алтай,Алтай а.
635851204,NK RK 11-2025,settlement,2,Отгон,Жайылым
635851205,NK RK 11-2025,settlement,2,с.Жобалай,Жобалай а.
635851206,NK RK 11-2025,settlement,2,с.Ески Алтай,Ескі Алтай а.
635851207,NK RK 11-2025,settlement,2,с.Еспе,Еспе а.
635851209,NK RK 11-2025,settlement,2,с.Нугыман,Нұғыман а.
635851211,NK RK 11-2025,settlement,2,Саден,Сәден
635851212,NK RK 11-2025,settlement,2,с.Жанасаден,Жаңасәден а.
635851213,NK RK 11-2025,settlement,2,с.Ески Саден,Ескі Сәден а.
635851300,NK RK 11-2025,settlement,2,с.Жамбыл,Жамбыл а.
635851302,NK RK 11-2025,settlement,2,с.Айтак,Айтақ а.
635851303,NK RK 11-2025,settlement,2,с.Акшал,Ақшал а.
635851304,NK RK 11-2025,settlement,2,с.Акежантуна,Ақежантуна а.
635851305,NK RK 11-2025,settlement,2,с.Бегетай,Бегетай а.
635851306,NK RK 11-2025,settlement,2,с.Жарык,Жарық а.
635851308,NK RK 11-2025,settlement,2,с.Кокбай,Көкбай а.
635851309,NK RK 11-2025,settlement,2,с.Мошан,Мошан а.
635851311,NK RK 11-2025,settlement,2,с.Уса,Ұса а.
635851312,NK RK 11-2025,settlement,2,с.Акежан,Әкежан а.
635851313,NK RK 11-2025,settlement,2,с.Жанаалтай,Жаңаалтай а.
635851315,NK RK 11-2025,settlement,2,с.Тума,Тұма а.
635857000,NK RK 11-2025,sub_district,2,Маныракский с.о.,Маңырақ а.о.
635857100,NK RK 11-2025,settlement,2,с.Манырак,Маңырақ а.
635857102,NK RK 11-2025,settlement,2,с.Апахай,Апақай а.
635857104,NK RK 11-2025,settlement,2,с.Балагазы,Балағазы а.
635857105,NK RK 11-2025,settlement,2,с.Сарашы,Сарашы а.
635857106,NK RK 11-2025,settlement,2,с.Жыланбай,Жыланбай а.
635857107,NK RK 11-2025,settlement,2,с.Кайырбайбулак,Қайырбайбұлақ а.
635857111,NK RK 11-2025,settlement,2,с.Ленин,Ленин а.
635857115,NK RK 11-2025,settlement,2,с.Сенгир,Сеңгір а.
635857400,NK RK 11-2025,settlement,2,с.Даулетбай,Дәулетбай а.
635857402,NK RK 11-2025,settlement,2,с.Байгонды,Байғонды а.
635857403,NK RK 11-2025,settlement,2,с.Мынбай,Мыңбай а.
635857404,NK RK 11-2025,settlement,2,с.Басбулак,Басбұлақ а.
635857405,NK RK 11-2025,settlement,2,с.Бегенбай,Бөгенбай а.
635857408,NK RK 11-2025,settlement,2,с.Дерели,Дерелі а.
635857409,NK RK 11-2025,settlement,2,с.Иманбай,Иманбай а.
635857412,NK RK 11-2025,settlement,2,с.Коктас,Көктас а.
635857413,NK RK 11-2025,settlement,2,с.Шолак булак,Шолақ бұлақ а.
635857414,NK RK 11-2025,settlement,2,с.Кошкенбай,Көшкенбай а.
635857415,NK RK 11-2025,settlement,2,с.Кызылаши,Қызылащы а.
635857418,NK RK 11-2025,settlement,2,с.Сая,Сая а.
635857419,NK RK 11-2025,settlement,2,с.Сиырбозша,Сиырбозша а.
635863000,NK RK 11-2025,sub_district,2,Тугыльский с.о.,Тұғыл а.о.
635863100,NK RK 11-2025,settlement,2,с.Тугыл,Тұғыл а.
635863105,NK RK 11-2025,settlement,2,с.Байбиче,Бәйбіше а.
635863200,NK RK 11-2025,settlement,2,с.Байтогас,Байтоғас а.
635863202,NK RK 11-2025,settlement,2,с.Актюбек,Ақтүбек а.
635863203,NK RK 11-2025,settlement,2,с.Бесшана,Бесшана а.
635863204,NK RK 11-2025,settlement,2,с.Ески Тугыл,Ескі Тұғыл а.
635863205,NK RK 11-2025,settlement,2,с.Карсакбай,Қарсақбай а.
635863206,NK RK 11-2025,settlement,2,с.Тайтузген,Тайтүзген а.
636200000,NK RK 11-2025,district,2,Уланский район,Ұлан ауданы
636230000,NK RK 11-2025,sub_district,2,с.о.Касыма Кайсенова,Қасым Қайсенов а.о.
636230100,NK RK 11-2025,settlement,2,с.Касыма Кайсенова,Қасым Қайсенов а.
636233000,NK RK 11-2025,sub_district,2,Аблакетский с.о.,Аблакетка а.о.
636233100,NK RK 11-2025,settlement,2,с.Сагыр,Сағыр а.
636233102,NK RK 11-2025,settlement,2,уч.Акбаур,Ақбауыр уч.
636233103,NK RK 11-2025,settlement,2,уч.Жанбай,Жаңбай уч.
636233104,NK RK 11-2025,settlement,2,уч.Займка,Займка уч.
636233105,NK RK 11-2025,settlement,2,уч.Медведка,Медведка уч.
636233106,NK RK 11-2025,settlement,2,отг.Кошанай,Қошанай ж.
636233107,NK RK 11-2025,settlement,2,отг.Макпал,Мақпал ж.
636233108,NK RK 11-2025,settlement,2,отг.Карымсак,Қарымсақ ж.
636233109,NK RK 11-2025,settlement,2,с.Кызыл Тас,Қызыл Тас а.
636233200,NK RK 11-2025,settlement,2,с.Бестерек,Бестерек а.
636233202,NK RK 11-2025,settlement,2,уч.Алдай,Алдай уч.
636233203,NK RK 11-2025,settlement,2,уч.Токсанбай,Тоқсанбай уч.
636233204,NK RK 11-2025,settlement,2,уч.Темеке,Темекі уч.
636233205,NK RK 11-2025,settlement,2,уч.Шоже,Шөже уч.
636233206,NK RK 11-2025,settlement,2,отг.Майтас,Майтас ж.
636233207,NK RK 11-2025,settlement,2,отг.Толекы,Төлекі ж.
636233208,NK RK 11-2025,settlement,2,отг.Томенгы Шоже,Төменгі Шөже  ж.
636233300,NK RK 11-2025,settlement,2,с.Мамай батыра,Мамай батыр а.
636233302,NK RK 11-2025,settlement,2,уч.Карачука,Қарашоқы уч.
636233304,NK RK 11-2025,settlement,2,уч.Подхоз,Қосшар уч.
636233400,NK RK 11-2025,settlement,2,с.Желдиозек,Желдіөзек а.
636235000,NK RK 11-2025,sub_district,2,Азовский с.о.,Азов а.о.
636235100,NK RK 11-2025,settlement,2,с.Ново-Азовое,Жаңа Азов а.
636235180,NK RK 11-2025,settlement,2,с.Азовое,Азовое а.
636235200,NK RK 11-2025,settlement,2,с.Беткудук,Бетқұдық а.
636237000,NK RK 11-2025,sub_district,2,Алмасайский с.о.,Алмасай а.о.
636237100,NK RK 11-2025,settlement,2,с.Алмасай,Алмасай а.
636237105,NK RK 11-2025,settlement,2,Заимка в с. Алмасай,Заимка в с.Алмасай
636237106,NK RK 11-2025,settlement,2,Заимка в с. Б.Утепов,Заимка в с.Б.Утепов
636237200,NK RK 11-2025,settlement,2,с.Баяш Утепов,Баяш Өтепов а.
636237500,NK RK 11-2025,settlement,2,с.Сарыөзек,Сарыөзек а.
636239000,NK RK 11-2025,sub_district,2,Асубулакский с.о.,Асубұлақ а.о.
636239100,NK RK 11-2025,settlement,2,с.Асубулак,Асубұлақ а.
636239200,NK RK 11-2025,settlement,2,с.Белогорское,Белогорское а.
636239205,NK RK 11-2025,settlement,2,с.Нижняя Таинта,Нижняя Тайынты а.
636243000,NK RK 11-2025,sub_district,2,Багратионовский с.о.,Багратионов а.о.
636243100,NK RK 11-2025,settlement,2,с.Привольное,Привольное а.
636243200,NK RK 11-2025,settlement,2,с.Митрофановка,Митрофановка а.
636249000,NK RK 11-2025,sub_district,2,Егинсуский с.о.,Егінсу а.о.
636249100,NK RK 11-2025,settlement,2,с.Уланское,Ұлан а.
636249102,NK RK 11-2025,settlement,2,отг.Боранбай,Боранбай ж.
636249104,NK RK 11-2025,settlement,2,отг.Есенгельды,Есенгелді ж.
636249105,NK RK 11-2025,settlement,2,отг.Жекетап,Жекетап ж.
636249106,NK RK 11-2025,settlement,2,отг.Кушикбай,Күшікбай ж.
636249107,NK RK 11-2025,settlement,2,отг.Саухат,Саухат ж.
636249108,NK RK 11-2025,settlement,2,отг.Сарыбастау,Сарыбастау ж.
636249109,NK RK 11-2025,settlement,2,отг.Танат,Таңат ж.
636249111,NK RK 11-2025,settlement,2,отг.Жумакан,Жұмақан ж.
636249112,NK RK 11-2025,settlement,2,отг.Каскак,Қасқақ ж.
636249113,NK RK 11-2025,settlement,2,отг.Тоганас,Тоғанас ж.
636249200,NK RK 11-2025,settlement,2,с.Бурсак,Бұрсақ а.
636249203,NK RK 11-2025,settlement,2,отг.Старая Канайка,Старая Канайка ж.
636249205,NK RK 11-2025,settlement,2,отг.Мырзат,Мырзат ж.
636249206,NK RK 11-2025,settlement,2,отг.56 км,56 км ж.
636249207,NK RK 11-2025,settlement,2,отг.Жосалы,Жосалы ж.
636249300,NK RK 11-2025,settlement,2,с.Жанузак,Жанұзақ а.
636249302,NK RK 11-2025,settlement,2,отг.Жыланды,Жыланды ж.
636249303,NK RK 11-2025,settlement,2,отг.Карабастау,Қарабастау ж.
636249304,NK RK 11-2025,settlement,2,отг.Корпебай,Көрпебай ж.
636253000,NK RK 11-2025,sub_district,2,Айыртауский с.о.,Айыртау а.о.
636253100,NK RK 11-2025,settlement,2,с.Айыртау,Айыртау а.
636253102,NK RK 11-2025,settlement,2,с.Сартымбет,Сартымбет а.
636253103,NK RK 11-2025,settlement,2,с.Тукуль,Тұқұл а.
636253104,NK RK 11-2025,settlement,2,с.Узунбулак,Ұзынбұлақ а.
636253107,NK RK 11-2025,settlement,2,с.Кадышев Лог,Қадышев Лог а.
636253200,NK RK 11-2025,settlement,2,с.Новая Канайка,Новая Канайка а.
636255000,NK RK 11-2025,sub_district,2,Каменский с.о.,Каменка а.о.
636255100,NK RK 11-2025,settlement,2,с.Каменка,Каменка а.
636255300,NK RK 11-2025,settlement,2,с.Тройницкое,Тройницкое а.
636257000,NK RK 11-2025,sub_district,2,Бозанбайский с.о.,Бозанбай а.о.
636257100,NK RK 11-2025,settlement,2,с.Бозанбай,Бозанбай а.
636257102,NK RK 11-2025,settlement,2,с.Кындык,Қындық а.
636257103,NK RK 11-2025,settlement,2,с.Сатай,Сатай а.
636257104,NK RK 11-2025,settlement,2,с.Тоганас,Тоғанас а.
636257105,NK RK 11-2025,settlement,2,с.Нижний Акчи,Төменгі Ақши а.
636257106,NK RK 11-2025,settlement,2,уч.Амен,Амен уч.
636257107,NK RK 11-2025,settlement,2,уч.Акши,Ақши уч.
636257108,NK RK 11-2025,settlement,2,уч.Диермен,Диірмен уч.
636257109,NK RK 11-2025,settlement,2,с.Акжартас,Ақжартас а.
636257111,NK RK 11-2025,settlement,2,с.Мыншункур,Мыңшұңқыр а.
636257112,NK RK 11-2025,settlement,2,с.Кызылсу,Қызылсу а.
636257200,NK RK 11-2025,settlement,2,с.Алгабас,Алғабас а.
636257202,NK RK 11-2025,settlement,2,уч.Каракезен,Қаракезең уч.
636257203,NK RK 11-2025,settlement,2,с.Майтубек,Майтүбек а.
636257205,NK RK 11-2025,settlement,2,с.Сибирские Озера,Сібіркөлі а.
636263000,NK RK 11-2025,sub_district,2,Огневский с.о.,Огневка а.о.
636263100,NK RK 11-2025,settlement,2,с.Огневка,Огневка  а.
636263200,NK RK 11-2025,settlement,2,с.Смолянка,Смолянка а.
636263400,NK RK 11-2025,settlement,2,с.Жантас,Жантас а.
636265000,NK RK 11-2025,sub_district,2,Усть-Каменогорский с.о.,Өскемен а.о.
636265100,NK RK 11-2025,settlement,2,с.Восточное,Восточное а.
636265200,NK RK 11-2025,settlement,2,с.Донское,Донское а.
636265300,NK RK 11-2025,settlement,2,с.Макеевка,Макеевка а.
636265400,NK RK 11-2025,settlement,2,с.Мирное,Мирное а.
636267000,NK RK 11-2025,sub_district,2,Саратовский с.о.,Саратов а.о.
636267100,NK RK 11-2025,settlement,2,с.Саратовка,Саратовка а.
636267200,NK RK 11-2025,settlement,2,с.Ново-Одесское,Жаңа Одесса а.
636267300,NK RK 11-2025,settlement,2,с.Отрадное,Отрадное а.
636269000,NK RK 11-2025,sub_district,2,Таврический с.о.,Таврия а.о.
636269100,NK RK 11-2025,settlement,2,с.Таврическое,Таврическое а.
636269200,NK RK 11-2025,settlement,2,с.Актобе,Ақтөбе а.
636269300,NK RK 11-2025,settlement,2,с.Пролетарка,Пролетарка а.
636269400,NK RK 11-2025,settlement,2,с.Гагарино,Гагарино а.
636269403,NK RK 11-2025,settlement,2,отг.Центральный,Орталық ж.
636269407,NK RK 11-2025,settlement,2,с.Южное,Южное а.
636273000,NK RK 11-2025,sub_district,2,Таргынский с.о.,Тарғын а.о.
636273100,NK RK 11-2025,settlement,2,с.Таргын,Тарғын а.
636273300,NK RK 11-2025,settlement,2,с.Верхние Таинты,Жоғарғы Тайынты а.
636273400,NK RK 11-2025,settlement,2,с.Манат,Манат а.
636273500,NK RK 11-2025,settlement,2,с.Изгутты Айтыков,Ізгүтті Айтыков а.
636275000,NK RK 11-2025,sub_district,2,Толеген Тохтаровский с.о.,Төлеген Тоқтаров а.о.
636275100,NK RK 11-2025,settlement,2,с.Герасимовка,Герасимовка а.
636275300,NK RK 11-2025,settlement,2,с.Казачье,Казачье а.
636275600,NK RK 11-2025,settlement,2,с.Украинка,Украинка а.
636275603,NK RK 11-2025,settlement,2,Хутор Земляники,Земляники қыстауы
636300000,NK RK 11-2025,district,2,район Үлкен Нарын,Үлкен Нарын ауданы
636330000,NK RK 11-2025,sub_district,2,Улкен Нарынский с.о.,Үлкен Нарын а.о.
636330100,NK RK 11-2025,settlement,2,с.Улкен Нарын,Үлкен Нарын а.
636330200,NK RK 11-2025,settlement,2,с.Балгын,Балғын а.
636330300,NK RK 11-2025,settlement,2,с.Жулдыз,Жұлдыз а.
636330400,NK RK 11-2025,settlement,2,с.Коктерек,Көктерек а.
636330500,NK RK 11-2025,settlement,2,с.Свинчатка,Свинчатка а.
636330600,NK RK 11-2025,settlement,2,с.Кокбастау,Көкбастау а.
636333000,NK RK 11-2025,sub_district,2,Алтынбельский с.о.,Алтынбел а.о.
636333100,NK RK 11-2025,settlement,2,с.Алтынбел,Алтынбел а.
636333200,NK RK 11-2025,settlement,2,с.Егынды,Егінді а.
636333300,NK RK 11-2025,settlement,2,с.Майемер,Майемер а.
636333500,NK RK 11-2025,settlement,2,с.Уштобе,Үштөбе а.
636335000,NK RK 11-2025,sub_district,2,Новополяковский с.о.,Новополяковка а.о.
636335100,NK RK 11-2025,settlement,2,с.Новополяковка,Новополяковка а.
636335200,NK RK 11-2025,settlement,2,с.Бесюй,Бесүй а.
636335400,NK RK 11-2025,settlement,2,с.Каражал,Қаражал а.
636335402,NK RK 11-2025,settlement,2,с.Ульяновка,Ульяновка а.
636335403,NK RK 11-2025,settlement,2,с.Красная Поляна,Красная Поляна а.
636335500,NK RK 11-2025,settlement,2,с.Сенное,Сенное а.
636337000,NK RK 11-2025,sub_district,2,Новохайрузовский с.о.,Ново-Хайрузовка а.о.
636337100,NK RK 11-2025,settlement,2,с.Ново-Хайрузовка,Ново-Хайрузовка а.
636337200,NK RK 11-2025,settlement,2,с.Алыбай,Алыбай а.
636337400,NK RK 11-2025,settlement,2,с.Приморское,Приморское а.
636339000,NK RK 11-2025,sub_district,2,Солдатовский с.о.,Солдатово а.о.
636339100,NK RK 11-2025,settlement,2,с.Солдатово,Солдатово а.
636341000,NK RK 11-2025,sub_district,2,Солоновский с.о.,Солонов а.о.
636341100,NK RK 11-2025,settlement,2,с.Солоновка,Солоновка а.
636341200,NK RK 11-2025,settlement,2,с.Мало Нарымка,Кіші Нарым а.
636800000,NK RK 11-2025,district,4,Шемонаихинский район,Шемонаиха ауданы
636820000,NK RK 11-2025,sub_district,1,Шемонаихинская г.а.,Шемонаиха қ.ә.
636820100,NK RK 11-2025,settlement,1,г.Шемонаиха,Шемонайха қ.
636835000,NK RK 11-2025,sub_district,2,Вавилонский с.о.,Вавилон а.о.
636835100,NK RK 11-2025,settlement,2,с.Камышинка,Қамысты а.
636835200,NK RK 11-2025,settlement,2,с.Горкуново,Горкуново а.
636835300,NK RK 11-2025,settlement,2,с.Кенюхово,Кенюхово а.
636835400,NK RK 11-2025,settlement,2,с.Пруггерово,Пруггерово а.
636835500,NK RK 11-2025,settlement,2,с.Сугатовка,Сугатовка а.
636837000,NK RK 11-2025,sub_district,2,Волчанский с.о.,Волчан а.о.
636837100,NK RK 11-2025,settlement,2,с.Волчанка,Волчанка а.
636837200,NK RK 11-2025,settlement,2,с.Березовка,Березовка а.
636837208,NK RK 11-2025,settlement,2,с.Моисеевка,Моисеевка а.
636837209,NK RK 11-2025,settlement,2,с.Трехгорное,Трехгорное а.
636837500,NK RK 11-2025,settlement,2,с.Кандыковка,Кандыковка а.
636837600,NK RK 11-2025,settlement,2,с.Крюковка,Крюковка а.
636837900,NK RK 11-2025,settlement,2,с.Большая речка,Үлкенөзен а.
636839000,NK RK 11-2025,sub_district,2,Выдрихинский с.о.,Выдриха а.о.
636839100,NK RK 11-2025,settlement,2,с.Выдриха,Выдриха а.
636839200,NK RK 11-2025,settlement,2,с.Межовка,Межовка а.
636841000,NK RK 11-2025,sub_district,2,Верх-Убинский с.о.,Жоғарғыоба а.о.
636841100,NK RK 11-2025,settlement,2,с.Верх-Уба,Жоғарғыоба а.
636841109,NK RK 11-2025,settlement,2,с.Зауба,Зауба а.
636843000,NK RK 11-2025,sub_district,2,Зевакинский с.о.,Зевакин а.о.
636843100,NK RK 11-2025,settlement,2,с.Зевакино,Зевакино а.
636843200,NK RK 11-2025,settlement,2,с.Новая Убинка,Новая Убинка а.
636843400,NK RK 11-2025,settlement,2,с.Убинка,Убинка а.
636845000,NK RK 11-2025,sub_district,2,Каменевский с.о.,Каменев а.о.
636845100,NK RK 11-2025,settlement,2,с.Рассыпное,Рассыпное а.
636845105,NK RK 11-2025,settlement,2,с.Волчовка,Волчовка а.
636845107,NK RK 11-2025,settlement,2,с.Новоселово,Новоселово а.
636845300,NK RK 11-2025,settlement,2,с.Коневка,Коневка а.
636845400,NK RK 11-2025,settlement,2,с.Михайловка,Михайловка а.
636845700,NK RK 11-2025,settlement,2,с.Рулиха,Рулиха а.
636845709,NK RK 11-2025,settlement,2,с.Шапорево,Шапорево а.
636847000,NK RK 11-2025,sub_district,2,Октябрьский с.о.,Октябрь а.о.
636847100,NK RK 11-2025,settlement,2,с.Октябрьское,Октябрское а.
636847103,NK RK 11-2025,settlement,2,с.Садовое,Садовое а.
636847105,NK RK 11-2025,settlement,2,с.Лазовое,Лазовое а.
636847300,NK RK 11-2025,settlement,2,с.Луговое,Луговое а.
636849000,NK RK 11-2025,sub_district,2,Разинский с.о.,Разин а.о.
636849100,NK RK 11-2025,settlement,2,с.Красная Шемонаиха,Красная Шемонаиха а.
636849109,NK RK 11-2025,settlement,2,р.Казахстанский,Қазақстан р.
636849200,NK RK 11-2025,settlement,2,с.Белый Камень,Белый Камень а.
636849400,NK RK 11-2025,settlement,2,с.Медведка,Медведка а.
636857000,NK RK 11-2025,sub_district,2,Первомайский с.о.,Первомай а.о.
636857100,NK RK 11-2025,settlement,2,с.Первомайский,Первомайский а.
636857200,NK RK 11-2025,settlement,2,с.Барашки,Барашки а.
636857300,NK RK 11-2025,settlement,2,с.Ново-Ильинка,Ново-Ильинка а.
636857311,NK RK 11-2025,settlement,2,ст.Фестивальная,Фестивальная ст.
636863000,NK RK 11-2025,sub_district,2,Усть-Таловский с.о.,Усть-Таловка а.о.
636863100,NK RK 11-2025,settlement,2,с.Усть-Таловка,Усть-Таловка а.
636863200,NK RK 11-2025,settlement,2,с.Березовка,Березовка а.
636863400,NK RK 11-2025,settlement,2,с.Половинка,Половинка а.
710000000,NK RK 11-2025,oblast,1,г.Астана,Астана қ.
711110000,NK RK 11-2025,sub_district,1,район Алматы,Алматы ауданы
711210000,NK RK 11-2025,sub_district,1,район Есиль,Есіл ауданы
711310000,NK RK 11-2025,sub_district,1,район Сарыарка,Сарыарқа ауданы
711410000,NK RK 11-2025,sub_district,1,район Байқоңыр,Байқоңыр ауданы
711510000,NK RK 11-2025,sub_district,1,район Нұра,Нұра ауданы
711610000,NK RK 11-2025,sub_district,1,район Сарайшық,Сарайшық ауданы
750000000,NK RK 11-2025,oblast,1,г.Алматы,Алматы қ.
751110000,NK RK 11-2025,sub_district,1,Алмалинский район,Алмалы ауданы
751210000,NK RK 11-2025,sub_district,1,Алатауский район,Алатау ауданы
751310000,NK RK 11-2025,sub_district,1,Ауэзовский район,Әуезов ауданы
751410000,NK RK 11-2025,sub_district,1,Бостандыкский район,Бостандық ауданы
751510000,NK RK 11-2025,sub_district,1,Жетысуский район,Жетісу ауданы
751710000,NK RK 11-2025,sub_district,1,Медеуский район,Медеу ауданы
751810000,NK RK 11-2025,sub_district,1,Наурызбайский район,Наурызбай ауданы
751910000,NK RK 11-2025,sub_district,1,Турксибский район,Түрксіб ауданы
790000000,NK RK 11-2025,oblast,1,г.Шымкент,Шымкент қ.
791110000,NK RK 11-2025,sub_district,1,Абайский район,Абай ауданы
791310000,NK RK 11-2025,sub_district,1,Аль-Фарабийский район,Әл Фараби ауданы
791510000,NK RK 11-2025,sub_district,1,Енбекшинский район,Еңбекші ауданы
791710000,NK RK 11-2025,sub_district,1,Каратауский район,Қаратау ауданы
791910000,NK RK 11-2025,sub_district,1,район Тұран,Тұран ауданы
